date,outlet_id,daypart,tickets,items,revenue_sgd
2024-01-01,OUT-01,Morning,122,168,762.73
2024-01-01,OUT-01,Midday,53,76,537.89
2024-01-01,OUT-01,Evening,17,27,164.35
2024-01-02,OUT-01,Morning,187,279,1184.16
2024-01-02,OUT-01,Midday,68,96,692.68
2024-01-02,OUT-01,Evening,26,37,247.83
2024-01-03,OUT-01,Morning,160,210,1024.48
2024-01-03,OUT-01,Midday,66,102,721.68
2024-01-03,OUT-01,Evening,27,41,263.55
2024-01-04,OUT-01,Morning,124,179,903.85
2024-01-04,OUT-01,Midday,64,92,714.09
2024-01-04,OUT-01,Evening,25,35,228.17
2024-01-05,OUT-01,Morning,190,278,1267.21
2024-01-05,OUT-01,Midday,83,118,894.31
2024-01-05,OUT-01,Evening,30,44,288.76
2024-01-06,OUT-01,Morning,66,102,422.55
2024-01-06,OUT-01,Midday,28,40,273.38
2024-01-06,OUT-01,Evening,10,14,96.41
2024-01-07,OUT-01,Morning,47,65,335.26
2024-01-07,OUT-01,Midday,20,31,226.98
2024-01-07,OUT-01,Evening,8,12,81.28
2024-01-08,OUT-01,Morning,170,247,1063.8
2024-01-08,OUT-01,Midday,62,86,628.4
2024-01-08,OUT-01,Evening,25,37,226.88
2024-01-09,OUT-01,Morning,196,273,1297.69
2024-01-09,OUT-01,Midday,81,125,847.29
2024-01-09,OUT-01,Evening,33,51,287.32
2024-01-10,OUT-01,Morning,198,273,1309.25
2024-01-10,OUT-01,Midday,88,127,894.92
2024-01-10,OUT-01,Evening,33,48,297.62
2024-01-11,OUT-01,Morning,176,251,1252.3
2024-01-11,OUT-01,Midday,88,117,906.04
2024-01-11,OUT-01,Evening,36,54,333.73
2024-01-12,OUT-01,Morning,160,219,1049.98
2024-01-12,OUT-01,Midday,74,107,721.62
2024-01-12,OUT-01,Evening,23,32,215.55
2024-01-13,OUT-01,Morning,52,74,366.79
2024-01-13,OUT-01,Midday,21,31,249.65
2024-01-13,OUT-01,Evening,9,13,82.61
2024-01-14,OUT-01,Morning,47,62,301.62
2024-01-14,OUT-01,Midday,20,31,223.46
2024-01-14,OUT-01,Evening,7,10,64.42
2024-01-15,OUT-01,Morning,178,266,1133.97
2024-01-15,OUT-01,Midday,60,91,677.52
2024-01-15,OUT-01,Evening,27,38,248.3
2024-01-16,OUT-01,Morning,193,283,1258.3
2024-01-16,OUT-01,Midday,81,111,906.12
2024-01-16,OUT-01,Evening,33,51,300.71
2024-01-17,OUT-01,Morning,140,213,950.7
2024-01-17,OUT-01,Midday,75,113,774.47
2024-01-17,OUT-01,Evening,26,36,246.83
2024-01-18,OUT-01,Morning,153,206,948.09
2024-01-18,OUT-01,Midday,64,88,672.4
2024-01-18,OUT-01,Evening,24,35,247.64
2024-01-19,OUT-01,Morning,169,232,1214.68
2024-01-19,OUT-01,Midday,80,114,895.2
2024-01-19,OUT-01,Evening,30,43,269.58
2024-01-20,OUT-01,Morning,55,83,360.77
2024-01-20,OUT-01,Midday,27,40,289.86
2024-01-20,OUT-01,Evening,10,13,87.75
2024-01-21,OUT-01,Morning,41,59,269.08
2024-01-21,OUT-01,Midday,20,29,183.77
2024-01-21,OUT-01,Evening,7,10,63.41
2024-01-22,OUT-01,Morning,152,211,968.77
2024-01-22,OUT-01,Midday,67,101,702.09
2024-01-22,OUT-01,Evening,22,33,219.98
2024-01-23,OUT-01,Morning,165,232,1067.48
2024-01-23,OUT-01,Midday,71,102,722.51
2024-01-23,OUT-01,Evening,23,33,221.64
2024-01-24,OUT-01,Morning,196,277,1224.78
2024-01-24,OUT-01,Midday,73,105,777.45
2024-01-24,OUT-01,Evening,29,43,259.08
2024-01-25,OUT-01,Morning,192,278,1307.01
2024-01-25,OUT-01,Midday,72,89,755.89
2024-01-25,OUT-01,Evening,30,44,274.75
2024-01-26,OUT-01,Morning,142,194,911.95
2024-01-26,OUT-01,Midday,65,93,702.99
2024-01-26,OUT-01,Evening,26,36,232.01
2024-01-27,OUT-01,Morning,70,102,456.37
2024-01-27,OUT-01,Midday,29,42,286.37
2024-01-27,OUT-01,Evening,11,15,97.53
2024-01-28,OUT-01,Morning,42,65,288.14
2024-01-28,OUT-01,Midday,18,25,194.98
2024-01-28,OUT-01,Evening,8,12,75.8
2024-01-29,OUT-01,Morning,194,279,1314.54
2024-01-29,OUT-01,Midday,75,111,745.45
2024-01-29,OUT-01,Evening,25,37,248.57
2024-01-30,OUT-01,Morning,152,226,929.53
2024-01-30,OUT-01,Midday,58,90,580.87
2024-01-30,OUT-01,Evening,27,40,237.7
2024-01-31,OUT-01,Morning,158,228,1077.3
2024-01-31,OUT-01,Midday,66,100,684.27
2024-01-31,OUT-01,Evening,23,32,226.55
2024-02-01,OUT-01,Morning,159,224,1074.96
2024-02-01,OUT-01,Midday,74,112,837.08
2024-02-01,OUT-01,Evening,32,46,279.62
2024-02-02,OUT-01,Morning,126,182,986.99
2024-02-02,OUT-01,Midday,62,83,649.4
2024-02-02,OUT-01,Evening,24,33,222.27
2024-02-03,OUT-01,Morning,66,93,394.3
2024-02-03,OUT-01,Midday,28,40,284.73
2024-02-03,OUT-01,Evening,10,15,93.29
2024-02-04,OUT-01,Morning,37,56,249.71
2024-02-04,OUT-01,Midday,17,24,183.73
2024-02-04,OUT-01,Evening,7,10,58.59
2024-02-05,OUT-01,Morning,152,217,1008.77
2024-02-05,OUT-01,Midday,62,88,730.38
2024-02-05,OUT-01,Evening,32,46,286.18
2024-02-06,OUT-01,Morning,177,254,1172.42
2024-02-06,OUT-01,Midday,65,93,721.56
2024-02-06,OUT-01,Evening,29,43,247.43
2024-02-07,OUT-01,Morning,142,207,1003.03
2024-02-07,OUT-01,Midday,59,85,682.95
2024-02-07,OUT-01,Evening,22,32,220.8
2024-02-08,OUT-01,Morning,161,253,1076.49
2024-02-08,OUT-01,Midday,65,98,637.27
2024-02-08,OUT-01,Evening,23,35,227.13
2024-02-09,OUT-01,Morning,121,175,882.38
2024-02-09,OUT-01,Midday,65,89,673.91
2024-02-09,OUT-01,Evening,25,34,232.99
2024-02-10,OUT-01,Morning,45,64,292.01
2024-02-10,OUT-01,Midday,15,20,177.83
2024-02-10,OUT-01,Evening,6,9,54.49
2024-02-11,OUT-01,Morning,36,58,222.15
2024-02-11,OUT-01,Midday,15,22,151.82
2024-02-11,OUT-01,Evening,5,8,51.79
2024-02-12,OUT-01,Morning,147,205,932.96
2024-02-12,OUT-01,Midday,69,102,756.61
2024-02-12,OUT-01,Evening,27,40,253.03
2024-02-13,OUT-01,Morning,158,238,1204.85
2024-02-13,OUT-01,Midday,73,112,731.51
2024-02-13,OUT-01,Evening,32,47,301.13
2024-02-14,OUT-01,Morning,155,227,1054.24
2024-02-14,OUT-01,Midday,75,106,808.59
2024-02-14,OUT-01,Evening,30,45,272.31
2024-02-15,OUT-01,Morning,170,235,1125.08
2024-02-15,OUT-01,Midday,68,97,710.65
2024-02-15,OUT-01,Evening,27,40,254.3
2024-02-16,OUT-01,Morning,205,293,1231.17
2024-02-16,OUT-01,Midday,83,122,873.53
2024-02-16,OUT-01,Evening,33,48,298.23
2024-02-17,OUT-01,Morning,68,99,440.85
2024-02-17,OUT-01,Midday,27,41,302.55
2024-02-17,OUT-01,Evening,12,18,111.03
2024-02-18,OUT-01,Morning,44,63,278.05
2024-02-18,OUT-01,Midday,16,23,164.07
2024-02-18,OUT-01,Evening,7,11,60.01
2024-02-19,OUT-01,Morning,168,244,1174.25
2024-02-19,OUT-01,Midday,62,91,653.22
2024-02-19,OUT-01,Evening,25,37,219.26
2024-02-20,OUT-01,Morning,194,267,1202.29
2024-02-20,OUT-01,Midday,76,111,777.31
2024-02-20,OUT-01,Evening,30,42,279.64
2024-02-21,OUT-01,Morning,179,289,1137.1
2024-02-21,OUT-01,Midday,74,108,775.33
2024-02-21,OUT-01,Evening,25,37,233.35
2024-02-22,OUT-01,Morning,148,213,973.49
2024-02-22,OUT-01,Midday,81,127,823.93
2024-02-22,OUT-01,Evening,30,43,275.89
2024-02-23,OUT-01,Morning,209,294,1258.31
2024-02-23,OUT-01,Midday,85,125,945.63
2024-02-23,OUT-01,Evening,33,44,292.67
2024-02-24,OUT-01,Morning,61,86,377.16
2024-02-24,OUT-01,Midday,24,35,272.49
2024-02-24,OUT-01,Evening,10,14,85.62
2024-02-25,OUT-01,Morning,53,76,320.81
2024-02-25,OUT-01,Midday,18,26,186.71
2024-02-25,OUT-01,Evening,7,11,68.58
2024-02-26,OUT-01,Morning,148,217,989.09
2024-02-26,OUT-01,Midday,69,95,730.0
2024-02-26,OUT-01,Evening,23,31,215.53
2024-02-27,OUT-01,Morning,210,317,1299.77
2024-02-27,OUT-01,Midday,74,107,839.4
2024-02-27,OUT-01,Evening,32,46,279.99
2024-02-28,OUT-01,Morning,171,239,1154.84
2024-02-28,OUT-01,Midday,79,117,813.48
2024-02-28,OUT-01,Evening,29,39,268.17
2024-02-29,OUT-01,Morning,201,299,1320.34
2024-02-29,OUT-01,Midday,90,133,927.65
2024-02-29,OUT-01,Evening,35,48,320.96
2024-03-01,OUT-01,Morning,128,176,897.95
2024-03-01,OUT-01,Midday,56,88,633.86
2024-03-01,OUT-01,Evening,23,34,210.68
2024-03-02,OUT-01,Morning,52,70,348.39
2024-03-02,OUT-01,Midday,22,33,231.79
2024-03-02,OUT-01,Evening,9,13,75.67
2024-03-03,OUT-01,Morning,49,75,310.83
2024-03-03,OUT-01,Midday,24,34,242.87
2024-03-03,OUT-01,Evening,9,12,74.47
2024-03-04,OUT-01,Morning,194,283,1262.95
2024-03-04,OUT-01,Midday,79,115,815.91
2024-03-04,OUT-01,Evening,33,46,303.55
2024-03-05,OUT-01,Morning,137,209,999.56
2024-03-05,OUT-01,Midday,65,89,652.92
2024-03-05,OUT-01,Evening,20,28,177.49
2024-03-06,OUT-01,Morning,201,305,1297.95
2024-03-06,OUT-01,Midday,98,146,973.07
2024-03-06,OUT-01,Evening,32,46,311.4
2024-03-07,OUT-01,Morning,148,206,987.73
2024-03-07,OUT-01,Midday,80,116,790.42
2024-03-07,OUT-01,Evening,25,36,223.77
2024-03-08,OUT-01,Morning,168,236,1093.14
2024-03-08,OUT-01,Midday,82,115,875.21
2024-03-08,OUT-01,Evening,30,43,265.29
2024-03-09,OUT-01,Morning,80,120,504.72
2024-03-09,OUT-01,Midday,33,50,320.97
2024-03-09,OUT-01,Evening,10,15,101.94
2024-03-10,OUT-01,Morning,35,52,242.62
2024-03-10,OUT-01,Midday,20,29,198.7
2024-03-10,OUT-01,Evening,7,10,65.95
2024-03-11,OUT-01,Morning,155,239,1105.69
2024-03-11,OUT-01,Midday,80,115,814.43
2024-03-11,OUT-01,Evening,30,44,269.03
2024-03-12,OUT-01,Morning,192,283,1166.26
2024-03-12,OUT-01,Midday,82,130,928.01
2024-03-12,OUT-01,Evening,29,39,277.87
2024-03-13,OUT-01,Morning,168,254,1084.32
2024-03-13,OUT-01,Midday,66,94,735.74
2024-03-13,OUT-01,Evening,30,42,262.3
2024-03-14,OUT-01,Morning,178,274,1157.47
2024-03-14,OUT-01,Midday,69,97,707.56
2024-03-14,OUT-01,Evening,31,47,288.48
2024-03-15,OUT-01,Morning,204,323,1181.69
2024-03-15,OUT-01,Midday,75,109,801.91
2024-03-15,OUT-01,Evening,27,42,248.86
2024-03-16,OUT-01,Morning,65,93,381.1
2024-03-16,OUT-01,Midday,26,41,276.91
2024-03-16,OUT-01,Evening,10,14,95.4
2024-03-17,OUT-01,Morning,44,62,296.61
2024-03-17,OUT-01,Midday,16,22,169.43
2024-03-17,OUT-01,Evening,7,10,66.6
2024-03-18,OUT-01,Morning,187,288,1139.72
2024-03-18,OUT-01,Midday,83,123,928.82
2024-03-18,OUT-01,Evening,30,41,285.02
2024-03-19,OUT-01,Morning,156,230,1090.31
2024-03-19,OUT-01,Midday,76,114,813.94
2024-03-19,OUT-01,Evening,27,39,240.86
2024-03-20,OUT-01,Morning,196,308,1231.13
2024-03-20,OUT-01,Midday,74,108,746.22
2024-03-20,OUT-01,Evening,28,44,256.91
2024-03-21,OUT-01,Morning,180,258,1095.36
2024-03-21,OUT-01,Midday,76,120,806.91
2024-03-21,OUT-01,Evening,27,38,232.42
2024-03-22,OUT-01,Morning,180,268,1169.11
2024-03-22,OUT-01,Midday,75,112,856.35
2024-03-22,OUT-01,Evening,28,42,261.72
2024-03-23,OUT-01,Morning,66,96,414.22
2024-03-23,OUT-01,Midday,28,40,285.96
2024-03-23,OUT-01,Evening,10,14,100.32
2024-03-24,OUT-01,Morning,34,47,235.79
2024-03-24,OUT-01,Midday,16,25,176.11
2024-03-24,OUT-01,Evening,6,9,52.2
2024-03-25,OUT-01,Morning,157,236,1023.9
2024-03-25,OUT-01,Midday,66,98,728.97
2024-03-25,OUT-01,Evening,23,34,214.6
2024-03-26,OUT-01,Morning,193,273,1255.29
2024-03-26,OUT-01,Midday,85,122,903.62
2024-03-26,OUT-01,Evening,32,46,316.01
2024-03-27,OUT-01,Morning,196,276,1280.91
2024-03-27,OUT-01,Midday,91,128,940.83
2024-03-27,OUT-01,Evening,29,42,262.17
2024-03-28,OUT-01,Morning,172,253,1140.34
2024-03-28,OUT-01,Midday,73,104,740.44
2024-03-28,OUT-01,Evening,26,37,226.52
2024-03-29,OUT-01,Morning,113,163,729.73
2024-03-29,OUT-01,Midday,45,66,487.98
2024-03-29,OUT-01,Evening,16,24,164.28
2024-03-30,OUT-01,Morning,56,79,359.71
2024-03-30,OUT-01,Midday,25,37,259.72
2024-03-30,OUT-01,Evening,8,11,79.68
2024-03-31,OUT-01,Morning,47,72,316.11
2024-03-31,OUT-01,Midday,20,28,213.2
2024-03-31,OUT-01,Evening,7,11,61.57
2024-04-01,OUT-01,Morning,215,341,1440.23
2024-04-01,OUT-01,Midday,76,109,857.71
2024-04-01,OUT-01,Evening,36,50,297.38
2024-04-02,OUT-01,Morning,169,247,1162.34
2024-04-02,OUT-01,Midday,65,94,731.73
2024-04-02,OUT-01,Evening,24,33,217.73
2024-04-03,OUT-01,Morning,171,259,1153.57
2024-04-03,OUT-01,Midday,66,99,700.85
2024-04-03,OUT-01,Evening,27,41,263.71
2024-04-04,OUT-01,Morning,201,312,1342.17
2024-04-04,OUT-01,Midday,89,130,874.83
2024-04-04,OUT-01,Evening,30,45,270.26
2024-04-05,OUT-01,Morning,181,260,1102.53
2024-04-05,OUT-01,Midday,85,127,903.7
2024-04-05,OUT-01,Evening,34,52,317.08
2024-04-06,OUT-01,Morning,62,87,423.53
2024-04-06,OUT-01,Midday,31,46,314.05
2024-04-06,OUT-01,Evening,12,16,101.25
2024-04-07,OUT-01,Morning,47,72,316.03
2024-04-07,OUT-01,Midday,18,26,184.61
2024-04-07,OUT-01,Evening,7,10,70.18
2024-04-08,OUT-01,Morning,168,249,1130.45
2024-04-08,OUT-01,Midday,77,109,823.26
2024-04-08,OUT-01,Evening,28,43,252.57
2024-04-09,OUT-01,Morning,201,290,1228.7
2024-04-09,OUT-01,Midday,76,104,761.35
2024-04-09,OUT-01,Evening,31,48,280.23
2024-04-10,OUT-01,Morning,114,159,782.01
2024-04-10,OUT-01,Midday,46,67,503.71
2024-04-10,OUT-01,Evening,20,28,184.51
2024-04-11,OUT-01,Morning,171,254,1107.05
2024-04-11,OUT-01,Midday,82,121,800.75
2024-04-11,OUT-01,Evening,33,49,294.44
2024-04-12,OUT-01,Morning,168,238,1138.04
2024-04-12,OUT-01,Midday,65,96,745.27
2024-04-12,OUT-01,Evening,24,35,204.03
2024-04-13,OUT-01,Morning,66,97,429.2
2024-04-13,OUT-01,Midday,32,46,326.78
2024-04-13,OUT-01,Evening,10,15,92.23
2024-04-14,OUT-01,Morning,42,64,274.43
2024-04-14,OUT-01,Midday,21,29,216.81
2024-04-14,OUT-01,Evening,8,12,71.65
2024-04-15,OUT-01,Morning,215,325,1363.6
2024-04-15,OUT-01,Midday,74,114,855.79
2024-04-15,OUT-01,Evening,31,45,282.46
2024-04-16,OUT-01,Morning,126,181,854.29
2024-04-16,OUT-01,Midday,60,87,629.69
2024-04-16,OUT-01,Evening,22,35,207.55
2024-04-17,OUT-01,Morning,213,313,1346.1
2024-04-17,OUT-01,Midday,78,106,815.61
2024-04-17,OUT-01,Evening,33,52,297.79
2024-04-18,OUT-01,Morning,174,236,1253.68
2024-04-18,OUT-01,Midday,74,103,849.25
2024-04-18,OUT-01,Evening,28,43,293.07
2024-04-19,OUT-01,Morning,160,248,1007.37
2024-04-19,OUT-01,Midday,69,96,744.76
2024-04-19,OUT-01,Evening,26,38,243.05
2024-04-20,OUT-01,Morning,60,88,392.34
2024-04-20,OUT-01,Midday,27,38,305.62
2024-04-20,OUT-01,Evening,10,15,95.29
2024-04-21,OUT-01,Morning,41,62,261.2
2024-04-21,OUT-01,Midday,18,25,198.08
2024-04-21,OUT-01,Evening,7,11,65.79
2024-04-22,OUT-01,Morning,150,227,1069.67
2024-04-22,OUT-01,Midday,69,104,745.17
2024-04-22,OUT-01,Evening,24,36,227.11
2024-04-23,OUT-01,Morning,153,228,1021.72
2024-04-23,OUT-01,Midday,63,91,709.89
2024-04-23,OUT-01,Evening,23,33,217.52
2024-04-24,OUT-01,Morning,220,314,1451.75
2024-04-24,OUT-01,Midday,83,123,921.64
2024-04-24,OUT-01,Evening,27,43,259.35
2024-04-25,OUT-01,Morning,208,299,1260.43
2024-04-25,OUT-01,Midday,94,148,936.56
2024-04-25,OUT-01,Evening,37,53,320.16
2024-04-26,OUT-01,Morning,163,227,1053.83
2024-04-26,OUT-01,Midday,63,92,733.44
2024-04-26,OUT-01,Evening,27,40,241.09
2024-04-27,OUT-01,Morning,66,105,410.29
2024-04-27,OUT-01,Midday,27,38,288.84
2024-04-27,OUT-01,Evening,11,16,97.44
2024-04-28,OUT-01,Morning,43,62,273.98
2024-04-28,OUT-01,Midday,20,30,220.67
2024-04-28,OUT-01,Evening,8,12,70.6
2024-04-29,OUT-01,Morning,138,199,981.54
2024-04-29,OUT-01,Midday,62,89,635.18
2024-04-29,OUT-01,Evening,23,32,210.62
2024-04-30,OUT-01,Morning,169,243,1045.61
2024-04-30,OUT-01,Midday,71,104,749.41
2024-04-30,OUT-01,Evening,23,31,203.27
2024-05-01,OUT-01,Morning,107,164,782.39
2024-05-01,OUT-01,Midday,58,84,572.89
2024-05-01,OUT-01,Evening,21,33,182.33
2024-05-02,OUT-01,Morning,159,217,1054.46
2024-05-02,OUT-01,Midday,71,103,705.02
2024-05-02,OUT-01,Evening,24,35,227.45
2024-05-03,OUT-01,Morning,158,209,985.18
2024-05-03,OUT-01,Midday,73,113,795.39
2024-05-03,OUT-01,Evening,29,41,259.9
2024-05-04,OUT-01,Morning,60,88,398.86
2024-05-04,OUT-01,Midday,33,46,341.48
2024-05-04,OUT-01,Evening,10,14,93.74
2024-05-05,OUT-01,Morning,43,62,302.69
2024-05-05,OUT-01,Midday,19,28,195.03
2024-05-05,OUT-01,Evening,8,13,72.05
2024-05-06,OUT-01,Morning,174,258,1165.71
2024-05-06,OUT-01,Midday,78,114,792.24
2024-05-06,OUT-01,Evening,28,37,255.3
2024-05-07,OUT-01,Morning,150,219,993.17
2024-05-07,OUT-01,Midday,79,104,841.51
2024-05-07,OUT-01,Evening,27,37,251.31
2024-05-08,OUT-01,Morning,134,194,958.06
2024-05-08,OUT-01,Midday,64,93,736.17
2024-05-08,OUT-01,Evening,21,32,212.45
2024-05-09,OUT-01,Morning,167,244,1114.26
2024-05-09,OUT-01,Midday,82,127,821.11
2024-05-09,OUT-01,Evening,30,44,253.19
2024-05-10,OUT-01,Morning,133,188,910.69
2024-05-10,OUT-01,Midday,55,85,603.84
2024-05-10,OUT-01,Evening,23,32,226.35
2024-05-11,OUT-01,Morning,63,92,432.26
2024-05-11,OUT-01,Midday,28,42,280.35
2024-05-11,OUT-01,Evening,12,17,105.17
2024-05-12,OUT-01,Morning,49,64,330.43
2024-05-12,OUT-01,Midday,20,28,204.98
2024-05-12,OUT-01,Evening,10,15,90.92
2024-05-13,OUT-01,Morning,211,308,1420.0
2024-05-13,OUT-01,Midday,79,121,832.03
2024-05-13,OUT-01,Evening,36,52,325.94
2024-05-14,OUT-01,Morning,259,388,1673.98
2024-05-14,OUT-01,Midday,105,147,1046.04
2024-05-14,OUT-01,Evening,34,49,301.44
2024-05-15,OUT-01,Morning,183,284,1187.62
2024-05-15,OUT-01,Midday,80,119,834.64
2024-05-15,OUT-01,Evening,31,46,269.96
2024-05-16,OUT-01,Morning,190,283,1272.14
2024-05-16,OUT-01,Midday,78,110,837.23
2024-05-16,OUT-01,Evening,30,44,271.93
2024-05-17,OUT-01,Morning,139,211,928.5
2024-05-17,OUT-01,Midday,58,86,640.08
2024-05-17,OUT-01,Evening,25,38,230.25
2024-05-18,OUT-01,Morning,76,113,465.99
2024-05-18,OUT-01,Midday,29,45,305.63
2024-05-18,OUT-01,Evening,10,15,95.59
2024-05-19,OUT-01,Morning,47,64,289.67
2024-05-19,OUT-01,Midday,18,25,188.2
2024-05-19,OUT-01,Evening,7,10,63.94
2024-05-20,OUT-01,Morning,139,210,976.18
2024-05-20,OUT-01,Midday,68,105,717.73
2024-05-20,OUT-01,Evening,23,35,201.3
2024-05-21,OUT-01,Morning,189,280,1156.76
2024-05-21,OUT-01,Midday,88,121,865.43
2024-05-21,OUT-01,Evening,25,36,241.86
2024-05-22,OUT-01,Morning,127,191,809.86
2024-05-22,OUT-01,Midday,50,72,542.85
2024-05-22,OUT-01,Evening,19,28,180.32
2024-05-23,OUT-01,Morning,191,263,1293.92
2024-05-23,OUT-01,Midday,84,127,952.89
2024-05-23,OUT-01,Evening,39,57,328.3
2024-05-24,OUT-01,Morning,166,231,1101.47
2024-05-24,OUT-01,Midday,84,124,805.26
2024-05-24,OUT-01,Evening,30,44,266.49
2024-05-25,OUT-01,Morning,49,71,322.97
2024-05-25,OUT-01,Midday,22,31,225.52
2024-05-25,OUT-01,Evening,9,13,79.07
2024-05-26,OUT-01,Morning,54,77,367.53
2024-05-26,OUT-01,Midday,18,27,222.7
2024-05-26,OUT-01,Evening,9,13,76.87
2024-05-27,OUT-01,Morning,161,239,1096.75
2024-05-27,OUT-01,Midday,79,113,839.66
2024-05-27,OUT-01,Evening,29,42,259.65
2024-05-28,OUT-01,Morning,155,216,1008.84
2024-05-28,OUT-01,Midday,76,110,757.67
2024-05-28,OUT-01,Evening,25,35,231.51
2024-05-29,OUT-01,Morning,176,245,1219.16
2024-05-29,OUT-01,Midday,73,101,802.67
2024-05-29,OUT-01,Evening,31,45,282.39
2024-05-30,OUT-01,Morning,160,246,1051.74
2024-05-30,OUT-01,Midday,63,93,707.01
2024-05-30,OUT-01,Evening,27,41,241.08
2024-05-31,OUT-01,Morning,170,250,1092.4
2024-05-31,OUT-01,Midday,54,74,609.14
2024-05-31,OUT-01,Evening,27,39,264.49
2024-06-01,OUT-01,Morning,60,90,404.7
2024-06-01,OUT-01,Midday,28,41,305.66
2024-06-01,OUT-01,Evening,10,15,93.0
2024-06-02,OUT-01,Morning,45,61,285.5
2024-06-02,OUT-01,Midday,16,22,167.5
2024-06-02,OUT-01,Evening,6,9,54.89
2024-06-03,OUT-01,Morning,159,229,1105.3
2024-06-03,OUT-01,Midday,57,86,646.01
2024-06-03,OUT-01,Evening,28,41,254.19
2024-06-04,OUT-01,Morning,178,261,1160.64
2024-06-04,OUT-01,Midday,86,127,966.47
2024-06-04,OUT-01,Evening,30,43,290.66
2024-06-05,OUT-01,Morning,153,227,1098.12
2024-06-05,OUT-01,Midday,56,86,612.7
2024-06-05,OUT-01,Evening,25,37,223.45
2024-06-06,OUT-01,Morning,194,291,1279.75
2024-06-06,OUT-01,Midday,77,111,817.49
2024-06-06,OUT-01,Evening,29,44,268.65
2024-06-07,OUT-01,Morning,206,292,1272.12
2024-06-07,OUT-01,Midday,70,100,748.14
2024-06-07,OUT-01,Evening,28,37,258.47
2024-06-08,OUT-01,Morning,71,104,483.75
2024-06-08,OUT-01,Midday,33,50,334.87
2024-06-08,OUT-01,Evening,9,13,96.31
2024-06-09,OUT-01,Morning,41,58,259.69
2024-06-09,OUT-01,Midday,18,29,182.1
2024-06-09,OUT-01,Evening,7,10,62.39
2024-06-10,OUT-01,Morning,175,261,1208.15
2024-06-10,OUT-01,Midday,80,107,789.84
2024-06-10,OUT-01,Evening,27,38,238.35
2024-06-11,OUT-01,Morning,168,226,1054.47
2024-06-11,OUT-01,Midday,71,103,714.17
2024-06-11,OUT-01,Evening,26,40,239.88
2024-06-12,OUT-01,Morning,154,229,1035.83
2024-06-12,OUT-01,Midday,71,108,755.09
2024-06-12,OUT-01,Evening,25,35,222.83
2024-06-13,OUT-01,Morning,182,255,1149.83
2024-06-13,OUT-01,Midday,97,132,888.28
2024-06-13,OUT-01,Evening,32,43,310.88
2024-06-14,OUT-01,Morning,143,221,974.5
2024-06-14,OUT-01,Midday,83,122,795.3
2024-06-14,OUT-01,Evening,24,35,235.85
2024-06-15,OUT-01,Morning,64,94,446.18
2024-06-15,OUT-01,Midday,34,46,368.22
2024-06-15,OUT-01,Evening,12,16,105.71
2024-06-16,OUT-01,Morning,55,75,343.36
2024-06-16,OUT-01,Midday,22,31,236.87
2024-06-16,OUT-01,Evening,8,12,73.44
2024-06-17,OUT-01,Morning,160,239,1098.33
2024-06-17,OUT-01,Midday,64,100,686.17
2024-06-17,OUT-01,Evening,28,38,266.85
2024-06-18,OUT-01,Morning,157,220,1046.49
2024-06-18,OUT-01,Midday,69,107,735.67
2024-06-18,OUT-01,Evening,27,39,239.65
2024-06-19,OUT-01,Morning,154,221,1075.56
2024-06-19,OUT-01,Midday,78,108,838.28
2024-06-19,OUT-01,Evening,24,33,208.19
2024-06-20,OUT-01,Morning,184,260,1318.11
2024-06-20,OUT-01,Midday,88,125,922.87
2024-06-20,OUT-01,Evening,31,43,307.98
2024-06-21,OUT-01,Morning,194,296,1268.55
2024-06-21,OUT-01,Midday,81,120,855.24
2024-06-21,OUT-01,Evening,29,42,272.53
2024-06-22,OUT-01,Morning,61,89,418.47
2024-06-22,OUT-01,Midday,28,42,303.53
2024-06-22,OUT-01,Evening,11,16,100.12
2024-06-23,OUT-01,Morning,38,55,273.22
2024-06-23,OUT-01,Midday,18,26,196.91
2024-06-23,OUT-01,Evening,6,8,60.49
2024-06-24,OUT-01,Morning,170,248,1184.73
2024-06-24,OUT-01,Midday,97,130,965.9
2024-06-24,OUT-01,Evening,31,43,291.48
2024-06-25,OUT-01,Morning,202,308,1313.12
2024-06-25,OUT-01,Midday,89,126,932.09
2024-06-25,OUT-01,Evening,26,37,272.96
2024-06-26,OUT-01,Morning,164,240,1016.48
2024-06-26,OUT-01,Midday,68,99,669.74
2024-06-26,OUT-01,Evening,22,31,212.14
2024-06-27,OUT-01,Morning,184,267,1224.28
2024-06-27,OUT-01,Midday,74,110,806.33
2024-06-27,OUT-01,Evening,32,44,272.89
2024-06-28,OUT-01,Morning,169,232,1055.36
2024-06-28,OUT-01,Midday,71,99,732.45
2024-06-28,OUT-01,Evening,24,32,229.52
2024-06-29,OUT-01,Morning,55,86,359.17
2024-06-29,OUT-01,Midday,28,41,304.42
2024-06-29,OUT-01,Evening,10,14,98.42
2024-06-30,OUT-01,Morning,41,65,308.65
2024-06-30,OUT-01,Midday,19,27,224.47
2024-06-30,OUT-01,Evening,9,13,77.85
2024-07-01,OUT-01,Morning,190,254,1265.13
2024-07-01,OUT-01,Midday,93,121,979.47
2024-07-01,OUT-01,Evening,29,41,256.9
2024-07-02,OUT-01,Morning,186,279,1135.33
2024-07-02,OUT-01,Midday,75,110,786.39
2024-07-02,OUT-01,Evening,32,49,272.67
2024-07-03,OUT-01,Morning,164,224,1118.12
2024-07-03,OUT-01,Midday,79,125,803.16
2024-07-03,OUT-01,Evening,31,45,300.48
2024-07-04,OUT-01,Morning,183,269,1151.31
2024-07-04,OUT-01,Midday,76,108,825.62
2024-07-04,OUT-01,Evening,27,40,250.99
2024-07-05,OUT-01,Morning,164,241,1080.12
2024-07-05,OUT-01,Midday,67,99,699.26
2024-07-05,OUT-01,Evening,31,45,280.61
2024-07-06,OUT-01,Morning,61,91,433.36
2024-07-06,OUT-01,Midday,31,45,299.14
2024-07-06,OUT-01,Evening,11,16,105.29
2024-07-07,OUT-01,Morning,46,68,307.33
2024-07-07,OUT-01,Midday,16,24,168.57
2024-07-07,OUT-01,Evening,6,9,54.79
2024-07-08,OUT-01,Morning,151,201,1039.88
2024-07-08,OUT-01,Midday,69,102,745.27
2024-07-08,OUT-01,Evening,28,43,261.39
2024-07-09,OUT-01,Morning,177,256,1129.64
2024-07-09,OUT-01,Midday,70,103,764.51
2024-07-09,OUT-01,Evening,27,40,240.85
2024-07-10,OUT-01,Morning,153,225,1034.99
2024-07-10,OUT-01,Midday,71,90,786.0
2024-07-10,OUT-01,Evening,28,42,254.22
2024-07-11,OUT-01,Morning,125,182,844.14
2024-07-11,OUT-01,Midday,58,83,626.29
2024-07-11,OUT-01,Evening,23,33,210.89
2024-07-12,OUT-01,Morning,157,233,1028.88
2024-07-12,OUT-01,Midday,61,94,640.06
2024-07-12,OUT-01,Evening,23,31,220.48
2024-07-13,OUT-01,Morning,59,85,381.24
2024-07-13,OUT-01,Midday,23,35,254.71
2024-07-13,OUT-01,Evening,11,16,101.43
2024-07-14,OUT-01,Morning,39,56,262.83
2024-07-14,OUT-01,Midday,18,28,200.51
2024-07-14,OUT-01,Evening,6,9,59.06
2024-07-15,OUT-01,Morning,154,226,1037.76
2024-07-15,OUT-01,Midday,66,87,702.67
2024-07-15,OUT-01,Evening,31,45,268.68
2024-07-16,OUT-01,Morning,157,230,996.64
2024-07-16,OUT-01,Midday,65,94,726.82
2024-07-16,OUT-01,Evening,25,35,242.14
2024-07-17,OUT-01,Morning,150,221,994.68
2024-07-17,OUT-01,Midday,75,104,744.55
2024-07-17,OUT-01,Evening,27,41,266.02
2024-07-18,OUT-01,Morning,201,280,1315.86
2024-07-18,OUT-01,Midday,88,132,897.42
2024-07-18,OUT-01,Evening,31,46,297.81
2024-07-19,OUT-01,Morning,171,243,1087.26
2024-07-19,OUT-01,Midday,62,93,676.79
2024-07-19,OUT-01,Evening,26,39,259.95
2024-07-20,OUT-01,Morning,62,88,412.31
2024-07-20,OUT-01,Midday,26,40,273.47
2024-07-20,OUT-01,Evening,10,14,91.32
2024-07-21,OUT-01,Morning,50,73,328.78
2024-07-21,OUT-01,Midday,17,24,188.79
2024-07-21,OUT-01,Evening,8,12,71.22
2024-07-22,OUT-01,Morning,180,256,1164.64
2024-07-22,OUT-01,Midday,71,96,779.67
2024-07-22,OUT-01,Evening,33,47,280.19
2024-07-23,OUT-01,Morning,169,257,1162.02
2024-07-23,OUT-01,Midday,64,93,764.74
2024-07-23,OUT-01,Evening,29,44,274.38
2024-07-24,OUT-01,Morning,214,308,1335.34
2024-07-24,OUT-01,Midday,79,110,832.69
2024-07-24,OUT-01,Evening,30,45,275.25
2024-07-25,OUT-01,Morning,197,287,1262.81
2024-07-25,OUT-01,Midday,83,114,867.56
2024-07-25,OUT-01,Evening,29,42,271.93
2024-07-26,OUT-01,Morning,179,257,1250.36
2024-07-26,OUT-01,Midday,90,125,867.93
2024-07-26,OUT-01,Evening,32,47,306.47
2024-07-27,OUT-01,Morning,85,120,552.66
2024-07-27,OUT-01,Midday,33,48,364.79
2024-07-27,OUT-01,Evening,11,17,118.09
2024-07-28,OUT-01,Morning,42,61,259.9
2024-07-28,OUT-01,Midday,19,26,181.84
2024-07-28,OUT-01,Evening,6,9,52.55
2024-07-29,OUT-01,Morning,176,246,1132.86
2024-07-29,OUT-01,Midday,72,104,702.11
2024-07-29,OUT-01,Evening,28,42,250.92
2024-07-30,OUT-01,Morning,194,283,1228.49
2024-07-30,OUT-01,Midday,85,123,873.72
2024-07-30,OUT-01,Evening,27,37,268.59
2024-07-31,OUT-01,Morning,157,226,1090.37
2024-07-31,OUT-01,Midday,71,100,748.05
2024-07-31,OUT-01,Evening,28,38,252.3
2024-08-01,OUT-01,Morning,143,221,991.38
2024-08-01,OUT-01,Midday,69,103,691.41
2024-08-01,OUT-01,Evening,26,38,243.96
2024-08-02,OUT-01,Morning,159,220,1036.09
2024-08-02,OUT-01,Midday,71,104,723.67
2024-08-02,OUT-01,Evening,24,34,251.9
2024-08-03,OUT-01,Morning,66,100,418.42
2024-08-03,OUT-01,Midday,24,34,268.38
2024-08-03,OUT-01,Evening,8,12,79.59
2024-08-04,OUT-01,Morning,45,63,309.95
2024-08-04,OUT-01,Midday,20,29,220.59
2024-08-04,OUT-01,Evening,8,11,77.28
2024-08-05,OUT-01,Morning,217,332,1345.0
2024-08-05,OUT-01,Midday,77,110,842.03
2024-08-05,OUT-01,Evening,25,36,251.76
2024-08-06,OUT-01,Morning,151,216,1046.03
2024-08-06,OUT-01,Midday,58,81,662.02
2024-08-06,OUT-01,Evening,28,38,249.22
2024-08-07,OUT-01,Morning,201,293,1331.02
2024-08-07,OUT-01,Midday,82,121,830.7
2024-08-07,OUT-01,Evening,35,50,312.18
2024-08-08,OUT-01,Morning,241,364,1517.28
2024-08-08,OUT-01,Midday,88,141,942.43
2024-08-08,OUT-01,Evening,31,47,290.47
2024-08-09,OUT-01,Morning,137,200,802.94
2024-08-09,OUT-01,Midday,53,72,569.8
2024-08-09,OUT-01,Evening,19,28,178.94
2024-08-10,OUT-01,Morning,58,80,382.12
2024-08-10,OUT-01,Midday,29,43,289.86
2024-08-10,OUT-01,Evening,10,14,90.78
2024-08-11,OUT-01,Morning,47,65,312.1
2024-08-11,OUT-01,Midday,19,29,197.51
2024-08-11,OUT-01,Evening,7,10,60.73
2024-08-12,OUT-01,Morning,147,204,1033.19
2024-08-12,OUT-01,Midday,65,100,642.71
2024-08-12,OUT-01,Evening,29,42,252.82
2024-08-13,OUT-01,Morning,152,237,963.64
2024-08-13,OUT-01,Midday,75,110,746.22
2024-08-13,OUT-01,Evening,24,35,221.37
2024-08-14,OUT-01,Morning,188,289,1221.27
2024-08-14,OUT-01,Midday,69,106,729.35
2024-08-14,OUT-01,Evening,25,38,221.9
2024-08-15,OUT-01,Morning,155,249,1021.6
2024-08-15,OUT-01,Midday,83,113,849.48
2024-08-15,OUT-01,Evening,23,31,226.34
2024-08-16,OUT-01,Morning,155,224,941.69
2024-08-16,OUT-01,Midday,64,92,681.86
2024-08-16,OUT-01,Evening,23,33,232.31
2024-08-17,OUT-01,Morning,56,86,363.47
2024-08-17,OUT-01,Midday,24,37,258.25
2024-08-17,OUT-01,Evening,8,12,80.26
2024-08-18,OUT-01,Morning,52,78,347.98
2024-08-18,OUT-01,Midday,23,34,244.92
2024-08-18,OUT-01,Evening,8,12,66.94
2024-08-19,OUT-01,Morning,187,249,1220.88
2024-08-19,OUT-01,Midday,81,120,779.69
2024-08-19,OUT-01,Evening,26,39,240.25
2024-08-20,OUT-01,Morning,149,216,974.81
2024-08-20,OUT-01,Midday,71,102,725.34
2024-08-20,OUT-01,Evening,22,34,217.45
2024-08-21,OUT-01,Morning,172,239,1127.71
2024-08-21,OUT-01,Midday,74,113,784.48
2024-08-21,OUT-01,Evening,27,38,264.68
2024-08-22,OUT-01,Morning,187,274,1169.61
2024-08-22,OUT-01,Midday,73,113,769.5
2024-08-22,OUT-01,Evening,24,36,237.5
2024-08-23,OUT-01,Morning,154,206,1062.57
2024-08-23,OUT-01,Midday,58,84,706.74
2024-08-23,OUT-01,Evening,24,34,211.61
2024-08-24,OUT-01,Morning,68,99,481.53
2024-08-24,OUT-01,Midday,30,41,307.63
2024-08-24,OUT-01,Evening,13,18,124.23
2024-08-25,OUT-01,Morning,43,64,274.15
2024-08-25,OUT-01,Midday,20,30,199.56
2024-08-25,OUT-01,Evening,7,10,66.86
2024-08-26,OUT-01,Morning,160,261,1027.22
2024-08-26,OUT-01,Midday,66,96,682.39
2024-08-26,OUT-01,Evening,29,40,270.26
2024-08-27,OUT-01,Morning,139,200,922.99
2024-08-27,OUT-01,Midday,67,90,643.96
2024-08-27,OUT-01,Evening,25,36,252.74
2024-08-28,OUT-01,Morning,174,260,1136.93
2024-08-28,OUT-01,Midday,73,110,705.63
2024-08-28,OUT-01,Evening,32,45,293.67
2024-08-29,OUT-01,Morning,158,246,1137.62
2024-08-29,OUT-01,Midday,73,112,773.11
2024-08-29,OUT-01,Evening,28,43,262.21
2024-08-30,OUT-01,Morning,203,293,1355.46
2024-08-30,OUT-01,Midday,80,114,863.1
2024-08-30,OUT-01,Evening,29,44,285.66
2024-08-31,OUT-01,Morning,54,78,385.84
2024-08-31,OUT-01,Midday,31,44,320.67
2024-08-31,OUT-01,Evening,11,17,98.46
2024-09-01,OUT-01,Morning,42,65,275.69
2024-09-01,OUT-01,Midday,19,29,181.77
2024-09-01,OUT-01,Evening,6,8,59.94
2024-09-02,OUT-01,Morning,161,227,1115.45
2024-09-02,OUT-01,Midday,74,105,811.04
2024-09-02,OUT-01,Evening,26,37,240.84
2024-09-03,OUT-01,Morning,207,307,1311.2
2024-09-03,OUT-01,Midday,61,89,690.37
2024-09-03,OUT-01,Evening,29,43,268.0
2024-09-04,OUT-01,Morning,193,280,1260.07
2024-09-04,OUT-01,Midday,70,106,764.26
2024-09-04,OUT-01,Evening,28,40,264.14
2024-09-05,OUT-01,Morning,158,225,1035.45
2024-09-05,OUT-01,Midday,74,98,879.6
2024-09-05,OUT-01,Evening,30,41,286.35
2024-09-06,OUT-01,Morning,167,246,1049.11
2024-09-06,OUT-01,Midday,66,100,747.23
2024-09-06,OUT-01,Evening,25,35,248.06
2024-09-07,OUT-01,Morning,53,78,380.14
2024-09-07,OUT-01,Midday,26,37,268.38
2024-09-07,OUT-01,Evening,9,13,92.07
2024-09-08,OUT-01,Morning,36,54,219.65
2024-09-08,OUT-01,Midday,16,22,162.0
2024-09-08,OUT-01,Evening,5,8,51.27
2024-09-09,OUT-01,Morning,192,273,1259.66
2024-09-09,OUT-01,Midday,87,129,864.2
2024-09-09,OUT-01,Evening,35,55,309.08
2024-09-10,OUT-01,Morning,167,230,1060.77
2024-09-10,OUT-01,Midday,74,113,802.99
2024-09-10,OUT-01,Evening,29,42,277.12
2024-09-11,OUT-01,Morning,180,271,1213.64
2024-09-11,OUT-01,Midday,77,123,813.6
2024-09-11,OUT-01,Evening,24,35,241.87
2024-09-12,OUT-01,Morning,217,335,1348.28
2024-09-12,OUT-01,Midday,94,146,1046.28
2024-09-12,OUT-01,Evening,37,53,319.76
2024-09-13,OUT-01,Morning,148,221,966.31
2024-09-13,OUT-01,Midday,58,81,597.77
2024-09-13,OUT-01,Evening,24,38,225.81
2024-09-14,OUT-01,Morning,43,60,279.86
2024-09-14,OUT-01,Midday,19,26,196.94
2024-09-14,OUT-01,Evening,9,12,77.35
2024-09-15,OUT-01,Morning,39,57,256.05
2024-09-15,OUT-01,Midday,17,24,178.13
2024-09-15,OUT-01,Evening,7,11,57.33
2024-09-16,OUT-01,Morning,142,208,975.82
2024-09-16,OUT-01,Midday,60,86,680.28
2024-09-16,OUT-01,Evening,25,39,235.12
2024-09-17,OUT-01,Morning,175,250,1096.75
2024-09-17,OUT-01,Midday,68,99,705.54
2024-09-17,OUT-01,Evening,23,31,249.91
2024-09-18,OUT-01,Morning,162,235,1095.77
2024-09-18,OUT-01,Midday,66,93,699.61
2024-09-18,OUT-01,Evening,25,34,219.01
2024-09-19,OUT-01,Morning,182,261,1127.8
2024-09-19,OUT-01,Midday,75,100,821.65
2024-09-19,OUT-01,Evening,27,39,254.56
2024-09-20,OUT-01,Morning,170,235,1131.88
2024-09-20,OUT-01,Midday,75,110,803.78
2024-09-20,OUT-01,Evening,21,30,214.08
2024-09-21,OUT-01,Morning,61,86,370.42
2024-09-21,OUT-01,Midday,26,40,268.35
2024-09-21,OUT-01,Evening,10,14,102.86
2024-09-22,OUT-01,Morning,49,68,311.56
2024-09-22,OUT-01,Midday,20,29,212.75
2024-09-22,OUT-01,Evening,8,12,76.31
2024-09-23,OUT-01,Morning,191,279,1176.17
2024-09-23,OUT-01,Midday,66,87,752.2
2024-09-23,OUT-01,Evening,25,35,230.55
2024-09-24,OUT-01,Morning,165,239,1075.89
2024-09-24,OUT-01,Midday,70,103,802.72
2024-09-24,OUT-01,Evening,27,40,237.7
2024-09-25,OUT-01,Morning,173,272,1121.92
2024-09-25,OUT-01,Midday,63,91,668.05
2024-09-25,OUT-01,Evening,24,36,212.0
2024-09-26,OUT-01,Morning,152,220,972.9
2024-09-26,OUT-01,Midday,71,96,735.67
2024-09-26,OUT-01,Evening,24,34,224.6
2024-09-27,OUT-01,Morning,157,220,996.38
2024-09-27,OUT-01,Midday,62,89,661.32
2024-09-27,OUT-01,Evening,25,34,227.2
2024-09-28,OUT-01,Morning,70,98,482.77
2024-09-28,OUT-01,Midday,31,43,313.52
2024-09-28,OUT-01,Evening,11,16,101.37
2024-09-29,OUT-01,Morning,45,64,294.19
2024-09-29,OUT-01,Midday,20,29,188.34
2024-09-29,OUT-01,Evening,8,12,71.04
2024-09-30,OUT-01,Morning,146,206,923.06
2024-09-30,OUT-01,Midday,67,97,672.56
2024-09-30,OUT-01,Evening,25,38,232.04
2024-10-01,OUT-01,Morning,130,179,864.24
2024-10-01,OUT-01,Midday,72,97,678.9
2024-10-01,OUT-01,Evening,23,34,205.61
2024-10-02,OUT-01,Morning,201,307,1301.84
2024-10-02,OUT-01,Midday,88,127,999.99
2024-10-02,OUT-01,Evening,30,42,290.96
2024-10-03,OUT-01,Morning,132,193,849.6
2024-10-03,OUT-01,Midday,51,75,549.4
2024-10-03,OUT-01,Evening,20,29,185.34
2024-10-04,OUT-01,Morning,139,193,997.05
2024-10-04,OUT-01,Midday,73,109,784.15
2024-10-04,OUT-01,Evening,24,35,213.84
2024-10-05,OUT-01,Morning,68,110,452.87
2024-10-05,OUT-01,Midday,30,43,323.74
2024-10-05,OUT-01,Evening,9,14,91.17
2024-10-06,OUT-01,Morning,62,86,380.55
2024-10-06,OUT-01,Midday,24,35,232.68
2024-10-06,OUT-01,Evening,8,11,79.06
2024-10-07,OUT-01,Morning,209,305,1400.43
2024-10-07,OUT-01,Midday,81,128,846.9
2024-10-07,OUT-01,Evening,28,38,271.18
2024-10-08,OUT-01,Morning,139,200,863.2
2024-10-08,OUT-01,Midday,63,90,656.2
2024-10-08,OUT-01,Evening,22,30,212.58
2024-10-09,OUT-01,Morning,190,255,1293.91
2024-10-09,OUT-01,Midday,81,120,944.81
2024-10-09,OUT-01,Evening,34,47,326.01
2024-10-10,OUT-01,Morning,181,263,1237.36
2024-10-10,OUT-01,Midday,67,91,747.69
2024-10-10,OUT-01,Evening,26,36,263.53
2024-10-11,OUT-01,Morning,156,222,1051.1
2024-10-11,OUT-01,Midday,82,125,781.78
2024-10-11,OUT-01,Evening,27,39,266.64
2024-10-12,OUT-01,Morning,64,92,406.24
2024-10-12,OUT-01,Midday,26,38,288.67
2024-10-12,OUT-01,Evening,9,13,87.93
2024-10-13,OUT-01,Morning,38,54,271.21
2024-10-13,OUT-01,Midday,15,22,175.39
2024-10-13,OUT-01,Evening,6,9,60.75
2024-10-14,OUT-01,Morning,168,234,1022.57
2024-10-14,OUT-01,Midday,70,104,738.67
2024-10-14,OUT-01,Evening,29,40,258.27
2024-10-15,OUT-01,Morning,167,264,1144.03
2024-10-15,OUT-01,Midday,79,111,763.61
2024-10-15,OUT-01,Evening,24,35,231.41
2024-10-16,OUT-01,Morning,151,228,1026.95
2024-10-16,OUT-01,Midday,71,107,708.63
2024-10-16,OUT-01,Evening,28,43,261.62
2024-10-17,OUT-01,Morning,157,230,1023.58
2024-10-17,OUT-01,Midday,70,105,695.72
2024-10-17,OUT-01,Evening,27,37,258.5
2024-10-18,OUT-01,Morning,175,261,1154.72
2024-10-18,OUT-01,Midday,61,90,683.07
2024-10-18,OUT-01,Evening,32,47,286.77
2024-10-19,OUT-01,Morning,64,95,416.76
2024-10-19,OUT-01,Midday,25,38,267.25
2024-10-19,OUT-01,Evening,10,14,90.78
2024-10-20,OUT-01,Morning,37,52,252.6
2024-10-20,OUT-01,Midday,16,24,172.18
2024-10-20,OUT-01,Evening,7,10,60.33
2024-10-21,OUT-01,Morning,152,224,1008.69
2024-10-21,OUT-01,Midday,71,108,723.36
2024-10-21,OUT-01,Evening,28,40,255.9
2024-10-22,OUT-01,Morning,183,256,1137.85
2024-10-22,OUT-01,Midday,78,116,829.75
2024-10-22,OUT-01,Evening,35,51,303.92
2024-10-23,OUT-01,Morning,154,222,1063.79
2024-10-23,OUT-01,Midday,74,113,741.05
2024-10-23,OUT-01,Evening,24,36,237.17
2024-10-24,OUT-01,Morning,180,259,1132.57
2024-10-24,OUT-01,Midday,77,119,853.48
2024-10-24,OUT-01,Evening,27,40,257.78
2024-10-25,OUT-01,Morning,168,232,1189.38
2024-10-25,OUT-01,Midday,78,108,855.34
2024-10-25,OUT-01,Evening,30,41,278.22
2024-10-26,OUT-01,Morning,73,108,484.06
2024-10-26,OUT-01,Midday,29,41,312.07
2024-10-26,OUT-01,Evening,11,16,101.95
2024-10-27,OUT-01,Morning,39,56,262.78
2024-10-27,OUT-01,Midday,15,20,161.04
2024-10-27,OUT-01,Evening,6,9,61.96
2024-10-28,OUT-01,Morning,124,176,932.41
2024-10-28,OUT-01,Midday,78,111,779.53
2024-10-28,OUT-01,Evening,28,42,252.56
2024-10-29,OUT-01,Morning,184,273,1212.29
2024-10-29,OUT-01,Midday,68,102,738.8
2024-10-29,OUT-01,Evening,27,40,234.41
2024-10-30,OUT-01,Morning,181,265,1208.44
2024-10-30,OUT-01,Midday,91,125,1023.0
2024-10-30,OUT-01,Evening,32,49,293.81
2024-10-31,OUT-01,Morning,146,213,936.9
2024-10-31,OUT-01,Midday,66,100,672.1
2024-10-31,OUT-01,Evening,22,33,222.92
2024-11-01,OUT-01,Morning,158,226,1051.59
2024-11-01,OUT-01,Midday,75,107,761.82
2024-11-01,OUT-01,Evening,31,46,264.2
2024-11-02,OUT-01,Morning,47,70,333.73
2024-11-02,OUT-01,Midday,22,31,243.38
2024-11-02,OUT-01,Evening,8,11,74.13
2024-11-03,OUT-01,Morning,36,47,221.07
2024-11-03,OUT-01,Midday,19,28,171.44
2024-11-03,OUT-01,Evening,6,9,53.98
2024-11-04,OUT-01,Morning,206,289,1328.15
2024-11-04,OUT-01,Midday,71,103,750.88
2024-11-04,OUT-01,Evening,28,41,255.43
2024-11-05,OUT-01,Morning,160,235,1028.11
2024-11-05,OUT-01,Midday,60,88,652.38
2024-11-05,OUT-01,Evening,23,35,231.73
2024-11-06,OUT-01,Morning,168,235,1113.02
2024-11-06,OUT-01,Midday,69,104,736.17
2024-11-06,OUT-01,Evening,28,41,254.26
2024-11-07,OUT-01,Morning,158,245,1091.47
2024-11-07,OUT-01,Midday,83,124,827.79
2024-11-07,OUT-01,Evening,30,40,270.63
2024-11-08,OUT-01,Morning,148,204,903.48
2024-11-08,OUT-01,Midday,59,85,587.73
2024-11-08,OUT-01,Evening,28,39,253.69
2024-11-09,OUT-01,Morning,76,96,451.02
2024-11-09,OUT-01,Midday,34,49,339.41
2024-11-09,OUT-01,Evening,10,15,94.69
2024-11-10,OUT-01,Morning,37,54,248.72
2024-11-10,OUT-01,Midday,15,20,158.3
2024-11-10,OUT-01,Evening,7,10,66.84
2024-11-11,OUT-01,Morning,119,176,863.46
2024-11-11,OUT-01,Midday,54,77,594.25
2024-11-11,OUT-01,Evening,25,37,252.51
2024-11-12,OUT-01,Morning,144,202,865.44
2024-11-12,OUT-01,Midday,61,92,616.86
2024-11-12,OUT-01,Evening,21,30,196.87
2024-11-13,OUT-01,Morning,156,227,1068.88
2024-11-13,OUT-01,Midday,78,115,800.13
2024-11-13,OUT-01,Evening,33,49,293.79
2024-11-14,OUT-01,Morning,178,260,1135.98
2024-11-14,OUT-01,Midday,78,110,849.75
2024-11-14,OUT-01,Evening,28,39,276.36
2024-11-15,OUT-01,Morning,152,224,989.89
2024-11-15,OUT-01,Midday,67,97,723.42
2024-11-15,OUT-01,Evening,21,31,205.15
2024-11-16,OUT-01,Morning,65,93,437.26
2024-11-16,OUT-01,Midday,24,38,261.49
2024-11-16,OUT-01,Evening,8,11,83.56
2024-11-17,OUT-01,Morning,52,72,344.34
2024-11-17,OUT-01,Midday,25,34,270.51
2024-11-17,OUT-01,Evening,9,13,77.51
2024-11-18,OUT-01,Morning,204,316,1393.26
2024-11-18,OUT-01,Midday,81,123,819.69
2024-11-18,OUT-01,Evening,34,51,316.7
2024-11-19,OUT-01,Morning,149,220,992.23
2024-11-19,OUT-01,Midday,69,94,746.81
2024-11-19,OUT-01,Evening,25,37,234.42
2024-11-20,OUT-01,Morning,147,207,961.38
2024-11-20,OUT-01,Midday,58,90,575.46
2024-11-20,OUT-01,Evening,25,40,223.11
2024-11-21,OUT-01,Morning,129,178,882.2
2024-11-21,OUT-01,Midday,63,94,675.55
2024-11-21,OUT-01,Evening,23,32,206.44
2024-11-22,OUT-01,Morning,130,188,950.75
2024-11-22,OUT-01,Midday,60,81,594.32
2024-11-22,OUT-01,Evening,24,32,234.71
2024-11-23,OUT-01,Morning,65,94,445.97
2024-11-23,OUT-01,Midday,33,47,331.59
2024-11-23,OUT-01,Evening,12,18,102.31
2024-11-24,OUT-01,Morning,45,62,286.8
2024-11-24,OUT-01,Midday,19,26,194.17
2024-11-24,OUT-01,Evening,7,10,68.64
2024-11-25,OUT-01,Morning,203,294,1302.15
2024-11-25,OUT-01,Midday,102,147,1012.09
2024-11-25,OUT-01,Evening,31,43,297.47
2024-11-26,OUT-01,Morning,147,231,964.99
2024-11-26,OUT-01,Midday,75,109,757.49
2024-11-26,OUT-01,Evening,27,38,248.1
2024-11-27,OUT-01,Morning,150,204,951.19
2024-11-27,OUT-01,Midday,68,106,682.12
2024-11-27,OUT-01,Evening,23,34,228.84
2024-11-28,OUT-01,Morning,157,236,1068.4
2024-11-28,OUT-01,Midday,82,132,757.26
2024-11-28,OUT-01,Evening,29,43,283.25
2024-11-29,OUT-01,Morning,172,244,1125.23
2024-11-29,OUT-01,Midday,53,78,612.74
2024-11-29,OUT-01,Evening,18,24,210.37
2024-11-30,OUT-01,Morning,44,67,317.29
2024-11-30,OUT-01,Midday,21,31,201.84
2024-11-30,OUT-01,Evening,8,12,77.79
2024-12-01,OUT-01,Morning,50,68,327.43
2024-12-01,OUT-01,Midday,21,30,223.54
2024-12-01,OUT-01,Evening,9,13,85.73
2024-12-02,OUT-01,Morning,154,220,1020.23
2024-12-02,OUT-01,Midday,65,96,704.26
2024-12-02,OUT-01,Evening,25,35,234.62
2024-12-03,OUT-01,Morning,191,273,1184.7
2024-12-03,OUT-01,Midday,77,113,862.07
2024-12-03,OUT-01,Evening,31,49,269.17
2024-12-04,OUT-01,Morning,179,263,1243.86
2024-12-04,OUT-01,Midday,80,104,855.69
2024-12-04,OUT-01,Evening,29,41,264.62
2024-12-05,OUT-01,Morning,186,265,1160.03
2024-12-05,OUT-01,Midday,73,99,727.19
2024-12-05,OUT-01,Evening,25,35,213.86
2024-12-06,OUT-01,Morning,132,182,823.65
2024-12-06,OUT-01,Midday,58,87,614.54
2024-12-06,OUT-01,Evening,22,33,199.88
2024-12-07,OUT-01,Morning,47,65,333.15
2024-12-07,OUT-01,Midday,22,33,239.97
2024-12-07,OUT-01,Evening,8,12,77.1
2024-12-08,OUT-01,Morning,46,58,288.17
2024-12-08,OUT-01,Midday,17,23,179.21
2024-12-08,OUT-01,Evening,7,9,64.59
2024-12-09,OUT-01,Morning,180,271,1175.05
2024-12-09,OUT-01,Midday,79,110,810.0
2024-12-09,OUT-01,Evening,29,44,263.69
2024-12-10,OUT-01,Morning,156,227,1124.69
2024-12-10,OUT-01,Midday,71,103,791.97
2024-12-10,OUT-01,Evening,31,42,270.67
2024-12-11,OUT-01,Morning,132,200,1030.37
2024-12-11,OUT-01,Midday,87,124,876.63
2024-12-11,OUT-01,Evening,23,34,221.17
2024-12-12,OUT-01,Morning,196,275,1355.1
2024-12-12,OUT-01,Midday,70,103,774.14
2024-12-12,OUT-01,Evening,29,43,277.3
2024-12-13,OUT-01,Morning,136,204,861.6
2024-12-13,OUT-01,Midday,56,81,573.19
2024-12-13,OUT-01,Evening,21,33,200.65
2024-12-14,OUT-01,Morning,57,87,386.52
2024-12-14,OUT-01,Midday,25,37,257.13
2024-12-14,OUT-01,Evening,10,14,98.51
2024-12-15,OUT-01,Morning,49,73,320.22
2024-12-15,OUT-01,Midday,18,27,206.12
2024-12-15,OUT-01,Evening,8,12,69.56
2024-12-16,OUT-01,Morning,160,232,1084.33
2024-12-16,OUT-01,Midday,69,96,789.15
2024-12-16,OUT-01,Evening,27,40,259.5
2024-12-17,OUT-01,Morning,190,285,1290.71
2024-12-17,OUT-01,Midday,81,118,868.91
2024-12-17,OUT-01,Evening,27,43,259.24
2024-12-18,OUT-01,Morning,155,227,999.89
2024-12-18,OUT-01,Midday,51,74,550.98
2024-12-18,OUT-01,Evening,26,36,233.18
2024-12-19,OUT-01,Morning,172,238,1127.11
2024-12-19,OUT-01,Midday,66,99,709.83
2024-12-19,OUT-01,Evening,32,45,284.59
2024-12-20,OUT-01,Morning,142,207,967.8
2024-12-20,OUT-01,Midday,71,102,741.92
2024-12-20,OUT-01,Evening,24,35,214.65
2024-12-21,OUT-01,Morning,63,98,401.27
2024-12-21,OUT-01,Midday,26,38,280.04
2024-12-21,OUT-01,Evening,10,14,84.36
2024-12-22,OUT-01,Morning,49,69,305.75
2024-12-22,OUT-01,Midday,22,33,235.99
2024-12-22,OUT-01,Evening,8,12,76.09
2024-12-23,OUT-01,Morning,170,257,1066.87
2024-12-23,OUT-01,Midday,69,96,698.24
2024-12-23,OUT-01,Evening,26,37,243.02
2024-12-24,OUT-01,Morning,149,226,1058.54
2024-12-24,OUT-01,Midday,77,114,876.74
2024-12-24,OUT-01,Evening,25,37,244.93
2024-12-25,OUT-01,Morning,109,151,683.52
2024-12-25,OUT-01,Midday,43,65,436.56
2024-12-25,OUT-01,Evening,16,22,146.34
2024-12-26,OUT-01,Morning,168,246,1180.44
2024-12-26,OUT-01,Midday,86,118,911.57
2024-12-26,OUT-01,Evening,29,41,262.29
2024-12-27,OUT-01,Morning,210,303,1404.33
2024-12-27,OUT-01,Midday,68,100,730.85
2024-12-27,OUT-01,Evening,32,47,288.31
2024-12-28,OUT-01,Morning,56,73,387.48
2024-12-28,OUT-01,Midday,23,34,234.37
2024-12-28,OUT-01,Evening,9,13,84.31
2024-12-29,OUT-01,Morning,47,70,309.39
2024-12-29,OUT-01,Midday,19,27,179.18
2024-12-29,OUT-01,Evening,6,8,58.2
2024-12-30,OUT-01,Morning,182,266,1169.7
2024-12-30,OUT-01,Midday,79,113,917.21
2024-12-30,OUT-01,Evening,29,42,272.48
2024-12-31,OUT-01,Morning,171,243,1054.13
2024-12-31,OUT-01,Midday,72,107,781.04
2024-12-31,OUT-01,Evening,29,43,252.3
2025-01-01,OUT-01,Morning,99,140,684.6
2025-01-01,OUT-01,Midday,49,74,470.94
2025-01-01,OUT-01,Evening,18,26,179.69
2025-01-02,OUT-01,Morning,209,309,1299.47
2025-01-02,OUT-01,Midday,81,115,912.54
2025-01-02,OUT-01,Evening,26,40,264.45
2025-01-03,OUT-01,Morning,134,188,878.63
2025-01-03,OUT-01,Midday,61,88,670.71
2025-01-03,OUT-01,Evening,22,31,192.77
2025-01-04,OUT-01,Morning,63,93,396.3
2025-01-04,OUT-01,Midday,29,42,285.64
2025-01-04,OUT-01,Evening,9,13,83.53
2025-01-05,OUT-01,Morning,48,67,315.41
2025-01-05,OUT-01,Midday,16,22,170.21
2025-01-05,OUT-01,Evening,6,9,62.37
2025-01-06,OUT-01,Morning,200,267,1311.5
2025-01-06,OUT-01,Midday,82,122,864.66
2025-01-06,OUT-01,Evening,34,49,310.88
2025-01-07,OUT-01,Morning,160,244,1091.71
2025-01-07,OUT-01,Midday,76,110,824.53
2025-01-07,OUT-01,Evening,23,33,214.3
2025-01-08,OUT-01,Morning,161,240,1094.29
2025-01-08,OUT-01,Midday,76,123,837.79
2025-01-08,OUT-01,Evening,29,42,280.49
2025-01-09,OUT-01,Morning,159,245,1090.39
2025-01-09,OUT-01,Midday,67,96,732.43
2025-01-09,OUT-01,Evening,32,48,274.28
2025-01-10,OUT-01,Morning,187,283,1159.12
2025-01-10,OUT-01,Midday,71,103,776.37
2025-01-10,OUT-01,Evening,29,40,249.26
2025-01-11,OUT-01,Morning,68,99,439.76
2025-01-11,OUT-01,Midday,33,46,347.2
2025-01-11,OUT-01,Evening,10,15,99.95
2025-01-12,OUT-01,Morning,50,73,357.98
2025-01-12,OUT-01,Midday,24,35,256.04
2025-01-12,OUT-01,Evening,7,11,66.57
2025-01-13,OUT-01,Morning,154,234,976.16
2025-01-13,OUT-01,Midday,69,99,686.08
2025-01-13,OUT-01,Evening,24,32,226.59
2025-01-14,OUT-01,Morning,147,201,981.52
2025-01-14,OUT-01,Midday,69,99,766.37
2025-01-14,OUT-01,Evening,28,45,230.94
2025-01-15,OUT-01,Morning,159,233,1122.12
2025-01-15,OUT-01,Midday,69,96,713.33
2025-01-15,OUT-01,Evening,28,38,252.41
2025-01-16,OUT-01,Morning,193,297,1281.05
2025-01-16,OUT-01,Midday,71,101,802.42
2025-01-16,OUT-01,Evening,27,40,259.39
2025-01-17,OUT-01,Morning,145,210,1002.38
2025-01-17,OUT-01,Midday,82,121,840.83
2025-01-17,OUT-01,Evening,29,43,250.14
2025-01-18,OUT-01,Morning,63,93,389.19
2025-01-18,OUT-01,Midday,23,34,237.98
2025-01-18,OUT-01,Evening,8,12,71.35
2025-01-19,OUT-01,Morning,43,62,288.83
2025-01-19,OUT-01,Midday,20,29,229.62
2025-01-19,OUT-01,Evening,8,11,77.15
2025-01-20,OUT-01,Morning,201,294,1281.65
2025-01-20,OUT-01,Midday,75,113,756.71
2025-01-20,OUT-01,Evening,26,38,249.66
2025-01-21,OUT-01,Morning,173,246,1154.04
2025-01-21,OUT-01,Midday,72,101,738.31
2025-01-21,OUT-01,Evening,29,41,269.32
2025-01-22,OUT-01,Morning,157,226,1014.9
2025-01-22,OUT-01,Midday,55,79,583.46
2025-01-22,OUT-01,Evening,24,35,215.44
2025-01-23,OUT-01,Morning,172,239,1042.49
2025-01-23,OUT-01,Midday,67,99,745.73
2025-01-23,OUT-01,Evening,22,31,201.26
2025-01-24,OUT-01,Morning,208,296,1275.66
2025-01-24,OUT-01,Midday,74,110,758.76
2025-01-24,OUT-01,Evening,27,42,263.58
2025-01-25,OUT-01,Morning,57,79,374.61
2025-01-25,OUT-01,Midday,28,44,317.59
2025-01-25,OUT-01,Evening,9,13,82.28
2025-01-26,OUT-01,Morning,51,79,345.13
2025-01-26,OUT-01,Midday,24,36,228.01
2025-01-26,OUT-01,Evening,9,11,73.37
2025-01-27,OUT-01,Morning,168,257,1117.03
2025-01-27,OUT-01,Midday,67,105,689.39
2025-01-27,OUT-01,Evening,30,40,253.28
2025-01-28,OUT-01,Morning,158,240,1018.17
2025-01-28,OUT-01,Midday,68,103,727.51
2025-01-28,OUT-01,Evening,26,36,243.99
2025-01-29,OUT-01,Morning,75,114,513.91
2025-01-29,OUT-01,Midday,36,51,404.84
2025-01-29,OUT-01,Evening,16,21,145.11
2025-01-30,OUT-01,Morning,136,212,900.33
2025-01-30,OUT-01,Midday,62,93,616.84
2025-01-30,OUT-01,Evening,24,32,204.72
2025-01-31,OUT-01,Morning,143,200,917.33
2025-01-31,OUT-01,Midday,72,109,746.1
2025-01-31,OUT-01,Evening,26,39,247.52
2025-02-01,OUT-01,Morning,66,97,447.96
2025-02-01,OUT-01,Midday,27,40,300.23
2025-02-01,OUT-01,Evening,9,13,89.09
2025-02-02,OUT-01,Morning,34,49,233.33
2025-02-02,OUT-01,Midday,18,28,175.75
2025-02-02,OUT-01,Evening,6,8,53.09
2025-02-03,OUT-01,Morning,155,234,1063.25
2025-02-03,OUT-01,Midday,60,89,651.33
2025-02-03,OUT-01,Evening,24,34,240.36
2025-02-04,OUT-01,Morning,143,212,1015.82
2025-02-04,OUT-01,Midday,77,116,842.57
2025-02-04,OUT-01,Evening,28,41,257.01
2025-02-05,OUT-01,Morning,150,214,1038.71
2025-02-05,OUT-01,Midday,65,99,633.31
2025-02-05,OUT-01,Evening,29,40,253.19
2025-02-06,OUT-01,Morning,186,286,1235.29
2025-02-06,OUT-01,Midday,75,101,711.42
2025-02-06,OUT-01,Evening,25,35,239.6
2025-02-07,OUT-01,Morning,156,222,1027.55
2025-02-07,OUT-01,Midday,79,118,841.14
2025-02-07,OUT-01,Evening,26,36,227.2
2025-02-08,OUT-01,Morning,53,74,374.7
2025-02-08,OUT-01,Midday,28,43,284.85
2025-02-08,OUT-01,Evening,9,13,92.08
2025-02-09,OUT-01,Morning,51,80,326.61
2025-02-09,OUT-01,Midday,22,32,227.1
2025-02-09,OUT-01,Evening,9,13,79.31
2025-02-10,OUT-01,Morning,155,209,1041.68
2025-02-10,OUT-01,Midday,74,104,765.26
2025-02-10,OUT-01,Evening,28,40,260.44
2025-02-11,OUT-01,Morning,181,276,1288.63
2025-02-11,OUT-01,Midday,59,92,727.19
2025-02-11,OUT-01,Evening,26,38,241.77
2025-02-12,OUT-01,Morning,193,302,1334.0
2025-02-12,OUT-01,Midday,92,125,987.01
2025-02-12,OUT-01,Evening,29,40,285.34
2025-02-13,OUT-01,Morning,132,200,948.47
2025-02-13,OUT-01,Midday,74,103,763.3
2025-02-13,OUT-01,Evening,24,37,216.08
2025-02-14,OUT-01,Morning,145,215,914.21
2025-02-14,OUT-01,Midday,72,108,717.52
2025-02-14,OUT-01,Evening,28,39,237.41
2025-02-15,OUT-01,Morning,68,99,443.1
2025-02-15,OUT-01,Midday,29,41,306.85
2025-02-15,OUT-01,Evening,10,15,91.0
2025-02-16,OUT-01,Morning,53,81,321.29
2025-02-16,OUT-01,Midday,22,31,218.65
2025-02-16,OUT-01,Evening,7,11,70.3
2025-02-17,OUT-01,Morning,175,255,1125.75
2025-02-17,OUT-01,Midday,82,120,836.2
2025-02-17,OUT-01,Evening,27,36,240.92
2025-02-18,OUT-01,Morning,188,267,1241.84
2025-02-18,OUT-01,Midday,73,103,822.17
2025-02-18,OUT-01,Evening,30,46,256.63
2025-02-19,OUT-01,Morning,152,212,1012.18
2025-02-19,OUT-01,Midday,75,113,736.82
2025-02-19,OUT-01,Evening,28,41,230.58
2025-02-20,OUT-01,Morning,155,209,1092.71
2025-02-20,OUT-01,Midday,75,115,826.85
2025-02-20,OUT-01,Evening,24,36,214.76
2025-02-21,OUT-01,Morning,151,230,925.16
2025-02-21,OUT-01,Midday,65,86,716.09
2025-02-21,OUT-01,Evening,28,46,254.8
2025-02-22,OUT-01,Morning,66,97,443.23
2025-02-22,OUT-01,Midday,30,44,298.05
2025-02-22,OUT-01,Evening,10,15,93.53
2025-02-23,OUT-01,Morning,51,69,310.25
2025-02-23,OUT-01,Midday,21,32,200.66
2025-02-23,OUT-01,Evening,7,10,65.35
2025-02-24,OUT-01,Morning,135,180,901.61
2025-02-24,OUT-01,Midday,62,83,697.07
2025-02-24,OUT-01,Evening,27,41,241.8
2025-02-25,OUT-01,Morning,189,272,1306.26
2025-02-25,OUT-01,Midday,72,102,834.37
2025-02-25,OUT-01,Evening,30,45,280.81
2025-02-26,OUT-01,Morning,161,239,1154.33
2025-02-26,OUT-01,Midday,74,96,807.04
2025-02-26,OUT-01,Evening,31,44,285.0
2025-02-27,OUT-01,Morning,154,245,1020.16
2025-02-27,OUT-01,Midday,61,89,677.22
2025-02-27,OUT-01,Evening,24,35,219.65
2025-02-28,OUT-01,Morning,182,262,1242.74
2025-02-28,OUT-01,Midday,68,100,714.03
2025-02-28,OUT-01,Evening,32,46,296.46
2025-03-01,OUT-01,Morning,59,83,393.22
2025-03-01,OUT-01,Midday,24,34,250.27
2025-03-01,OUT-01,Evening,10,15,89.95
2025-03-02,OUT-01,Morning,42,61,270.72
2025-03-02,OUT-01,Midday,17,25,180.08
2025-03-02,OUT-01,Evening,7,10,58.86
2025-03-03,OUT-01,Morning,163,247,1024.23
2025-03-03,OUT-01,Midday,68,98,705.2
2025-03-03,OUT-01,Evening,26,40,239.34
2025-03-04,OUT-01,Morning,192,296,1235.79
2025-03-04,OUT-01,Midday,86,126,898.99
2025-03-04,OUT-01,Evening,32,47,300.13
2025-03-05,OUT-01,Morning,164,236,1095.31
2025-03-05,OUT-01,Midday,79,114,794.04
2025-03-05,OUT-01,Evening,29,43,268.45
2025-03-06,OUT-01,Morning,200,279,1312.87
2025-03-06,OUT-01,Midday,84,117,874.36
2025-03-06,OUT-01,Evening,30,49,286.13
2025-03-07,OUT-01,Morning,144,215,974.78
2025-03-07,OUT-01,Midday,53,78,612.19
2025-03-07,OUT-01,Evening,25,36,239.03
2025-03-08,OUT-01,Morning,70,102,447.81
2025-03-08,OUT-01,Midday,26,36,275.16
2025-03-08,OUT-01,Evening,10,15,90.05
2025-03-09,OUT-01,Morning,40,56,267.68
2025-03-09,OUT-01,Midday,15,23,160.67
2025-03-09,OUT-01,Evening,6,9,61.26
2025-03-10,OUT-01,Morning,145,204,966.0
2025-03-10,OUT-01,Midday,59,87,645.2
2025-03-10,OUT-01,Evening,27,41,239.05
2025-03-11,OUT-01,Morning,152,224,1027.48
2025-03-11,OUT-01,Midday,77,107,776.46
2025-03-11,OUT-01,Evening,32,45,304.98
2025-03-12,OUT-01,Morning,168,242,1032.64
2025-03-12,OUT-01,Midday,67,97,697.04
2025-03-12,OUT-01,Evening,25,36,235.94
2025-03-13,OUT-01,Morning,163,210,1119.28
2025-03-13,OUT-01,Midday,76,110,795.1
2025-03-13,OUT-01,Evening,27,38,249.94
2025-03-14,OUT-01,Morning,163,241,1029.94
2025-03-14,OUT-01,Midday,66,92,700.58
2025-03-14,OUT-01,Evening,30,40,255.95
2025-03-15,OUT-01,Morning,54,78,374.03
2025-03-15,OUT-01,Midday,22,33,224.83
2025-03-15,OUT-01,Evening,8,13,72.95
2025-03-16,OUT-01,Morning,44,65,293.42
2025-03-16,OUT-01,Midday,21,32,231.46
2025-03-16,OUT-01,Evening,8,11,72.87
2025-03-17,OUT-01,Morning,160,236,1156.13
2025-03-17,OUT-01,Midday,76,110,768.06
2025-03-17,OUT-01,Evening,28,40,247.96
2025-03-18,OUT-01,Morning,175,253,1067.31
2025-03-18,OUT-01,Midday,93,135,915.2
2025-03-18,OUT-01,Evening,28,39,256.0
2025-03-19,OUT-01,Morning,175,267,1117.42
2025-03-19,OUT-01,Midday,66,98,757.21
2025-03-19,OUT-01,Evening,29,42,252.25
2025-03-20,OUT-01,Morning,177,255,1045.87
2025-03-20,OUT-01,Midday,62,88,705.23
2025-03-20,OUT-01,Evening,27,40,235.33
2025-03-21,OUT-01,Morning,208,305,1300.69
2025-03-21,OUT-01,Midday,73,104,755.66
2025-03-21,OUT-01,Evening,35,47,333.23
2025-03-22,OUT-01,Morning,68,102,454.49
2025-03-22,OUT-01,Midday,31,42,326.37
2025-03-22,OUT-01,Evening,13,18,119.16
2025-03-23,OUT-01,Morning,51,79,318.34
2025-03-23,OUT-01,Midday,18,24,190.34
2025-03-23,OUT-01,Evening,7,11,65.48
2025-03-24,OUT-01,Morning,160,250,1031.86
2025-03-24,OUT-01,Midday,77,111,830.5
2025-03-24,OUT-01,Evening,32,45,287.22
2025-03-25,OUT-01,Morning,151,214,1013.22
2025-03-25,OUT-01,Midday,89,125,882.69
2025-03-25,OUT-01,Evening,33,49,281.8
2025-03-26,OUT-01,Morning,135,206,943.3
2025-03-26,OUT-01,Midday,51,76,588.48
2025-03-26,OUT-01,Evening,22,31,212.32
2025-03-27,OUT-01,Morning,174,260,1156.47
2025-03-27,OUT-01,Midday,74,108,796.4
2025-03-27,OUT-01,Evening,27,37,252.65
2025-03-28,OUT-01,Morning,169,250,1107.74
2025-03-28,OUT-01,Midday,78,113,847.53
2025-03-28,OUT-01,Evening,31,45,279.5
2025-03-29,OUT-01,Morning,60,83,380.63
2025-03-29,OUT-01,Midday,21,31,254.9
2025-03-29,OUT-01,Evening,8,12,77.18
2025-03-30,OUT-01,Morning,45,65,294.99
2025-03-30,OUT-01,Midday,22,32,230.07
2025-03-30,OUT-01,Evening,8,12,74.59
2025-03-31,OUT-01,Morning,141,212,867.65
2025-03-31,OUT-01,Midday,49,70,535.53
2025-03-31,OUT-01,Evening,20,30,182.61
2025-04-01,OUT-01,Morning,175,269,1183.78
2025-04-01,OUT-01,Midday,77,116,757.22
2025-04-01,OUT-01,Evening,30,42,271.9
2025-04-02,OUT-01,Morning,199,271,1319.95
2025-04-02,OUT-01,Midday,75,102,842.31
2025-04-02,OUT-01,Evening,35,54,339.01
2025-04-03,OUT-01,Morning,143,219,981.92
2025-04-03,OUT-01,Midday,67,107,708.21
2025-04-03,OUT-01,Evening,26,39,241.25
2025-04-04,OUT-01,Morning,165,242,1081.32
2025-04-04,OUT-01,Midday,72,104,807.22
2025-04-04,OUT-01,Evening,26,36,246.4
2025-04-05,OUT-01,Morning,73,112,477.62
2025-04-05,OUT-01,Midday,24,34,285.51
2025-04-05,OUT-01,Evening,11,16,102.19
2025-04-06,OUT-01,Morning,41,57,268.73
2025-04-06,OUT-01,Midday,19,28,191.41
2025-04-06,OUT-01,Evening,8,12,68.53
2025-04-07,OUT-01,Morning,158,242,1040.2
2025-04-07,OUT-01,Midday,61,82,680.25
2025-04-07,OUT-01,Evening,25,36,220.63
2025-04-08,OUT-01,Morning,164,252,1168.62
2025-04-08,OUT-01,Midday,58,82,618.54
2025-04-08,OUT-01,Evening,23,34,213.38
2025-04-09,OUT-01,Morning,168,245,1203.0
2025-04-09,OUT-01,Midday,77,119,824.31
2025-04-09,OUT-01,Evening,29,40,266.75
2025-04-10,OUT-01,Morning,174,258,1130.72
2025-04-10,OUT-01,Midday,79,125,890.65
2025-04-10,OUT-01,Evening,33,48,286.33
2025-04-11,OUT-01,Morning,151,232,973.49
2025-04-11,OUT-01,Midday,70,101,706.67
2025-04-11,OUT-01,Evening,21,29,218.01
2025-04-12,OUT-01,Morning,66,99,419.26
2025-04-12,OUT-01,Midday,25,37,272.24
2025-04-12,OUT-01,Evening,12,18,106.11
2025-04-13,OUT-01,Morning,41,62,255.13
2025-04-13,OUT-01,Midday,20,29,195.36
2025-04-13,OUT-01,Evening,6,8,64.43
2025-04-14,OUT-01,Morning,229,334,1435.05
2025-04-14,OUT-01,Midday,106,155,1042.09
2025-04-14,OUT-01,Evening,36,54,343.66
2025-04-15,OUT-01,Morning,166,245,1127.73
2025-04-15,OUT-01,Midday,71,103,765.8
2025-04-15,OUT-01,Evening,26,39,253.91
2025-04-16,OUT-01,Morning,155,218,998.18
2025-04-16,OUT-01,Midday,76,111,810.08
2025-04-16,OUT-01,Evening,28,37,256.17
2025-04-17,OUT-01,Morning,206,301,1300.28
2025-04-17,OUT-01,Midday,81,124,900.3
2025-04-17,OUT-01,Evening,29,42,285.93
2025-04-18,OUT-01,Morning,111,170,742.45
2025-04-18,OUT-01,Midday,50,73,522.41
2025-04-18,OUT-01,Evening,18,27,170.66
2025-04-19,OUT-01,Morning,67,101,407.63
2025-04-19,OUT-01,Midday,27,38,280.97
2025-04-19,OUT-01,Evening,11,17,98.04
2025-04-20,OUT-01,Morning,36,52,249.3
2025-04-20,OUT-01,Midday,16,23,176.89
2025-04-20,OUT-01,Evening,7,10,62.76
2025-04-21,OUT-01,Morning,180,269,1131.62
2025-04-21,OUT-01,Midday,75,107,793.08
2025-04-21,OUT-01,Evening,31,46,269.02
2025-04-22,OUT-01,Morning,173,234,1071.37
2025-04-22,OUT-01,Midday,84,121,859.45
2025-04-22,OUT-01,Evening,27,38,237.04
2025-04-23,OUT-01,Morning,193,297,1142.05
2025-04-23,OUT-01,Midday,82,123,888.43
2025-04-23,OUT-01,Evening,26,37,258.47
2025-04-24,OUT-01,Morning,182,269,1242.38
2025-04-24,OUT-01,Midday,78,110,809.38
2025-04-24,OUT-01,Evening,32,50,286.92
2025-04-25,OUT-01,Morning,171,248,1164.55
2025-04-25,OUT-01,Midday,72,116,810.16
2025-04-25,OUT-01,Evening,29,43,271.18
2025-04-26,OUT-01,Morning,75,112,487.33
2025-04-26,OUT-01,Midday,30,45,314.88
2025-04-26,OUT-01,Evening,12,18,110.89
2025-04-27,OUT-01,Morning,64,89,420.24
2025-04-27,OUT-01,Midday,27,38,286.37
2025-04-27,OUT-01,Evening,8,12,73.31
2025-04-28,OUT-01,Morning,152,206,1037.27
2025-04-28,OUT-01,Midday,58,80,694.39
2025-04-28,OUT-01,Evening,26,39,242.57
2025-04-29,OUT-01,Morning,157,227,1048.36
2025-04-29,OUT-01,Midday,61,85,659.15
2025-04-29,OUT-01,Evening,26,38,253.85
2025-04-30,OUT-01,Morning,187,275,1139.79
2025-04-30,OUT-01,Midday,78,111,779.08
2025-04-30,OUT-01,Evening,32,47,308.34
2025-05-01,OUT-01,Morning,127,186,878.25
2025-05-01,OUT-01,Midday,53,81,543.38
2025-05-01,OUT-01,Evening,21,29,202.06
2025-05-02,OUT-01,Morning,136,188,910.81
2025-05-02,OUT-01,Midday,68,103,686.88
2025-05-02,OUT-01,Evening,26,35,235.28
2025-05-03,OUT-01,Morning,71,102,463.52
2025-05-03,OUT-01,Midday,31,47,314.47
2025-05-03,OUT-01,Evening,11,14,102.62
2025-05-04,OUT-01,Morning,38,49,247.61
2025-05-04,OUT-01,Midday,18,27,193.37
2025-05-04,OUT-01,Evening,7,10,62.53
2025-05-05,OUT-01,Morning,135,195,948.39
2025-05-05,OUT-01,Midday,62,95,673.94
2025-05-05,OUT-01,Evening,24,34,223.89
2025-05-06,OUT-01,Morning,186,265,1154.65
2025-05-06,OUT-01,Midday,89,135,936.66
2025-05-06,OUT-01,Evening,29,43,260.22
2025-05-07,OUT-01,Morning,177,272,1192.77
2025-05-07,OUT-01,Midday,66,97,717.72
2025-05-07,OUT-01,Evening,27,37,247.69
2025-05-08,OUT-01,Morning,165,237,1052.99
2025-05-08,OUT-01,Midday,76,103,797.81
2025-05-08,OUT-01,Evening,23,34,211.19
2025-05-09,OUT-01,Morning,186,261,1112.05
2025-05-09,OUT-01,Midday,81,126,837.1
2025-05-09,OUT-01,Evening,29,41,268.48
2025-05-10,OUT-01,Morning,67,96,446.82
2025-05-10,OUT-01,Midday,33,47,341.89
2025-05-10,OUT-01,Evening,10,14,95.99
2025-05-11,OUT-01,Morning,42,60,286.71
2025-05-11,OUT-01,Midday,26,35,258.43
2025-05-11,OUT-01,Evening,10,15,87.41
2025-05-12,OUT-01,Morning,115,176,773.92
2025-05-12,OUT-01,Midday,43,61,446.01
2025-05-12,OUT-01,Evening,21,31,179.89
2025-05-13,OUT-01,Morning,153,217,1029.67
2025-05-13,OUT-01,Midday,65,94,679.85
2025-05-13,OUT-01,Evening,29,44,247.68
2025-05-14,OUT-01,Morning,181,251,1179.92
2025-05-14,OUT-01,Midday,71,93,788.2
2025-05-14,OUT-01,Evening,31,47,281.8
2025-05-15,OUT-01,Morning,198,268,1311.2
2025-05-15,OUT-01,Midday,77,111,823.45
2025-05-15,OUT-01,Evening,28,40,270.23
2025-05-16,OUT-01,Morning,222,347,1334.21
2025-05-16,OUT-01,Midday,71,115,745.66
2025-05-16,OUT-01,Evening,30,46,282.81
2025-05-17,OUT-01,Morning,46,66,312.63
2025-05-17,OUT-01,Midday,23,31,234.62
2025-05-17,OUT-01,Evening,8,11,71.73
2025-05-18,OUT-01,Morning,37,53,252.79
2025-05-18,OUT-01,Midday,17,24,174.07
2025-05-18,OUT-01,Evening,6,9,52.33
2025-05-19,OUT-01,Morning,154,238,957.97
2025-05-19,OUT-01,Midday,65,99,650.02
2025-05-19,OUT-01,Evening,24,36,212.98
2025-05-20,OUT-01,Morning,233,324,1549.62
2025-05-20,OUT-01,Midday,98,138,988.27
2025-05-20,OUT-01,Evening,37,57,320.69
2025-05-21,OUT-01,Morning,167,232,1084.76
2025-05-21,OUT-01,Midday,73,112,826.01
2025-05-21,OUT-01,Evening,31,45,276.52
2025-05-22,OUT-01,Morning,147,215,976.64
2025-05-22,OUT-01,Midday,67,98,676.58
2025-05-22,OUT-01,Evening,24,35,213.8
2025-05-23,OUT-01,Morning,173,245,1246.13
2025-05-23,OUT-01,Midday,75,113,768.08
2025-05-23,OUT-01,Evening,29,39,251.47
2025-05-24,OUT-01,Morning,71,94,434.78
2025-05-24,OUT-01,Midday,25,38,288.62
2025-05-24,OUT-01,Evening,13,19,110.58
2025-05-25,OUT-01,Morning,54,78,321.85
2025-05-25,OUT-01,Midday,22,29,233.64
2025-05-25,OUT-01,Evening,8,12,77.3
2025-05-26,OUT-01,Morning,165,245,1094.17
2025-05-26,OUT-01,Midday,76,114,776.15
2025-05-26,OUT-01,Evening,28,47,260.43
2025-05-27,OUT-01,Morning,212,308,1399.27
2025-05-27,OUT-01,Midday,83,120,850.81
2025-05-27,OUT-01,Evening,31,44,274.74
2025-05-28,OUT-01,Morning,170,236,1157.86
2025-05-28,OUT-01,Midday,67,97,695.11
2025-05-28,OUT-01,Evening,24,33,221.97
2025-05-29,OUT-01,Morning,170,235,1101.85
2025-05-29,OUT-01,Midday,71,103,748.88
2025-05-29,OUT-01,Evening,29,39,284.54
2025-05-30,OUT-01,Morning,156,218,977.93
2025-05-30,OUT-01,Midday,67,99,701.54
2025-05-30,OUT-01,Evening,25,38,222.46
2025-05-31,OUT-01,Morning,68,105,502.84
2025-05-31,OUT-01,Midday,28,39,265.85
2025-05-31,OUT-01,Evening,12,19,101.14
2025-06-01,OUT-01,Morning,50,71,324.52
2025-06-01,OUT-01,Midday,20,30,205.21
2025-06-01,OUT-01,Evening,9,13,78.38
2025-06-02,OUT-01,Morning,158,235,1063.87
2025-06-02,OUT-01,Midday,75,109,728.37
2025-06-02,OUT-01,Evening,26,36,249.85
2025-06-03,OUT-01,Morning,173,254,1215.72
2025-06-03,OUT-01,Midday,77,120,765.85
2025-06-03,OUT-01,Evening,30,43,273.43
2025-06-04,OUT-01,Morning,175,248,1182.49
2025-06-04,OUT-01,Midday,76,113,808.15
2025-06-04,OUT-01,Evening,26,37,252.88
2025-06-05,OUT-01,Morning,171,259,1191.11
2025-06-05,OUT-01,Midday,77,104,824.33
2025-06-05,OUT-01,Evening,29,41,274.71
2025-06-06,OUT-01,Morning,141,215,941.37
2025-06-06,OUT-01,Midday,66,101,741.77
2025-06-06,OUT-01,Evening,25,37,232.25
2025-06-07,OUT-01,Morning,41,54,291.96
2025-06-07,OUT-01,Midday,18,25,201.39
2025-06-07,OUT-01,Evening,8,12,68.66
2025-06-08,OUT-01,Morning,53,76,326.81
2025-06-08,OUT-01,Midday,16,24,171.18
2025-06-08,OUT-01,Evening,8,12,67.15
2025-06-09,OUT-01,Morning,161,233,1162.51
2025-06-09,OUT-01,Midday,90,128,890.32
2025-06-09,OUT-01,Evening,30,42,278.9
2025-06-10,OUT-01,Morning,216,336,1450.74
2025-06-10,OUT-01,Midday,102,134,1076.37
2025-06-10,OUT-01,Evening,45,66,387.58
2025-06-11,OUT-01,Morning,174,253,1152.91
2025-06-11,OUT-01,Midday,87,126,1006.71
2025-06-11,OUT-01,Evening,34,51,319.92
2025-06-12,OUT-01,Morning,185,270,1216.38
2025-06-12,OUT-01,Midday,73,102,738.61
2025-06-12,OUT-01,Evening,26,35,260.76
2025-06-13,OUT-01,Morning,160,230,1088.97
2025-06-13,OUT-01,Midday,78,115,836.74
2025-06-13,OUT-01,Evening,29,43,271.93
2025-06-14,OUT-01,Morning,67,106,435.22
2025-06-14,OUT-01,Midday,28,40,278.05
2025-06-14,OUT-01,Evening,10,14,94.41
2025-06-15,OUT-01,Morning,57,83,361.44
2025-06-15,OUT-01,Midday,25,35,261.17
2025-06-15,OUT-01,Evening,8,12,67.6
2025-06-16,OUT-01,Morning,157,244,1064.48
2025-06-16,OUT-01,Midday,59,87,656.56
2025-06-16,OUT-01,Evening,29,38,265.38
2025-06-17,OUT-01,Morning,196,286,1297.88
2025-06-17,OUT-01,Midday,86,130,936.03
2025-06-17,OUT-01,Evening,38,53,325.16
2025-06-18,OUT-01,Morning,128,190,900.61
2025-06-18,OUT-01,Midday,69,99,685.58
2025-06-18,OUT-01,Evening,24,35,222.66
2025-06-19,OUT-01,Morning,156,236,1038.72
2025-06-19,OUT-01,Midday,76,105,775.79
2025-06-19,OUT-01,Evening,27,38,259.48
2025-06-20,OUT-01,Morning,160,226,1087.98
2025-06-20,OUT-01,Midday,73,116,765.78
2025-06-20,OUT-01,Evening,30,45,268.35
2025-06-21,OUT-01,Morning,66,95,416.56
2025-06-21,OUT-01,Midday,24,35,255.81
2025-06-21,OUT-01,Evening,10,14,96.02
2025-06-22,OUT-01,Morning,51,76,347.43
2025-06-22,OUT-01,Midday,23,34,219.71
2025-06-22,OUT-01,Evening,9,13,84.67
2025-06-23,OUT-01,Morning,173,250,1077.39
2025-06-23,OUT-01,Midday,60,79,687.93
2025-06-23,OUT-01,Evening,28,40,265.95
2025-06-24,OUT-01,Morning,154,232,1120.11
2025-06-24,OUT-01,Midday,91,135,964.01
2025-06-24,OUT-01,Evening,34,47,314.34
2025-06-25,OUT-01,Morning,192,293,1232.91
2025-06-25,OUT-01,Midday,92,130,926.16
2025-06-25,OUT-01,Evening,31,46,276.03
2025-06-26,OUT-01,Morning,183,261,1150.17
2025-06-26,OUT-01,Midday,84,124,951.36
2025-06-26,OUT-01,Evening,34,50,326.35
2025-06-27,OUT-01,Morning,174,246,1075.7
2025-06-27,OUT-01,Midday,81,123,794.81
2025-06-27,OUT-01,Evening,27,37,246.67
2025-06-28,OUT-01,Morning,52,74,373.71
2025-06-28,OUT-01,Midday,28,40,275.96
2025-06-28,OUT-01,Evening,10,15,93.26
2025-06-29,OUT-01,Morning,51,77,345.44
2025-06-29,OUT-01,Midday,19,28,219.52
2025-06-29,OUT-01,Evening,8,12,74.12
2025-06-30,OUT-01,Morning,180,256,1160.98
2025-06-30,OUT-01,Midday,90,141,927.09
2025-06-30,OUT-01,Evening,28,41,285.72
2024-01-01,OUT-02,Morning,32,49,212.93
2024-01-01,OUT-02,Midday,33,51,368.62
2024-01-01,OUT-02,Evening,33,50,282.3
2024-01-02,OUT-02,Morning,45,67,317.69
2024-01-02,OUT-02,Midday,46,67,491.3
2024-01-02,OUT-02,Evening,39,58,354.12
2024-01-03,OUT-02,Morning,57,85,367.84
2024-01-03,OUT-02,Midday,51,73,559.18
2024-01-03,OUT-02,Evening,43,66,379.67
2024-01-04,OUT-02,Morning,64,91,387.93
2024-01-04,OUT-02,Midday,67,96,737.92
2024-01-04,OUT-02,Evening,56,76,514.7
2024-01-05,OUT-02,Morning,72,96,457.84
2024-01-05,OUT-02,Midday,61,87,654.62
2024-01-05,OUT-02,Evening,48,65,457.41
2024-01-06,OUT-02,Morning,95,131,629.6
2024-01-06,OUT-02,Midday,79,118,830.4
2024-01-06,OUT-02,Evening,64,91,589.73
2024-01-07,OUT-02,Morning,75,113,485.37
2024-01-07,OUT-02,Midday,100,155,974.65
2024-01-07,OUT-02,Evening,68,96,621.9
2024-01-08,OUT-02,Morning,38,58,243.44
2024-01-08,OUT-02,Midday,49,71,469.24
2024-01-08,OUT-02,Evening,29,42,283.11
2024-01-09,OUT-02,Morning,52,82,358.38
2024-01-09,OUT-02,Midday,52,73,536.3
2024-01-09,OUT-02,Evening,33,46,283.3
2024-01-10,OUT-02,Morning,57,80,386.39
2024-01-10,OUT-02,Midday,63,91,678.7
2024-01-10,OUT-02,Evening,46,69,439.34
2024-01-11,OUT-02,Morning,49,75,340.49
2024-01-11,OUT-02,Midday,60,86,601.46
2024-01-11,OUT-02,Evening,39,55,365.37
2024-01-12,OUT-02,Morning,77,107,496.1
2024-01-12,OUT-02,Midday,64,98,701.98
2024-01-12,OUT-02,Evening,51,83,442.23
2024-01-13,OUT-02,Morning,81,124,538.49
2024-01-13,OUT-02,Midday,88,124,902.77
2024-01-13,OUT-02,Evening,69,105,645.8
2024-01-14,OUT-02,Morning,69,102,470.58
2024-01-14,OUT-02,Midday,70,106,712.91
2024-01-14,OUT-02,Evening,56,85,528.86
2024-01-15,OUT-02,Morning,53,75,361.13
2024-01-15,OUT-02,Midday,47,65,483.55
2024-01-15,OUT-02,Evening,45,65,386.96
2024-01-16,OUT-02,Morning,50,71,343.6
2024-01-16,OUT-02,Midday,49,73,538.22
2024-01-16,OUT-02,Evening,44,58,405.45
2024-01-17,OUT-02,Morning,58,85,378.38
2024-01-17,OUT-02,Midday,58,77,626.56
2024-01-17,OUT-02,Evening,49,70,476.78
2024-01-18,OUT-02,Morning,55,72,351.43
2024-01-18,OUT-02,Midday,59,83,610.93
2024-01-18,OUT-02,Evening,35,50,386.27
2024-01-19,OUT-02,Morning,59,86,380.25
2024-01-19,OUT-02,Midday,69,98,696.96
2024-01-19,OUT-02,Evening,58,85,476.99
2024-01-20,OUT-02,Morning,68,93,485.64
2024-01-20,OUT-02,Midday,75,113,762.57
2024-01-20,OUT-02,Evening,65,94,569.2
2024-01-21,OUT-02,Morning,67,97,461.51
2024-01-21,OUT-02,Midday,79,120,885.31
2024-01-21,OUT-02,Evening,62,91,582.29
2024-01-22,OUT-02,Morning,52,76,345.31
2024-01-22,OUT-02,Midday,71,96,682.75
2024-01-22,OUT-02,Evening,48,71,464.39
2024-01-23,OUT-02,Morning,47,70,306.19
2024-01-23,OUT-02,Midday,52,75,530.48
2024-01-23,OUT-02,Evening,45,60,443.77
2024-01-24,OUT-02,Morning,49,76,327.39
2024-01-24,OUT-02,Midday,47,66,512.06
2024-01-24,OUT-02,Evening,35,49,345.9
2024-01-25,OUT-02,Morning,51,76,333.68
2024-01-25,OUT-02,Midday,53,74,549.69
2024-01-25,OUT-02,Evening,36,54,368.49
2024-01-26,OUT-02,Morning,55,84,375.84
2024-01-26,OUT-02,Midday,58,88,617.79
2024-01-26,OUT-02,Evening,53,75,492.44
2024-01-27,OUT-02,Morning,99,152,597.32
2024-01-27,OUT-02,Midday,98,148,988.53
2024-01-27,OUT-02,Evening,75,119,656.62
2024-01-28,OUT-02,Morning,86,128,565.65
2024-01-28,OUT-02,Midday,88,130,853.61
2024-01-28,OUT-02,Evening,56,84,534.35
2024-01-29,OUT-02,Morning,50,75,328.39
2024-01-29,OUT-02,Midday,56,81,631.06
2024-01-29,OUT-02,Evening,39,54,375.84
2024-01-30,OUT-02,Morning,49,75,330.86
2024-01-30,OUT-02,Midday,53,78,549.71
2024-01-30,OUT-02,Evening,41,59,375.12
2024-01-31,OUT-02,Morning,61,93,381.35
2024-01-31,OUT-02,Midday,57,83,575.69
2024-01-31,OUT-02,Evening,49,68,425.12
2024-02-01,OUT-02,Morning,50,72,330.2
2024-02-01,OUT-02,Midday,61,83,596.01
2024-02-01,OUT-02,Evening,43,61,397.92
2024-02-02,OUT-02,Morning,76,107,496.86
2024-02-02,OUT-02,Midday,88,125,870.26
2024-02-02,OUT-02,Evening,59,83,537.84
2024-02-03,OUT-02,Morning,90,128,618.63
2024-02-03,OUT-02,Midday,99,153,992.41
2024-02-03,OUT-02,Evening,59,90,554.13
2024-02-04,OUT-02,Morning,73,104,473.06
2024-02-04,OUT-02,Midday,77,112,810.22
2024-02-04,OUT-02,Evening,63,85,578.81
2024-02-05,OUT-02,Morning,44,66,285.49
2024-02-05,OUT-02,Midday,42,63,453.73
2024-02-05,OUT-02,Evening,32,45,279.87
2024-02-06,OUT-02,Morning,50,71,333.74
2024-02-06,OUT-02,Midday,53,73,543.83
2024-02-06,OUT-02,Evening,48,72,406.41
2024-02-07,OUT-02,Morning,61,87,407.69
2024-02-07,OUT-02,Midday,66,107,688.61
2024-02-07,OUT-02,Evening,49,67,463.8
2024-02-08,OUT-02,Morning,65,92,402.51
2024-02-08,OUT-02,Midday,62,92,652.19
2024-02-08,OUT-02,Evening,48,69,425.68
2024-02-09,OUT-02,Morning,51,76,350.42
2024-02-09,OUT-02,Midday,55,75,578.87
2024-02-09,OUT-02,Evening,41,58,400.5
2024-02-10,OUT-02,Morning,60,84,407.37
2024-02-10,OUT-02,Midday,72,98,714.8
2024-02-10,OUT-02,Evening,56,84,495.14
2024-02-11,OUT-02,Morning,57,82,357.88
2024-02-11,OUT-02,Midday,68,108,703.45
2024-02-11,OUT-02,Evening,42,59,420.85
2024-02-12,OUT-02,Morning,55,82,358.03
2024-02-12,OUT-02,Midday,47,71,503.85
2024-02-12,OUT-02,Evening,35,49,372.01
2024-02-13,OUT-02,Morning,46,67,310.26
2024-02-13,OUT-02,Midday,42,61,485.42
2024-02-13,OUT-02,Evening,36,49,330.76
2024-02-14,OUT-02,Morning,47,73,304.71
2024-02-14,OUT-02,Midday,46,73,488.85
2024-02-14,OUT-02,Evening,40,57,323.94
2024-02-15,OUT-02,Morning,74,110,459.26
2024-02-15,OUT-02,Midday,65,93,697.13
2024-02-15,OUT-02,Evening,51,74,445.57
2024-02-16,OUT-02,Morning,71,98,501.79
2024-02-16,OUT-02,Midday,66,97,734.74
2024-02-16,OUT-02,Evening,66,99,566.26
2024-02-17,OUT-02,Morning,68,98,429.08
2024-02-17,OUT-02,Midday,82,120,795.99
2024-02-17,OUT-02,Evening,54,80,517.72
2024-02-18,OUT-02,Morning,91,137,574.53
2024-02-18,OUT-02,Midday,109,158,1063.4
2024-02-18,OUT-02,Evening,71,105,655.17
2024-02-19,OUT-02,Morning,46,68,298.0
2024-02-19,OUT-02,Midday,49,73,530.56
2024-02-19,OUT-02,Evening,39,56,360.19
2024-02-20,OUT-02,Morning,47,69,301.54
2024-02-20,OUT-02,Midday,43,63,451.67
2024-02-20,OUT-02,Evening,44,65,399.55
2024-02-21,OUT-02,Morning,49,73,307.59
2024-02-21,OUT-02,Midday,52,70,540.27
2024-02-21,OUT-02,Evening,51,72,405.11
2024-02-22,OUT-02,Morning,54,80,323.91
2024-02-22,OUT-02,Midday,52,76,563.71
2024-02-22,OUT-02,Evening,40,60,344.09
2024-02-23,OUT-02,Morning,75,102,474.89
2024-02-23,OUT-02,Midday,66,96,692.42
2024-02-23,OUT-02,Evening,56,84,547.78
2024-02-24,OUT-02,Morning,78,111,511.9
2024-02-24,OUT-02,Midday,83,113,932.88
2024-02-24,OUT-02,Evening,73,102,670.08
2024-02-25,OUT-02,Morning,53,82,357.12
2024-02-25,OUT-02,Midday,60,86,630.37
2024-02-25,OUT-02,Evening,50,74,472.52
2024-02-26,OUT-02,Morning,63,88,399.0
2024-02-26,OUT-02,Midday,67,94,720.31
2024-02-26,OUT-02,Evening,54,85,524.22
2024-02-27,OUT-02,Morning,48,74,287.04
2024-02-27,OUT-02,Midday,44,63,478.34
2024-02-27,OUT-02,Evening,29,40,273.25
2024-02-28,OUT-02,Morning,46,67,321.92
2024-02-28,OUT-02,Midday,42,65,457.39
2024-02-28,OUT-02,Evening,40,59,405.29
2024-02-29,OUT-02,Morning,60,87,399.04
2024-02-29,OUT-02,Midday,56,81,607.56
2024-02-29,OUT-02,Evening,58,81,481.17
2024-03-01,OUT-02,Morning,71,105,442.29
2024-03-01,OUT-02,Midday,68,107,715.19
2024-03-01,OUT-02,Evening,43,60,411.76
2024-03-02,OUT-02,Morning,84,123,528.05
2024-03-02,OUT-02,Midday,105,147,1029.65
2024-03-02,OUT-02,Evening,73,101,663.67
2024-03-03,OUT-02,Morning,65,96,415.32
2024-03-03,OUT-02,Midday,73,105,727.16
2024-03-03,OUT-02,Evening,62,96,542.85
2024-03-04,OUT-02,Morning,34,49,239.38
2024-03-04,OUT-02,Midday,33,48,386.98
2024-03-04,OUT-02,Evening,31,46,280.37
2024-03-05,OUT-02,Morning,51,72,324.58
2024-03-05,OUT-02,Midday,47,68,544.87
2024-03-05,OUT-02,Evening,39,55,365.97
2024-03-06,OUT-02,Morning,53,76,372.59
2024-03-06,OUT-02,Midday,56,85,625.82
2024-03-06,OUT-02,Evening,43,61,387.06
2024-03-07,OUT-02,Morning,54,78,345.32
2024-03-07,OUT-02,Midday,55,75,607.92
2024-03-07,OUT-02,Evening,39,56,360.54
2024-03-08,OUT-02,Morning,67,100,443.93
2024-03-08,OUT-02,Midday,58,83,596.83
2024-03-08,OUT-02,Evening,48,64,400.25
2024-03-09,OUT-02,Morning,70,94,443.04
2024-03-09,OUT-02,Midday,65,94,636.24
2024-03-09,OUT-02,Evening,60,88,516.9
2024-03-10,OUT-02,Morning,82,117,500.0
2024-03-10,OUT-02,Midday,64,90,685.92
2024-03-10,OUT-02,Evening,62,84,602.61
2024-03-11,OUT-02,Morning,47,71,286.55
2024-03-11,OUT-02,Midday,48,71,503.57
2024-03-11,OUT-02,Evening,39,59,333.75
2024-03-12,OUT-02,Morning,56,83,359.5
2024-03-12,OUT-02,Midday,53,80,544.3
2024-03-12,OUT-02,Evening,44,66,403.96
2024-03-13,OUT-02,Morning,52,78,382.26
2024-03-13,OUT-02,Midday,66,97,696.44
2024-03-13,OUT-02,Evening,48,69,456.24
2024-03-14,OUT-02,Morning,55,77,371.63
2024-03-14,OUT-02,Midday,63,88,643.42
2024-03-14,OUT-02,Evening,48,68,440.01
2024-03-15,OUT-02,Morning,59,89,401.02
2024-03-15,OUT-02,Midday,62,90,639.1
2024-03-15,OUT-02,Evening,45,68,421.52
2024-03-16,OUT-02,Morning,88,123,537.11
2024-03-16,OUT-02,Midday,93,132,938.57
2024-03-16,OUT-02,Evening,70,100,651.86
2024-03-17,OUT-02,Morning,78,116,506.86
2024-03-17,OUT-02,Midday,69,103,744.72
2024-03-17,OUT-02,Evening,61,91,544.11
2024-03-18,OUT-02,Morning,54,83,369.34
2024-03-18,OUT-02,Midday,55,81,585.71
2024-03-18,OUT-02,Evening,47,65,417.34
2024-03-19,OUT-02,Morning,46,68,323.93
2024-03-19,OUT-02,Midday,64,93,683.39
2024-03-19,OUT-02,Evening,39,49,375.71
2024-03-20,OUT-02,Morning,42,60,279.9
2024-03-20,OUT-02,Midday,50,72,569.63
2024-03-20,OUT-02,Evening,33,49,336.6
2024-03-21,OUT-02,Morning,53,75,330.36
2024-03-21,OUT-02,Midday,65,95,669.95
2024-03-21,OUT-02,Evening,48,72,420.34
2024-03-22,OUT-02,Morning,51,75,384.44
2024-03-22,OUT-02,Midday,62,95,636.12
2024-03-22,OUT-02,Evening,52,79,477.81
2024-03-23,OUT-02,Morning,77,110,494.67
2024-03-23,OUT-02,Midday,99,137,1037.1
2024-03-23,OUT-02,Evening,73,112,657.51
2024-03-24,OUT-02,Morning,76,114,487.63
2024-03-24,OUT-02,Midday,76,114,792.5
2024-03-24,OUT-02,Evening,62,89,510.61
2024-03-25,OUT-02,Morning,47,70,328.92
2024-03-25,OUT-02,Midday,58,80,654.31
2024-03-25,OUT-02,Evening,41,56,389.65
2024-03-26,OUT-02,Morning,48,68,312.83
2024-03-26,OUT-02,Midday,52,72,542.21
2024-03-26,OUT-02,Evening,35,52,329.71
2024-03-27,OUT-02,Morning,57,80,364.88
2024-03-27,OUT-02,Midday,57,84,606.18
2024-03-27,OUT-02,Evening,52,75,458.84
2024-03-28,OUT-02,Morning,56,80,405.54
2024-03-28,OUT-02,Midday,52,78,582.2
2024-03-28,OUT-02,Evening,50,68,449.63
2024-03-29,OUT-02,Morning,44,61,311.23
2024-03-29,OUT-02,Midday,52,75,566.87
2024-03-29,OUT-02,Evening,40,57,352.03
2024-03-30,OUT-02,Morning,84,133,545.48
2024-03-30,OUT-02,Midday,89,134,909.06
2024-03-30,OUT-02,Evening,62,90,595.1
2024-03-31,OUT-02,Morning,67,97,431.72
2024-03-31,OUT-02,Midday,100,146,1006.84
2024-03-31,OUT-02,Evening,78,114,696.42
2024-04-01,OUT-02,Morning,54,79,354.54
2024-04-01,OUT-02,Midday,55,84,569.42
2024-04-01,OUT-02,Evening,49,69,419.46
2024-04-02,OUT-02,Morning,42,61,277.53
2024-04-02,OUT-02,Midday,47,69,450.9
2024-04-02,OUT-02,Evening,36,50,349.94
2024-04-03,OUT-02,Morning,41,61,285.25
2024-04-03,OUT-02,Midday,46,68,484.43
2024-04-03,OUT-02,Evening,42,56,367.28
2024-04-04,OUT-02,Morning,45,64,316.03
2024-04-04,OUT-02,Midday,57,84,641.0
2024-04-04,OUT-02,Evening,37,53,347.46
2024-04-05,OUT-02,Morning,59,81,424.77
2024-04-05,OUT-02,Midday,71,100,714.13
2024-04-05,OUT-02,Evening,54,79,476.41
2024-04-06,OUT-02,Morning,86,123,550.15
2024-04-06,OUT-02,Midday,88,126,886.38
2024-04-06,OUT-02,Evening,65,101,598.89
2024-04-07,OUT-02,Morning,76,106,556.47
2024-04-07,OUT-02,Midday,85,120,887.08
2024-04-07,OUT-02,Evening,73,103,638.0
2024-04-08,OUT-02,Morning,47,69,309.77
2024-04-08,OUT-02,Midday,43,59,452.21
2024-04-08,OUT-02,Evening,41,61,373.45
2024-04-09,OUT-02,Morning,52,73,368.28
2024-04-09,OUT-02,Midday,62,94,667.53
2024-04-09,OUT-02,Evening,46,65,447.56
2024-04-10,OUT-02,Morning,41,57,268.41
2024-04-10,OUT-02,Midday,43,60,474.59
2024-04-10,OUT-02,Evening,41,60,386.38
2024-04-11,OUT-02,Morning,46,64,279.79
2024-04-11,OUT-02,Midday,51,72,527.9
2024-04-11,OUT-02,Evening,39,56,347.47
2024-04-12,OUT-02,Morning,63,84,422.59
2024-04-12,OUT-02,Midday,83,130,843.12
2024-04-12,OUT-02,Evening,58,92,539.1
2024-04-13,OUT-02,Morning,82,125,550.27
2024-04-13,OUT-02,Midday,78,109,954.21
2024-04-13,OUT-02,Evening,81,107,720.44
2024-04-14,OUT-02,Morning,73,112,510.42
2024-04-14,OUT-02,Midday,83,127,865.04
2024-04-14,OUT-02,Evening,60,90,572.91
2024-04-15,OUT-02,Morning,57,91,359.82
2024-04-15,OUT-02,Midday,52,75,519.34
2024-04-15,OUT-02,Evening,42,60,369.38
2024-04-16,OUT-02,Morning,52,73,348.1
2024-04-16,OUT-02,Midday,60,86,578.26
2024-04-16,OUT-02,Evening,45,66,387.77
2024-04-17,OUT-02,Morning,59,80,361.87
2024-04-17,OUT-02,Midday,63,88,655.54
2024-04-17,OUT-02,Evening,52,78,462.32
2024-04-18,OUT-02,Morning,64,92,386.74
2024-04-18,OUT-02,Midday,60,91,576.45
2024-04-18,OUT-02,Evening,42,61,407.35
2024-04-19,OUT-02,Morning,65,94,414.37
2024-04-19,OUT-02,Midday,62,88,607.77
2024-04-19,OUT-02,Evening,50,73,467.27
2024-04-20,OUT-02,Morning,95,132,649.85
2024-04-20,OUT-02,Midday,116,163,1166.91
2024-04-20,OUT-02,Evening,91,132,785.61
2024-04-21,OUT-02,Morning,75,105,494.69
2024-04-21,OUT-02,Midday,82,118,904.92
2024-04-21,OUT-02,Evening,66,91,624.12
2024-04-22,OUT-02,Morning,44,61,270.46
2024-04-22,OUT-02,Midday,43,64,440.19
2024-04-22,OUT-02,Evening,35,52,320.68
2024-04-23,OUT-02,Morning,52,80,340.55
2024-04-23,OUT-02,Midday,45,61,507.66
2024-04-23,OUT-02,Evening,39,57,397.63
2024-04-24,OUT-02,Morning,45,65,315.59
2024-04-24,OUT-02,Midday,54,81,532.84
2024-04-24,OUT-02,Evening,31,48,299.67
2024-04-25,OUT-02,Morning,59,78,389.14
2024-04-25,OUT-02,Midday,60,84,593.92
2024-04-25,OUT-02,Evening,45,65,446.64
2024-04-26,OUT-02,Morning,83,119,529.7
2024-04-26,OUT-02,Midday,80,111,904.66
2024-04-26,OUT-02,Evening,56,80,535.5
2024-04-27,OUT-02,Morning,77,111,474.71
2024-04-27,OUT-02,Midday,82,125,817.34
2024-04-27,OUT-02,Evening,58,82,524.06
2024-04-28,OUT-02,Morning,64,94,422.96
2024-04-28,OUT-02,Midday,89,125,907.93
2024-04-28,OUT-02,Evening,53,76,535.85
2024-04-29,OUT-02,Morning,46,67,307.79
2024-04-29,OUT-02,Midday,61,88,623.53
2024-04-29,OUT-02,Evening,41,63,393.16
2024-04-30,OUT-02,Morning,41,57,271.97
2024-04-30,OUT-02,Midday,35,53,370.59
2024-04-30,OUT-02,Evening,32,41,283.45
2024-05-01,OUT-02,Morning,37,53,231.01
2024-05-01,OUT-02,Midday,37,57,378.4
2024-05-01,OUT-02,Evening,29,41,255.72
2024-05-02,OUT-02,Morning,54,79,361.58
2024-05-02,OUT-02,Midday,59,83,622.09
2024-05-02,OUT-02,Evening,49,65,440.7
2024-05-03,OUT-02,Morning,50,75,361.1
2024-05-03,OUT-02,Midday,65,94,694.17
2024-05-03,OUT-02,Evening,44,65,398.74
2024-05-04,OUT-02,Morning,84,123,605.26
2024-05-04,OUT-02,Midday,96,139,972.55
2024-05-04,OUT-02,Evening,70,106,613.02
2024-05-05,OUT-02,Morning,68,97,471.91
2024-05-05,OUT-02,Midday,75,111,754.33
2024-05-05,OUT-02,Evening,69,93,627.91
2024-05-06,OUT-02,Morning,35,50,236.55
2024-05-06,OUT-02,Midday,37,55,384.38
2024-05-06,OUT-02,Evening,30,42,289.51
2024-05-07,OUT-02,Morning,44,68,301.1
2024-05-07,OUT-02,Midday,52,70,610.96
2024-05-07,OUT-02,Evening,41,60,377.97
2024-05-08,OUT-02,Morning,70,101,493.42
2024-05-08,OUT-02,Midday,74,104,744.91
2024-05-08,OUT-02,Evening,54,82,457.31
2024-05-09,OUT-02,Morning,63,91,399.8
2024-05-09,OUT-02,Midday,64,98,630.59
2024-05-09,OUT-02,Evening,50,74,467.71
2024-05-10,OUT-02,Morning,52,76,346.32
2024-05-10,OUT-02,Midday,58,79,620.22
2024-05-10,OUT-02,Evening,39,60,393.15
2024-05-11,OUT-02,Morning,77,114,489.92
2024-05-11,OUT-02,Midday,84,116,914.16
2024-05-11,OUT-02,Evening,77,113,687.07
2024-05-12,OUT-02,Morning,72,106,473.95
2024-05-12,OUT-02,Midday,71,110,821.3
2024-05-12,OUT-02,Evening,52,75,504.7
2024-05-13,OUT-02,Morning,44,66,323.86
2024-05-13,OUT-02,Midday,47,68,532.43
2024-05-13,OUT-02,Evening,44,61,369.1
2024-05-14,OUT-02,Morning,65,95,430.87
2024-05-14,OUT-02,Midday,50,74,542.09
2024-05-14,OUT-02,Evening,42,59,437.88
2024-05-15,OUT-02,Morning,56,86,390.27
2024-05-15,OUT-02,Midday,61,88,609.81
2024-05-15,OUT-02,Evening,40,56,391.24
2024-05-16,OUT-02,Morning,55,76,372.46
2024-05-16,OUT-02,Midday,62,86,633.96
2024-05-16,OUT-02,Evening,53,78,476.08
2024-05-17,OUT-02,Morning,66,99,427.37
2024-05-17,OUT-02,Midday,68,102,760.38
2024-05-17,OUT-02,Evening,53,79,509.36
2024-05-18,OUT-02,Morning,96,143,657.15
2024-05-18,OUT-02,Midday,102,149,1078.57
2024-05-18,OUT-02,Evening,73,105,685.5
2024-05-19,OUT-02,Morning,75,105,521.4
2024-05-19,OUT-02,Midday,81,117,745.26
2024-05-19,OUT-02,Evening,52,77,503.96
2024-05-20,OUT-02,Morning,57,85,370.04
2024-05-20,OUT-02,Midday,63,96,611.92
2024-05-20,OUT-02,Evening,37,57,387.5
2024-05-21,OUT-02,Morning,62,84,387.23
2024-05-21,OUT-02,Midday,59,88,644.74
2024-05-21,OUT-02,Evening,43,60,426.77
2024-05-22,OUT-02,Morning,43,69,275.02
2024-05-22,OUT-02,Midday,48,71,519.1
2024-05-22,OUT-02,Evening,34,49,308.38
2024-05-23,OUT-02,Morning,59,86,370.76
2024-05-23,OUT-02,Midday,60,85,638.31
2024-05-23,OUT-02,Evening,49,69,426.26
2024-05-24,OUT-02,Morning,45,62,306.15
2024-05-24,OUT-02,Midday,44,61,524.08
2024-05-24,OUT-02,Evening,49,74,457.86
2024-05-25,OUT-02,Morning,74,112,503.16
2024-05-25,OUT-02,Midday,84,125,858.9
2024-05-25,OUT-02,Evening,66,94,636.08
2024-05-26,OUT-02,Morning,71,106,449.75
2024-05-26,OUT-02,Midday,69,106,729.24
2024-05-26,OUT-02,Evening,51,76,468.86
2024-05-27,OUT-02,Morning,36,54,256.11
2024-05-27,OUT-02,Midday,45,65,454.54
2024-05-27,OUT-02,Evening,35,48,328.34
2024-05-28,OUT-02,Morning,51,75,335.49
2024-05-28,OUT-02,Midday,55,84,540.38
2024-05-28,OUT-02,Evening,43,62,413.22
2024-05-29,OUT-02,Morning,49,69,335.87
2024-05-29,OUT-02,Midday,60,86,591.97
2024-05-29,OUT-02,Evening,37,57,356.0
2024-05-30,OUT-02,Morning,57,76,400.91
2024-05-30,OUT-02,Midday,69,104,737.19
2024-05-30,OUT-02,Evening,48,75,422.41
2024-05-31,OUT-02,Morning,63,97,410.39
2024-05-31,OUT-02,Midday,56,89,585.89
2024-05-31,OUT-02,Evening,55,86,494.34
2024-06-01,OUT-02,Morning,66,101,419.56
2024-06-01,OUT-02,Midday,64,92,716.16
2024-06-01,OUT-02,Evening,51,74,471.92
2024-06-02,OUT-02,Morning,61,95,414.24
2024-06-02,OUT-02,Midday,71,103,761.72
2024-06-02,OUT-02,Evening,58,85,555.8
2024-06-03,OUT-02,Morning,39,59,272.87
2024-06-03,OUT-02,Midday,40,59,429.4
2024-06-03,OUT-02,Evening,29,42,301.46
2024-06-04,OUT-02,Morning,51,72,350.42
2024-06-04,OUT-02,Midday,55,86,552.86
2024-06-04,OUT-02,Evening,38,57,348.1
2024-06-05,OUT-02,Morning,47,67,300.23
2024-06-05,OUT-02,Midday,58,86,581.82
2024-06-05,OUT-02,Evening,45,65,390.36
2024-06-06,OUT-02,Morning,42,58,296.19
2024-06-06,OUT-02,Midday,54,78,580.18
2024-06-06,OUT-02,Evening,31,47,295.23
2024-06-07,OUT-02,Morning,63,85,405.08
2024-06-07,OUT-02,Midday,54,76,607.79
2024-06-07,OUT-02,Evening,48,69,417.33
2024-06-08,OUT-02,Morning,84,125,546.03
2024-06-08,OUT-02,Midday,98,143,1086.89
2024-06-08,OUT-02,Evening,66,97,646.29
2024-06-09,OUT-02,Morning,71,103,484.39
2024-06-09,OUT-02,Midday,72,100,800.62
2024-06-09,OUT-02,Evening,61,89,538.23
2024-06-10,OUT-02,Morning,47,73,328.71
2024-06-10,OUT-02,Midday,61,83,643.61
2024-06-10,OUT-02,Evening,47,70,434.17
2024-06-11,OUT-02,Morning,55,83,348.53
2024-06-11,OUT-02,Midday,58,83,606.09
2024-06-11,OUT-02,Evening,33,50,323.16
2024-06-12,OUT-02,Morning,45,61,309.45
2024-06-12,OUT-02,Midday,44,66,498.17
2024-06-12,OUT-02,Evening,40,61,369.01
2024-06-13,OUT-02,Morning,50,75,323.2
2024-06-13,OUT-02,Midday,62,89,633.2
2024-06-13,OUT-02,Evening,37,53,344.76
2024-06-14,OUT-02,Morning,62,88,387.06
2024-06-14,OUT-02,Midday,57,85,623.08
2024-06-14,OUT-02,Evening,45,57,425.06
2024-06-15,OUT-02,Morning,89,134,574.56
2024-06-15,OUT-02,Midday,97,134,1027.12
2024-06-15,OUT-02,Evening,74,107,679.96
2024-06-16,OUT-02,Morning,81,123,540.13
2024-06-16,OUT-02,Midday,81,116,893.91
2024-06-16,OUT-02,Evening,58,78,561.59
2024-06-17,OUT-02,Morning,41,59,266.08
2024-06-17,OUT-02,Midday,44,64,477.78
2024-06-17,OUT-02,Evening,39,60,349.9
2024-06-18,OUT-02,Morning,37,48,268.42
2024-06-18,OUT-02,Midday,50,73,482.33
2024-06-18,OUT-02,Evening,34,53,347.05
2024-06-19,OUT-02,Morning,64,87,402.21
2024-06-19,OUT-02,Midday,51,80,516.6
2024-06-19,OUT-02,Evening,41,64,383.51
2024-06-20,OUT-02,Morning,56,81,397.29
2024-06-20,OUT-02,Midday,61,88,654.12
2024-06-20,OUT-02,Evening,50,70,447.24
2024-06-21,OUT-02,Morning,71,98,470.63
2024-06-21,OUT-02,Midday,86,126,912.15
2024-06-21,OUT-02,Evening,65,101,588.72
2024-06-22,OUT-02,Morning,83,130,555.2
2024-06-22,OUT-02,Midday,89,126,919.93
2024-06-22,OUT-02,Evening,66,95,579.87
2024-06-23,OUT-02,Morning,82,125,567.25
2024-06-23,OUT-02,Midday,92,125,958.75
2024-06-23,OUT-02,Evening,68,99,628.88
2024-06-24,OUT-02,Morning,47,64,314.2
2024-06-24,OUT-02,Midday,48,71,476.68
2024-06-24,OUT-02,Evening,40,54,357.89
2024-06-25,OUT-02,Morning,52,73,341.33
2024-06-25,OUT-02,Midday,44,59,455.03
2024-06-25,OUT-02,Evening,44,63,381.22
2024-06-26,OUT-02,Morning,55,78,358.73
2024-06-26,OUT-02,Midday,55,75,616.4
2024-06-26,OUT-02,Evening,43,61,390.61
2024-06-27,OUT-02,Morning,46,68,274.92
2024-06-27,OUT-02,Midday,41,55,407.72
2024-06-27,OUT-02,Evening,29,42,270.96
2024-06-28,OUT-02,Morning,62,94,404.77
2024-06-28,OUT-02,Midday,71,102,745.04
2024-06-28,OUT-02,Evening,50,75,468.23
2024-06-29,OUT-02,Morning,77,109,500.36
2024-06-29,OUT-02,Midday,74,116,845.4
2024-06-29,OUT-02,Evening,63,99,561.71
2024-06-30,OUT-02,Morning,79,106,491.67
2024-06-30,OUT-02,Midday,66,100,713.36
2024-06-30,OUT-02,Evening,59,89,560.32
2024-07-01,OUT-02,Morning,60,86,381.86
2024-07-01,OUT-02,Midday,60,88,582.59
2024-07-01,OUT-02,Evening,43,66,401.82
2024-07-02,OUT-02,Morning,43,64,300.2
2024-07-02,OUT-02,Midday,56,81,559.55
2024-07-02,OUT-02,Evening,44,68,399.99
2024-07-03,OUT-02,Morning,48,75,297.95
2024-07-03,OUT-02,Midday,53,77,514.86
2024-07-03,OUT-02,Evening,41,57,347.59
2024-07-04,OUT-02,Morning,46,69,305.15
2024-07-04,OUT-02,Midday,52,72,569.76
2024-07-04,OUT-02,Evening,39,53,345.84
2024-07-05,OUT-02,Morning,81,119,524.57
2024-07-05,OUT-02,Midday,82,125,831.02
2024-07-05,OUT-02,Evening,68,99,642.59
2024-07-06,OUT-02,Morning,87,132,516.42
2024-07-06,OUT-02,Midday,103,147,1003.29
2024-07-06,OUT-02,Evening,67,99,604.41
2024-07-07,OUT-02,Morning,90,140,575.0
2024-07-07,OUT-02,Midday,91,136,963.04
2024-07-07,OUT-02,Evening,85,117,759.56
2024-07-08,OUT-02,Morning,59,94,374.02
2024-07-08,OUT-02,Midday,52,70,577.5
2024-07-08,OUT-02,Evening,43,66,377.89
2024-07-09,OUT-02,Morning,65,94,403.06
2024-07-09,OUT-02,Midday,61,91,621.61
2024-07-09,OUT-02,Evening,45,65,429.45
2024-07-10,OUT-02,Morning,51,77,336.28
2024-07-10,OUT-02,Midday,62,92,636.27
2024-07-10,OUT-02,Evening,42,59,419.11
2024-07-11,OUT-02,Morning,52,76,346.44
2024-07-11,OUT-02,Midday,61,91,632.93
2024-07-11,OUT-02,Evening,42,62,386.06
2024-07-12,OUT-02,Morning,69,112,502.11
2024-07-12,OUT-02,Midday,69,99,814.5
2024-07-12,OUT-02,Evening,65,97,606.11
2024-07-13,OUT-02,Morning,82,122,559.6
2024-07-13,OUT-02,Midday,77,114,847.2
2024-07-13,OUT-02,Evening,54,74,532.35
2024-07-14,OUT-02,Morning,70,102,446.97
2024-07-14,OUT-02,Midday,64,96,663.51
2024-07-14,OUT-02,Evening,56,83,510.18
2024-07-15,OUT-02,Morning,57,85,350.4
2024-07-15,OUT-02,Midday,59,85,583.07
2024-07-15,OUT-02,Evening,50,76,421.87
2024-07-16,OUT-02,Morning,50,68,313.33
2024-07-16,OUT-02,Midday,53,79,551.09
2024-07-16,OUT-02,Evening,46,71,396.65
2024-07-17,OUT-02,Morning,46,69,308.54
2024-07-17,OUT-02,Midday,56,70,611.82
2024-07-17,OUT-02,Evening,48,67,444.69
2024-07-18,OUT-02,Morning,58,85,367.54
2024-07-18,OUT-02,Midday,60,87,617.14
2024-07-18,OUT-02,Evening,51,71,482.58
2024-07-19,OUT-02,Morning,65,100,424.97
2024-07-19,OUT-02,Midday,62,86,612.07
2024-07-19,OUT-02,Evening,54,71,503.57
2024-07-20,OUT-02,Morning,72,103,470.24
2024-07-20,OUT-02,Midday,83,114,862.09
2024-07-20,OUT-02,Evening,57,86,569.32
2024-07-21,OUT-02,Morning,72,112,473.41
2024-07-21,OUT-02,Midday,92,135,860.89
2024-07-21,OUT-02,Evening,71,109,631.64
2024-07-22,OUT-02,Morning,49,70,347.02
2024-07-22,OUT-02,Midday,50,70,577.45
2024-07-22,OUT-02,Evening,49,68,417.06
2024-07-23,OUT-02,Morning,49,72,300.18
2024-07-23,OUT-02,Midday,52,76,546.54
2024-07-23,OUT-02,Evening,38,57,330.38
2024-07-24,OUT-02,Morning,47,66,308.23
2024-07-24,OUT-02,Midday,64,97,662.23
2024-07-24,OUT-02,Evening,47,67,446.17
2024-07-25,OUT-02,Morning,58,80,361.21
2024-07-25,OUT-02,Midday,60,87,638.65
2024-07-25,OUT-02,Evening,41,57,411.62
2024-07-26,OUT-02,Morning,63,92,412.12
2024-07-26,OUT-02,Midday,54,74,518.79
2024-07-26,OUT-02,Evening,43,64,392.16
2024-07-27,OUT-02,Morning,86,126,572.71
2024-07-27,OUT-02,Midday,105,153,1082.44
2024-07-27,OUT-02,Evening,70,100,624.61
2024-07-28,OUT-02,Morning,80,120,522.41
2024-07-28,OUT-02,Midday,91,135,881.68
2024-07-28,OUT-02,Evening,64,90,600.03
2024-07-29,OUT-02,Morning,46,65,304.46
2024-07-29,OUT-02,Midday,56,79,564.03
2024-07-29,OUT-02,Evening,38,54,360.08
2024-07-30,OUT-02,Morning,57,87,371.46
2024-07-30,OUT-02,Midday,56,79,618.97
2024-07-30,OUT-02,Evening,48,67,408.85
2024-07-31,OUT-02,Morning,59,81,394.16
2024-07-31,OUT-02,Midday,70,103,681.25
2024-07-31,OUT-02,Evening,48,68,445.3
2024-08-01,OUT-02,Morning,52,73,343.7
2024-08-01,OUT-02,Midday,59,87,628.04
2024-08-01,OUT-02,Evening,40,59,374.29
2024-08-02,OUT-02,Morning,61,85,392.46
2024-08-02,OUT-02,Midday,71,99,713.0
2024-08-02,OUT-02,Evening,46,68,452.58
2024-08-03,OUT-02,Morning,72,99,485.28
2024-08-03,OUT-02,Midday,89,129,895.77
2024-08-03,OUT-02,Evening,62,96,538.68
2024-08-04,OUT-02,Morning,56,80,427.34
2024-08-04,OUT-02,Midday,67,103,661.17
2024-08-04,OUT-02,Evening,48,60,513.83
2024-08-05,OUT-02,Morning,47,65,325.72
2024-08-05,OUT-02,Midday,45,61,512.56
2024-08-05,OUT-02,Evening,38,53,345.94
2024-08-06,OUT-02,Morning,45,61,315.72
2024-08-06,OUT-02,Midday,54,81,561.71
2024-08-06,OUT-02,Evening,41,62,392.91
2024-08-07,OUT-02,Morning,53,78,372.54
2024-08-07,OUT-02,Midday,58,85,598.7
2024-08-07,OUT-02,Evening,53,79,486.53
2024-08-08,OUT-02,Morning,56,79,366.25
2024-08-08,OUT-02,Midday,70,101,745.42
2024-08-08,OUT-02,Evening,44,68,409.91
2024-08-09,OUT-02,Morning,46,66,294.15
2024-08-09,OUT-02,Midday,36,51,390.98
2024-08-09,OUT-02,Evening,33,48,294.64
2024-08-10,OUT-02,Morning,88,138,617.66
2024-08-10,OUT-02,Midday,93,138,1025.46
2024-08-10,OUT-02,Evening,65,97,719.32
2024-08-11,OUT-02,Morning,88,120,607.93
2024-08-11,OUT-02,Midday,90,119,934.41
2024-08-11,OUT-02,Evening,78,117,752.34
2024-08-12,OUT-02,Morning,47,70,301.36
2024-08-12,OUT-02,Midday,61,88,595.65
2024-08-12,OUT-02,Evening,29,41,314.74
2024-08-13,OUT-02,Morning,49,71,335.91
2024-08-13,OUT-02,Midday,59,84,615.96
2024-08-13,OUT-02,Evening,38,56,373.55
2024-08-14,OUT-02,Morning,49,72,348.41
2024-08-14,OUT-02,Midday,57,86,638.06
2024-08-14,OUT-02,Evening,51,79,499.89
2024-08-15,OUT-02,Morning,59,84,378.31
2024-08-15,OUT-02,Midday,65,91,671.29
2024-08-15,OUT-02,Evening,47,65,420.79
2024-08-16,OUT-02,Morning,69,100,515.6
2024-08-16,OUT-02,Midday,79,120,785.78
2024-08-16,OUT-02,Evening,52,75,477.37
2024-08-17,OUT-02,Morning,85,124,574.51
2024-08-17,OUT-02,Midday,85,127,887.11
2024-08-17,OUT-02,Evening,77,117,707.62
2024-08-18,OUT-02,Morning,108,160,687.21
2024-08-18,OUT-02,Midday,104,150,1047.73
2024-08-18,OUT-02,Evening,68,104,647.9
2024-08-19,OUT-02,Morning,48,71,318.25
2024-08-19,OUT-02,Midday,56,76,595.04
2024-08-19,OUT-02,Evening,37,57,372.88
2024-08-20,OUT-02,Morning,50,71,333.81
2024-08-20,OUT-02,Midday,48,72,509.38
2024-08-20,OUT-02,Evening,43,61,388.93
2024-08-21,OUT-02,Morning,42,61,306.55
2024-08-21,OUT-02,Midday,56,83,588.3
2024-08-21,OUT-02,Evening,39,55,334.27
2024-08-22,OUT-02,Morning,58,80,338.99
2024-08-22,OUT-02,Midday,62,85,580.81
2024-08-22,OUT-02,Evening,50,76,444.56
2024-08-23,OUT-02,Morning,71,108,477.32
2024-08-23,OUT-02,Midday,62,89,660.44
2024-08-23,OUT-02,Evening,47,73,464.55
2024-08-24,OUT-02,Morning,61,80,433.74
2024-08-24,OUT-02,Midday,75,108,734.1
2024-08-24,OUT-02,Evening,54,78,527.43
2024-08-25,OUT-02,Morning,84,119,535.49
2024-08-25,OUT-02,Midday,76,108,776.9
2024-08-25,OUT-02,Evening,58,86,537.48
2024-08-26,OUT-02,Morning,53,77,349.68
2024-08-26,OUT-02,Midday,56,76,560.71
2024-08-26,OUT-02,Evening,39,59,367.85
2024-08-27,OUT-02,Morning,47,66,324.0
2024-08-27,OUT-02,Midday,46,69,506.84
2024-08-27,OUT-02,Evening,39,54,377.39
2024-08-28,OUT-02,Morning,45,65,299.87
2024-08-28,OUT-02,Midday,47,71,486.78
2024-08-28,OUT-02,Evening,35,51,334.28
2024-08-29,OUT-02,Morning,47,70,311.36
2024-08-29,OUT-02,Midday,48,71,504.13
2024-08-29,OUT-02,Evening,44,66,385.01
2024-08-30,OUT-02,Morning,58,83,427.96
2024-08-30,OUT-02,Midday,58,83,620.41
2024-08-30,OUT-02,Evening,43,62,397.07
2024-08-31,OUT-02,Morning,89,133,580.54
2024-08-31,OUT-02,Midday,105,151,1073.72
2024-08-31,OUT-02,Evening,85,128,810.59
2024-09-01,OUT-02,Morning,78,119,495.87
2024-09-01,OUT-02,Midday,81,112,817.98
2024-09-01,OUT-02,Evening,51,75,498.93
2024-09-02,OUT-02,Morning,46,71,332.49
2024-09-02,OUT-02,Midday,47,70,512.52
2024-09-02,OUT-02,Evening,42,57,382.48
2024-09-03,OUT-02,Morning,41,61,309.46
2024-09-03,OUT-02,Midday,55,78,554.06
2024-09-03,OUT-02,Evening,46,74,420.0
2024-09-04,OUT-02,Morning,52,74,323.82
2024-09-04,OUT-02,Midday,60,86,591.97
2024-09-04,OUT-02,Evening,39,56,391.25
2024-09-05,OUT-02,Morning,52,75,326.78
2024-09-05,OUT-02,Midday,60,86,624.81
2024-09-05,OUT-02,Evening,44,68,389.33
2024-09-06,OUT-02,Morning,58,85,367.94
2024-09-06,OUT-02,Midday,63,96,694.3
2024-09-06,OUT-02,Evening,42,57,420.11
2024-09-07,OUT-02,Morning,78,111,505.91
2024-09-07,OUT-02,Midday,76,109,825.94
2024-09-07,OUT-02,Evening,63,90,626.8
2024-09-08,OUT-02,Morning,75,111,489.96
2024-09-08,OUT-02,Midday,70,103,751.79
2024-09-08,OUT-02,Evening,63,90,581.97
2024-09-09,OUT-02,Morning,45,63,289.45
2024-09-09,OUT-02,Midday,48,73,489.63
2024-09-09,OUT-02,Evening,33,48,313.54
2024-09-10,OUT-02,Morning,51,72,375.82
2024-09-10,OUT-02,Midday,56,82,603.32
2024-09-10,OUT-02,Evening,43,61,412.02
2024-09-11,OUT-02,Morning,55,82,373.81
2024-09-11,OUT-02,Midday,52,75,559.77
2024-09-11,OUT-02,Evening,45,67,398.82
2024-09-12,OUT-02,Morning,55,82,386.96
2024-09-12,OUT-02,Midday,57,80,616.89
2024-09-12,OUT-02,Evening,52,72,487.06
2024-09-13,OUT-02,Morning,55,76,360.49
2024-09-13,OUT-02,Midday,64,99,643.73
2024-09-13,OUT-02,Evening,46,67,430.36
2024-09-14,OUT-02,Morning,71,100,446.92
2024-09-14,OUT-02,Midday,99,143,983.65
2024-09-14,OUT-02,Evening,69,101,626.96
2024-09-15,OUT-02,Morning,79,122,542.71
2024-09-15,OUT-02,Midday,87,129,859.71
2024-09-15,OUT-02,Evening,56,86,571.17
2024-09-16,OUT-02,Morning,42,58,278.13
2024-09-16,OUT-02,Midday,41,57,484.37
2024-09-16,OUT-02,Evening,33,46,301.44
2024-09-17,OUT-02,Morning,50,72,365.24
2024-09-17,OUT-02,Midday,59,86,588.96
2024-09-17,OUT-02,Evening,37,56,346.36
2024-09-18,OUT-02,Morning,48,69,307.45
2024-09-18,OUT-02,Midday,50,67,515.45
2024-09-18,OUT-02,Evening,43,62,370.59
2024-09-19,OUT-02,Morning,50,75,322.76
2024-09-19,OUT-02,Midday,51,79,583.06
2024-09-19,OUT-02,Evening,40,60,375.11
2024-09-20,OUT-02,Morning,60,90,396.73
2024-09-20,OUT-02,Midday,63,92,628.89
2024-09-20,OUT-02,Evening,51,72,472.67
2024-09-21,OUT-02,Morning,84,129,561.57
2024-09-21,OUT-02,Midday,88,133,931.02
2024-09-21,OUT-02,Evening,67,99,611.21
2024-09-22,OUT-02,Morning,77,109,478.24
2024-09-22,OUT-02,Midday,74,114,745.01
2024-09-22,OUT-02,Evening,61,86,559.33
2024-09-23,OUT-02,Morning,55,75,335.58
2024-09-23,OUT-02,Midday,51,72,545.47
2024-09-23,OUT-02,Evening,46,66,412.27
2024-09-24,OUT-02,Morning,47,72,304.67
2024-09-24,OUT-02,Midday,53,73,557.42
2024-09-24,OUT-02,Evening,40,62,399.17
2024-09-25,OUT-02,Morning,45,63,315.18
2024-09-25,OUT-02,Midday,59,85,600.13
2024-09-25,OUT-02,Evening,46,65,430.24
2024-09-26,OUT-02,Morning,63,95,425.55
2024-09-26,OUT-02,Midday,59,87,639.62
2024-09-26,OUT-02,Evening,47,70,455.77
2024-09-27,OUT-02,Morning,46,62,305.33
2024-09-27,OUT-02,Midday,50,67,542.65
2024-09-27,OUT-02,Evening,45,65,405.25
2024-09-28,OUT-02,Morning,88,125,555.9
2024-09-28,OUT-02,Midday,90,130,908.71
2024-09-28,OUT-02,Evening,62,93,609.37
2024-09-29,OUT-02,Morning,82,112,560.57
2024-09-29,OUT-02,Midday,63,89,751.11
2024-09-29,OUT-02,Evening,67,93,632.03
2024-09-30,OUT-02,Morning,56,78,332.04
2024-09-30,OUT-02,Midday,59,89,608.34
2024-09-30,OUT-02,Evening,37,52,348.85
2024-10-01,OUT-02,Morning,47,69,310.69
2024-10-01,OUT-02,Midday,53,73,550.28
2024-10-01,OUT-02,Evening,41,61,381.46
2024-10-02,OUT-02,Morning,46,67,331.48
2024-10-02,OUT-02,Midday,46,73,507.88
2024-10-02,OUT-02,Evening,48,71,408.71
2024-10-03,OUT-02,Morning,50,76,323.22
2024-10-03,OUT-02,Midday,59,92,613.64
2024-10-03,OUT-02,Evening,44,63,446.4
2024-10-04,OUT-02,Morning,57,82,373.85
2024-10-04,OUT-02,Midday,62,89,616.28
2024-10-04,OUT-02,Evening,48,69,431.28
2024-10-05,OUT-02,Morning,84,116,529.09
2024-10-05,OUT-02,Midday,68,99,741.09
2024-10-05,OUT-02,Evening,50,73,496.37
2024-10-06,OUT-02,Morning,75,111,533.05
2024-10-06,OUT-02,Midday,78,107,823.25
2024-10-06,OUT-02,Evening,59,82,569.86
2024-10-07,OUT-02,Morning,46,74,327.82
2024-10-07,OUT-02,Midday,47,67,523.42
2024-10-07,OUT-02,Evening,39,55,355.39
2024-10-08,OUT-02,Morning,49,64,313.98
2024-10-08,OUT-02,Midday,44,62,484.56
2024-10-08,OUT-02,Evening,33,48,317.09
2024-10-09,OUT-02,Morning,47,67,312.21
2024-10-09,OUT-02,Midday,51,74,527.98
2024-10-09,OUT-02,Evening,39,58,363.45
2024-10-10,OUT-02,Morning,46,72,295.18
2024-10-10,OUT-02,Midday,50,70,565.6
2024-10-10,OUT-02,Evening,36,52,353.08
2024-10-11,OUT-02,Morning,76,111,449.15
2024-10-11,OUT-02,Midday,83,118,831.55
2024-10-11,OUT-02,Evening,56,78,546.34
2024-10-12,OUT-02,Morning,78,110,532.68
2024-10-12,OUT-02,Midday,84,127,908.45
2024-10-12,OUT-02,Evening,68,104,629.29
2024-10-13,OUT-02,Morning,62,92,383.27
2024-10-13,OUT-02,Midday,65,91,651.86
2024-10-13,OUT-02,Evening,44,62,394.15
2024-10-14,OUT-02,Morning,48,69,308.21
2024-10-14,OUT-02,Midday,44,59,482.77
2024-10-14,OUT-02,Evening,37,52,349.41
2024-10-15,OUT-02,Morning,51,75,337.63
2024-10-15,OUT-02,Midday,55,79,585.45
2024-10-15,OUT-02,Evening,35,50,330.77
2024-10-16,OUT-02,Morning,48,73,331.8
2024-10-16,OUT-02,Midday,49,72,520.95
2024-10-16,OUT-02,Evening,41,60,370.0
2024-10-17,OUT-02,Morning,55,77,366.68
2024-10-17,OUT-02,Midday,67,95,689.13
2024-10-17,OUT-02,Evening,52,72,464.71
2024-10-18,OUT-02,Morning,63,94,411.89
2024-10-18,OUT-02,Midday,64,93,671.57
2024-10-18,OUT-02,Evening,40,59,416.08
2024-10-19,OUT-02,Morning,84,131,523.72
2024-10-19,OUT-02,Midday,87,132,857.68
2024-10-19,OUT-02,Evening,56,81,482.75
2024-10-20,OUT-02,Morning,72,98,459.94
2024-10-20,OUT-02,Midday,63,89,670.16
2024-10-20,OUT-02,Evening,58,84,530.37
2024-10-21,OUT-02,Morning,55,80,381.62
2024-10-21,OUT-02,Midday,60,91,586.24
2024-10-21,OUT-02,Evening,44,66,407.01
2024-10-22,OUT-02,Morning,49,67,320.09
2024-10-22,OUT-02,Midday,53,73,555.01
2024-10-22,OUT-02,Evening,35,51,348.24
2024-10-23,OUT-02,Morning,44,61,286.38
2024-10-23,OUT-02,Midday,49,75,503.89
2024-10-23,OUT-02,Evening,39,58,362.79
2024-10-24,OUT-02,Morning,55,75,344.09
2024-10-24,OUT-02,Midday,52,77,589.7
2024-10-24,OUT-02,Evening,51,72,469.92
2024-10-25,OUT-02,Morning,60,87,369.8
2024-10-25,OUT-02,Midday,54,82,546.5
2024-10-25,OUT-02,Evening,42,60,391.86
2024-10-26,OUT-02,Morning,74,111,511.45
2024-10-26,OUT-02,Midday,63,91,733.66
2024-10-26,OUT-02,Evening,48,75,479.83
2024-10-27,OUT-02,Morning,87,132,533.68
2024-10-27,OUT-02,Midday,91,129,979.52
2024-10-27,OUT-02,Evening,69,101,600.48
2024-10-28,OUT-02,Morning,41,58,306.51
2024-10-28,OUT-02,Midday,50,69,504.94
2024-10-28,OUT-02,Evening,37,57,366.92
2024-10-29,OUT-02,Morning,47,72,311.38
2024-10-29,OUT-02,Midday,46,66,464.95
2024-10-29,OUT-02,Evening,46,67,401.41
2024-10-30,OUT-02,Morning,59,88,367.93
2024-10-30,OUT-02,Midday,66,97,669.52
2024-10-30,OUT-02,Evening,48,67,420.59
2024-10-31,OUT-02,Morning,38,57,244.12
2024-10-31,OUT-02,Midday,43,62,454.15
2024-10-31,OUT-02,Evening,32,49,289.29
2024-11-01,OUT-02,Morning,45,60,314.15
2024-11-01,OUT-02,Midday,57,84,571.2
2024-11-01,OUT-02,Evening,41,59,417.11
2024-11-02,OUT-02,Morning,96,142,624.41
2024-11-02,OUT-02,Midday,74,107,836.97
2024-11-02,OUT-02,Evening,74,104,649.07
2024-11-03,OUT-02,Morning,77,107,507.99
2024-11-03,OUT-02,Midday,72,108,756.97
2024-11-03,OUT-02,Evening,56,83,577.52
2024-11-04,OUT-02,Morning,45,66,282.61
2024-11-04,OUT-02,Midday,44,63,440.89
2024-11-04,OUT-02,Evening,34,49,310.73
2024-11-05,OUT-02,Morning,48,74,334.43
2024-11-05,OUT-02,Midday,56,80,597.28
2024-11-05,OUT-02,Evening,39,56,368.66
2024-11-06,OUT-02,Morning,57,79,372.54
2024-11-06,OUT-02,Midday,63,98,625.27
2024-11-06,OUT-02,Evening,44,61,392.44
2024-11-07,OUT-02,Morning,55,76,392.29
2024-11-07,OUT-02,Midday,53,79,576.61
2024-11-07,OUT-02,Evening,42,58,381.97
2024-11-08,OUT-02,Morning,83,121,551.09
2024-11-08,OUT-02,Midday,76,113,792.39
2024-11-08,OUT-02,Evening,56,80,518.83
2024-11-09,OUT-02,Morning,71,100,464.23
2024-11-09,OUT-02,Midday,86,122,943.42
2024-11-09,OUT-02,Evening,58,91,550.74
2024-11-10,OUT-02,Morning,75,106,486.19
2024-11-10,OUT-02,Midday,79,117,845.53
2024-11-10,OUT-02,Evening,60,87,547.26
2024-11-11,OUT-02,Morning,50,71,343.63
2024-11-11,OUT-02,Midday,44,62,464.93
2024-11-11,OUT-02,Evening,39,56,381.14
2024-11-12,OUT-02,Morning,48,67,306.54
2024-11-12,OUT-02,Midday,39,61,480.45
2024-11-12,OUT-02,Evening,39,56,366.56
2024-11-13,OUT-02,Morning,57,81,372.83
2024-11-13,OUT-02,Midday,63,92,648.88
2024-11-13,OUT-02,Evening,45,70,402.34
2024-11-14,OUT-02,Morning,48,70,314.65
2024-11-14,OUT-02,Midday,39,59,454.77
2024-11-14,OUT-02,Evening,33,49,313.6
2024-11-15,OUT-02,Morning,54,80,331.21
2024-11-15,OUT-02,Midday,44,60,503.81
2024-11-15,OUT-02,Evening,39,60,380.2
2024-11-16,OUT-02,Morning,69,99,478.05
2024-11-16,OUT-02,Midday,91,136,871.71
2024-11-16,OUT-02,Evening,70,104,652.43
2024-11-17,OUT-02,Morning,74,105,500.68
2024-11-17,OUT-02,Midday,87,133,844.14
2024-11-17,OUT-02,Evening,55,83,553.44
2024-11-18,OUT-02,Morning,41,62,266.47
2024-11-18,OUT-02,Midday,46,61,503.31
2024-11-18,OUT-02,Evening,33,47,306.65
2024-11-19,OUT-02,Morning,53,75,328.89
2024-11-19,OUT-02,Midday,61,86,645.93
2024-11-19,OUT-02,Evening,43,67,395.51
2024-11-20,OUT-02,Morning,52,73,343.45
2024-11-20,OUT-02,Midday,53,77,588.3
2024-11-20,OUT-02,Evening,37,54,358.91
2024-11-21,OUT-02,Morning,48,71,351.43
2024-11-21,OUT-02,Midday,50,71,521.83
2024-11-21,OUT-02,Evening,40,60,344.36
2024-11-22,OUT-02,Morning,68,96,436.8
2024-11-22,OUT-02,Midday,67,99,755.61
2024-11-22,OUT-02,Evening,52,73,508.76
2024-11-23,OUT-02,Morning,68,100,494.57
2024-11-23,OUT-02,Midday,91,133,930.48
2024-11-23,OUT-02,Evening,63,92,596.31
2024-11-24,OUT-02,Morning,79,127,516.57
2024-11-24,OUT-02,Midday,69,95,810.96
2024-11-24,OUT-02,Evening,61,91,588.17
2024-11-25,OUT-02,Morning,50,76,320.25
2024-11-25,OUT-02,Midday,42,61,463.59
2024-11-25,OUT-02,Evening,38,57,346.48
2024-11-26,OUT-02,Morning,47,69,329.57
2024-11-26,OUT-02,Midday,64,93,660.59
2024-11-26,OUT-02,Evening,39,57,374.59
2024-11-27,OUT-02,Morning,61,85,390.62
2024-11-27,OUT-02,Midday,66,95,689.68
2024-11-27,OUT-02,Evening,37,54,366.04
2024-11-28,OUT-02,Morning,71,109,477.77
2024-11-28,OUT-02,Midday,87,126,864.94
2024-11-28,OUT-02,Evening,56,79,533.81
2024-11-29,OUT-02,Morning,54,78,364.58
2024-11-29,OUT-02,Midday,55,78,619.14
2024-11-29,OUT-02,Evening,39,57,363.85
2024-11-30,OUT-02,Morning,76,112,491.06
2024-11-30,OUT-02,Midday,91,139,893.12
2024-11-30,OUT-02,Evening,57,87,621.01
2024-12-01,OUT-02,Morning,60,90,396.86
2024-12-01,OUT-02,Midday,55,79,670.54
2024-12-01,OUT-02,Evening,48,64,437.33
2024-12-02,OUT-02,Morning,45,65,292.5
2024-12-02,OUT-02,Midday,49,68,539.64
2024-12-02,OUT-02,Evening,33,51,297.48
2024-12-03,OUT-02,Morning,39,58,263.1
2024-12-03,OUT-02,Midday,55,79,538.68
2024-12-03,OUT-02,Evening,41,56,383.77
2024-12-04,OUT-02,Morning,44,65,308.99
2024-12-04,OUT-02,Midday,56,80,552.51
2024-12-04,OUT-02,Evening,34,49,344.18
2024-12-05,OUT-02,Morning,52,76,340.71
2024-12-05,OUT-02,Midday,54,76,513.86
2024-12-05,OUT-02,Evening,40,59,369.78
2024-12-06,OUT-02,Morning,58,83,368.64
2024-12-06,OUT-02,Midday,56,77,632.63
2024-12-06,OUT-02,Evening,42,58,417.47
2024-12-07,OUT-02,Morning,91,127,625.74
2024-12-07,OUT-02,Midday,82,127,854.12
2024-12-07,OUT-02,Evening,71,104,656.49
2024-12-08,OUT-02,Morning,70,101,465.24
2024-12-08,OUT-02,Midday,77,107,792.95
2024-12-08,OUT-02,Evening,58,81,519.17
2024-12-09,OUT-02,Morning,57,88,367.62
2024-12-09,OUT-02,Midday,67,98,665.86
2024-12-09,OUT-02,Evening,44,59,413.19
2024-12-10,OUT-02,Morning,52,76,333.59
2024-12-10,OUT-02,Midday,56,80,596.85
2024-12-10,OUT-02,Evening,40,55,368.12
2024-12-11,OUT-02,Morning,55,81,395.82
2024-12-11,OUT-02,Midday,64,90,680.74
2024-12-11,OUT-02,Evening,47,64,419.17
2024-12-12,OUT-02,Morning,55,83,376.98
2024-12-12,OUT-02,Midday,57,81,597.53
2024-12-12,OUT-02,Evening,49,70,470.92
2024-12-13,OUT-02,Morning,68,98,449.82
2024-12-13,OUT-02,Midday,79,118,778.13
2024-12-13,OUT-02,Evening,53,71,539.86
2024-12-14,OUT-02,Morning,78,112,506.08
2024-12-14,OUT-02,Midday,89,137,902.04
2024-12-14,OUT-02,Evening,62,91,614.41
2024-12-15,OUT-02,Morning,70,98,467.11
2024-12-15,OUT-02,Midday,67,97,707.28
2024-12-15,OUT-02,Evening,66,100,622.65
2024-12-16,OUT-02,Morning,50,70,341.87
2024-12-16,OUT-02,Midday,48,74,505.51
2024-12-16,OUT-02,Evening,34,50,311.67
2024-12-17,OUT-02,Morning,49,73,321.55
2024-12-17,OUT-02,Midday,47,67,539.68
2024-12-17,OUT-02,Evening,45,65,416.97
2024-12-18,OUT-02,Morning,67,93,447.62
2024-12-18,OUT-02,Midday,75,113,785.92
2024-12-18,OUT-02,Evening,51,76,466.51
2024-12-19,OUT-02,Morning,53,79,360.1
2024-12-19,OUT-02,Midday,59,87,655.94
2024-12-19,OUT-02,Evening,49,70,417.99
2024-12-20,OUT-02,Morning,76,109,466.24
2024-12-20,OUT-02,Midday,67,99,715.29
2024-12-20,OUT-02,Evening,48,68,426.36
2024-12-21,OUT-02,Morning,73,110,503.01
2024-12-21,OUT-02,Midday,83,121,829.29
2024-12-21,OUT-02,Evening,61,93,570.29
2024-12-22,OUT-02,Morning,71,101,476.37
2024-12-22,OUT-02,Midday,86,120,868.15
2024-12-22,OUT-02,Evening,55,79,545.27
2024-12-23,OUT-02,Morning,51,71,339.18
2024-12-23,OUT-02,Midday,49,76,501.65
2024-12-23,OUT-02,Evening,35,50,318.59
2024-12-24,OUT-02,Morning,56,83,366.77
2024-12-24,OUT-02,Midday,51,71,529.95
2024-12-24,OUT-02,Evening,41,61,393.16
2024-12-25,OUT-02,Morning,42,63,274.53
2024-12-25,OUT-02,Midday,38,60,490.13
2024-12-25,OUT-02,Evening,29,43,293.05
2024-12-26,OUT-02,Morning,46,66,308.27
2024-12-26,OUT-02,Midday,58,87,598.5
2024-12-26,OUT-02,Evening,35,48,328.7
2024-12-27,OUT-02,Morning,60,81,413.03
2024-12-27,OUT-02,Midday,65,95,679.87
2024-12-27,OUT-02,Evening,56,84,506.91
2024-12-28,OUT-02,Morning,77,120,555.68
2024-12-28,OUT-02,Midday,88,128,901.34
2024-12-28,OUT-02,Evening,60,90,599.43
2024-12-29,OUT-02,Morning,94,130,557.09
2024-12-29,OUT-02,Midday,99,144,979.85
2024-12-29,OUT-02,Evening,80,121,707.45
2024-12-30,OUT-02,Morning,32,45,225.18
2024-12-30,OUT-02,Midday,39,62,379.61
2024-12-30,OUT-02,Evening,26,39,238.33
2024-12-31,OUT-02,Morning,65,92,393.5
2024-12-31,OUT-02,Midday,54,76,622.52
2024-12-31,OUT-02,Evening,47,62,403.61
2025-01-01,OUT-02,Morning,39,54,245.6
2025-01-01,OUT-02,Midday,45,64,462.29
2025-01-01,OUT-02,Evening,30,41,286.69
2025-01-02,OUT-02,Morning,56,82,401.66
2025-01-02,OUT-02,Midday,57,86,588.87
2025-01-02,OUT-02,Evening,43,64,423.31
2025-01-03,OUT-02,Morning,55,81,362.15
2025-01-03,OUT-02,Midday,55,77,596.68
2025-01-03,OUT-02,Evening,40,57,390.95
2025-01-04,OUT-02,Morning,98,136,630.89
2025-01-04,OUT-02,Midday,95,140,1016.07
2025-01-04,OUT-02,Evening,65,96,667.22
2025-01-05,OUT-02,Morning,73,103,501.28
2025-01-05,OUT-02,Midday,94,130,966.78
2025-01-05,OUT-02,Evening,76,108,669.12
2025-01-06,OUT-02,Morning,36,54,253.1
2025-01-06,OUT-02,Midday,46,68,454.39
2025-01-06,OUT-02,Evening,36,52,320.21
2025-01-07,OUT-02,Morning,49,73,327.76
2025-01-07,OUT-02,Midday,54,80,518.9
2025-01-07,OUT-02,Evening,37,48,368.59
2025-01-08,OUT-02,Morning,40,63,274.35
2025-01-08,OUT-02,Midday,44,64,456.23
2025-01-08,OUT-02,Evening,33,49,299.63
2025-01-09,OUT-02,Morning,62,91,417.6
2025-01-09,OUT-02,Midday,61,86,618.59
2025-01-09,OUT-02,Evening,48,66,414.62
2025-01-10,OUT-02,Morning,36,55,244.57
2025-01-10,OUT-02,Midday,47,73,491.63
2025-01-10,OUT-02,Evening,41,61,367.35
2025-01-11,OUT-02,Morning,78,115,538.1
2025-01-11,OUT-02,Midday,83,120,862.57
2025-01-11,OUT-02,Evening,61,81,583.31
2025-01-12,OUT-02,Morning,82,115,529.46
2025-01-12,OUT-02,Midday,87,120,885.27
2025-01-12,OUT-02,Evening,59,86,566.19
2025-01-13,OUT-02,Morning,56,83,358.63
2025-01-13,OUT-02,Midday,59,86,635.09
2025-01-13,OUT-02,Evening,48,67,432.46
2025-01-14,OUT-02,Morning,50,70,335.83
2025-01-14,OUT-02,Midday,44,58,513.74
2025-01-14,OUT-02,Evening,44,63,372.49
2025-01-15,OUT-02,Morning,56,73,395.89
2025-01-15,OUT-02,Midday,57,85,592.17
2025-01-15,OUT-02,Evening,49,71,461.56
2025-01-16,OUT-02,Morning,67,97,423.97
2025-01-16,OUT-02,Midday,62,90,663.76
2025-01-16,OUT-02,Evening,57,81,496.9
2025-01-17,OUT-02,Morning,65,93,400.16
2025-01-17,OUT-02,Midday,65,88,675.84
2025-01-17,OUT-02,Evening,49,70,493.93
2025-01-18,OUT-02,Morning,87,125,639.86
2025-01-18,OUT-02,Midday,92,134,972.46
2025-01-18,OUT-02,Evening,72,103,689.46
2025-01-19,OUT-02,Morning,67,100,450.13
2025-01-19,OUT-02,Midday,74,112,764.82
2025-01-19,OUT-02,Evening,60,90,510.21
2025-01-20,OUT-02,Morning,41,62,277.97
2025-01-20,OUT-02,Midday,43,67,448.57
2025-01-20,OUT-02,Evening,38,57,354.99
2025-01-21,OUT-02,Morning,39,54,279.51
2025-01-21,OUT-02,Midday,47,70,475.72
2025-01-21,OUT-02,Evening,36,53,318.24
2025-01-22,OUT-02,Morning,53,79,341.4
2025-01-22,OUT-02,Midday,59,93,689.03
2025-01-22,OUT-02,Evening,46,65,436.34
2025-01-23,OUT-02,Morning,48,66,309.88
2025-01-23,OUT-02,Midday,63,91,655.03
2025-01-23,OUT-02,Evening,53,75,471.49
2025-01-24,OUT-02,Morning,74,107,491.36
2025-01-24,OUT-02,Midday,83,123,873.04
2025-01-24,OUT-02,Evening,53,72,516.64
2025-01-25,OUT-02,Morning,88,120,587.28
2025-01-25,OUT-02,Midday,89,137,887.49
2025-01-25,OUT-02,Evening,67,101,655.34
2025-01-26,OUT-02,Morning,75,114,485.33
2025-01-26,OUT-02,Midday,81,130,909.76
2025-01-26,OUT-02,Evening,66,92,608.67
2025-01-27,OUT-02,Morning,47,72,319.32
2025-01-27,OUT-02,Midday,47,66,532.19
2025-01-27,OUT-02,Evening,39,58,366.91
2025-01-28,OUT-02,Morning,46,73,330.87
2025-01-28,OUT-02,Midday,60,87,600.64
2025-01-28,OUT-02,Evening,45,67,401.25
2025-01-29,OUT-02,Morning,37,56,240.71
2025-01-29,OUT-02,Midday,37,53,388.04
2025-01-29,OUT-02,Evening,31,44,298.98
2025-01-30,OUT-02,Morning,41,62,262.18
2025-01-30,OUT-02,Midday,57,82,556.11
2025-01-30,OUT-02,Evening,35,49,336.06
2025-01-31,OUT-02,Morning,60,86,398.08
2025-01-31,OUT-02,Midday,63,91,639.09
2025-01-31,OUT-02,Evening,52,76,463.89
2025-02-01,OUT-02,Morning,81,117,503.22
2025-02-01,OUT-02,Midday,104,155,1075.54
2025-02-01,OUT-02,Evening,87,128,759.34
2025-02-02,OUT-02,Morning,65,92,414.64
2025-02-02,OUT-02,Midday,62,87,640.12
2025-02-02,OUT-02,Evening,47,64,442.3
2025-02-03,OUT-02,Morning,35,52,231.67
2025-02-03,OUT-02,Midday,55,75,541.54
2025-02-03,OUT-02,Evening,36,52,337.3
2025-02-04,OUT-02,Morning,55,81,370.26
2025-02-04,OUT-02,Midday,56,82,585.98
2025-02-04,OUT-02,Evening,41,57,374.46
2025-02-05,OUT-02,Morning,45,64,298.96
2025-02-05,OUT-02,Midday,48,69,552.89
2025-02-05,OUT-02,Evening,40,62,360.54
2025-02-06,OUT-02,Morning,63,95,399.31
2025-02-06,OUT-02,Midday,73,104,747.88
2025-02-06,OUT-02,Evening,54,84,488.94
2025-02-07,OUT-02,Morning,72,112,473.46
2025-02-07,OUT-02,Midday,87,130,865.49
2025-02-07,OUT-02,Evening,63,90,611.99
2025-02-08,OUT-02,Morning,68,101,509.02
2025-02-08,OUT-02,Midday,76,103,793.01
2025-02-08,OUT-02,Evening,72,106,622.76
2025-02-09,OUT-02,Morning,71,96,500.25
2025-02-09,OUT-02,Midday,70,107,734.47
2025-02-09,OUT-02,Evening,68,98,624.77
2025-02-10,OUT-02,Morning,55,80,358.66
2025-02-10,OUT-02,Midday,63,96,669.38
2025-02-10,OUT-02,Evening,56,80,481.35
2025-02-11,OUT-02,Morning,58,84,364.77
2025-02-11,OUT-02,Midday,53,78,578.66
2025-02-11,OUT-02,Evening,47,68,410.04
2025-02-12,OUT-02,Morning,52,73,329.83
2025-02-12,OUT-02,Midday,57,77,563.19
2025-02-12,OUT-02,Evening,41,61,371.28
2025-02-13,OUT-02,Morning,52,78,327.02
2025-02-13,OUT-02,Midday,50,77,544.04
2025-02-13,OUT-02,Evening,45,63,414.51
2025-02-14,OUT-02,Morning,59,88,368.61
2025-02-14,OUT-02,Midday,52,78,605.32
2025-02-14,OUT-02,Evening,42,63,390.21
2025-02-15,OUT-02,Morning,73,106,524.17
2025-02-15,OUT-02,Midday,82,127,852.45
2025-02-15,OUT-02,Evening,66,98,616.93
2025-02-16,OUT-02,Morning,61,94,404.88
2025-02-16,OUT-02,Midday,67,95,720.41
2025-02-16,OUT-02,Evening,51,80,493.92
2025-02-17,OUT-02,Morning,48,69,306.09
2025-02-17,OUT-02,Midday,48,70,511.07
2025-02-17,OUT-02,Evening,39,58,354.33
2025-02-18,OUT-02,Morning,51,76,324.98
2025-02-18,OUT-02,Midday,49,73,521.76
2025-02-18,OUT-02,Evening,39,61,362.32
2025-02-19,OUT-02,Morning,50,74,348.47
2025-02-19,OUT-02,Midday,52,76,506.74
2025-02-19,OUT-02,Evening,45,61,410.9
2025-02-20,OUT-02,Morning,49,70,327.29
2025-02-20,OUT-02,Midday,54,79,590.03
2025-02-20,OUT-02,Evening,38,59,382.03
2025-02-21,OUT-02,Morning,53,80,382.38
2025-02-21,OUT-02,Midday,57,82,612.77
2025-02-21,OUT-02,Evening,47,69,432.89
2025-02-22,OUT-02,Morning,74,106,515.88
2025-02-22,OUT-02,Midday,82,116,894.53
2025-02-22,OUT-02,Evening,57,87,546.73
2025-02-23,OUT-02,Morning,55,77,402.08
2025-02-23,OUT-02,Midday,77,112,767.5
2025-02-23,OUT-02,Evening,59,97,561.73
2025-02-24,OUT-02,Morning,40,58,267.61
2025-02-24,OUT-02,Midday,41,62,471.67
2025-02-24,OUT-02,Evening,32,48,305.0
2025-02-25,OUT-02,Morning,49,72,318.5
2025-02-25,OUT-02,Midday,50,77,539.62
2025-02-25,OUT-02,Evening,38,53,381.51
2025-02-26,OUT-02,Morning,52,78,349.11
2025-02-26,OUT-02,Midday,57,84,615.13
2025-02-26,OUT-02,Evening,42,64,381.86
2025-02-27,OUT-02,Morning,58,83,366.07
2025-02-27,OUT-02,Midday,52,77,607.62
2025-02-27,OUT-02,Evening,47,65,434.51
2025-02-28,OUT-02,Morning,69,106,452.92
2025-02-28,OUT-02,Midday,75,108,842.74
2025-02-28,OUT-02,Evening,63,92,539.88
2025-03-01,OUT-02,Morning,79,114,508.37
2025-03-01,OUT-02,Midday,80,116,830.61
2025-03-01,OUT-02,Evening,69,104,646.98
2025-03-02,OUT-02,Morning,76,112,518.57
2025-03-02,OUT-02,Midday,94,135,949.21
2025-03-02,OUT-02,Evening,66,91,634.54
2025-03-03,OUT-02,Morning,58,85,365.39
2025-03-03,OUT-02,Midday,66,94,694.58
2025-03-03,OUT-02,Evening,44,65,415.55
2025-03-04,OUT-02,Morning,44,63,271.32
2025-03-04,OUT-02,Midday,40,58,435.77
2025-03-04,OUT-02,Evening,30,45,293.41
2025-03-05,OUT-02,Morning,74,107,493.06
2025-03-05,OUT-02,Midday,70,104,743.58
2025-03-05,OUT-02,Evening,57,84,510.95
2025-03-06,OUT-02,Morning,55,79,362.6
2025-03-06,OUT-02,Midday,65,96,675.0
2025-03-06,OUT-02,Evening,42,60,404.23
2025-03-07,OUT-02,Morning,51,77,343.01
2025-03-07,OUT-02,Midday,52,75,522.26
2025-03-07,OUT-02,Evening,40,54,384.82
2025-03-08,OUT-02,Morning,83,124,539.92
2025-03-08,OUT-02,Midday,75,106,771.92
2025-03-08,OUT-02,Evening,69,104,590.69
2025-03-09,OUT-02,Morning,80,125,571.42
2025-03-09,OUT-02,Midday,83,119,938.02
2025-03-09,OUT-02,Evening,73,113,620.71
2025-03-10,OUT-02,Morning,34,50,228.97
2025-03-10,OUT-02,Midday,36,54,397.9
2025-03-10,OUT-02,Evening,31,44,283.83
2025-03-11,OUT-02,Morning,53,76,347.71
2025-03-11,OUT-02,Midday,51,72,530.26
2025-03-11,OUT-02,Evening,35,49,319.07
2025-03-12,OUT-02,Morning,51,79,337.97
2025-03-12,OUT-02,Midday,62,89,594.69
2025-03-12,OUT-02,Evening,39,56,374.48
2025-03-13,OUT-02,Morning,59,80,398.08
2025-03-13,OUT-02,Midday,69,99,665.68
2025-03-13,OUT-02,Evening,52,73,437.33
2025-03-14,OUT-02,Morning,67,101,427.88
2025-03-14,OUT-02,Midday,77,121,814.28
2025-03-14,OUT-02,Evening,57,87,575.78
2025-03-15,OUT-02,Morning,79,101,573.59
2025-03-15,OUT-02,Midday,74,100,930.5
2025-03-15,OUT-02,Evening,60,82,607.52
2025-03-16,OUT-02,Morning,70,103,471.25
2025-03-16,OUT-02,Midday,83,118,842.91
2025-03-16,OUT-02,Evening,59,89,545.94
2025-03-17,OUT-02,Morning,45,67,294.0
2025-03-17,OUT-02,Midday,41,63,463.56
2025-03-17,OUT-02,Evening,37,58,338.02
2025-03-18,OUT-02,Morning,46,70,310.82
2025-03-18,OUT-02,Midday,60,86,639.74
2025-03-18,OUT-02,Evening,44,64,428.16
2025-03-19,OUT-02,Morning,54,83,365.19
2025-03-19,OUT-02,Midday,60,81,639.99
2025-03-19,OUT-02,Evening,46,65,424.78
2025-03-20,OUT-02,Morning,51,73,339.7
2025-03-20,OUT-02,Midday,51,73,591.04
2025-03-20,OUT-02,Evening,41,60,416.5
2025-03-21,OUT-02,Morning,56,76,386.32
2025-03-21,OUT-02,Midday,60,87,627.34
2025-03-21,OUT-02,Evening,45,65,450.67
2025-03-22,OUT-02,Morning,79,113,517.63
2025-03-22,OUT-02,Midday,100,143,1058.64
2025-03-22,OUT-02,Evening,78,114,695.3
2025-03-23,OUT-02,Morning,57,85,410.66
2025-03-23,OUT-02,Midday,77,111,808.6
2025-03-23,OUT-02,Evening,55,81,539.92
2025-03-24,OUT-02,Morning,55,80,368.49
2025-03-24,OUT-02,Midday,55,80,590.21
2025-03-24,OUT-02,Evening,41,58,372.07
2025-03-25,OUT-02,Morning,52,76,369.77
2025-03-25,OUT-02,Midday,45,67,546.87
2025-03-25,OUT-02,Evening,42,58,402.51
2025-03-26,OUT-02,Morning,62,88,431.85
2025-03-26,OUT-02,Midday,76,119,755.91
2025-03-26,OUT-02,Evening,54,75,497.33
2025-03-27,OUT-02,Morning,42,60,296.07
2025-03-27,OUT-02,Midday,47,69,522.56
2025-03-27,OUT-02,Evening,41,58,373.4
2025-03-28,OUT-02,Morning,79,116,540.97
2025-03-28,OUT-02,Midday,74,106,808.52
2025-03-28,OUT-02,Evening,63,87,567.81
2025-03-29,OUT-02,Morning,64,91,436.27
2025-03-29,OUT-02,Midday,92,126,902.27
2025-03-29,OUT-02,Evening,53,73,512.8
2025-03-30,OUT-02,Morning,81,116,493.86
2025-03-30,OUT-02,Midday,81,110,867.85
2025-03-30,OUT-02,Evening,56,74,511.06
2025-03-31,OUT-02,Morning,29,44,188.48
2025-03-31,OUT-02,Midday,30,41,327.93
2025-03-31,OUT-02,Evening,22,33,223.45
2025-04-01,OUT-02,Morning,51,79,342.38
2025-04-01,OUT-02,Midday,59,86,634.83
2025-04-01,OUT-02,Evening,38,51,336.96
2025-04-02,OUT-02,Morning,51,80,309.12
2025-04-02,OUT-02,Midday,51,67,526.62
2025-04-02,OUT-02,Evening,44,63,433.07
2025-04-03,OUT-02,Morning,61,87,381.35
2025-04-03,OUT-02,Midday,75,113,734.0
2025-04-03,OUT-02,Evening,47,72,484.88
2025-04-04,OUT-02,Morning,65,88,416.13
2025-04-04,OUT-02,Midday,66,94,711.05
2025-04-04,OUT-02,Evening,56,80,515.6
2025-04-05,OUT-02,Morning,83,120,546.04
2025-04-05,OUT-02,Midday,89,127,992.36
2025-04-05,OUT-02,Evening,80,122,755.68
2025-04-06,OUT-02,Morning,96,143,625.42
2025-04-06,OUT-02,Midday,101,149,1016.2
2025-04-06,OUT-02,Evening,71,105,666.46
2025-04-07,OUT-02,Morning,34,52,222.94
2025-04-07,OUT-02,Midday,46,69,447.38
2025-04-07,OUT-02,Evening,39,58,356.8
2025-04-08,OUT-02,Morning,46,69,292.72
2025-04-08,OUT-02,Midday,48,71,542.35
2025-04-08,OUT-02,Evening,37,55,345.17
2025-04-09,OUT-02,Morning,51,71,351.81
2025-04-09,OUT-02,Midday,59,88,629.05
2025-04-09,OUT-02,Evening,44,64,419.77
2025-04-10,OUT-02,Morning,53,70,369.94
2025-04-10,OUT-02,Midday,47,65,508.22
2025-04-10,OUT-02,Evening,45,69,388.78
2025-04-11,OUT-02,Morning,62,94,405.48
2025-04-11,OUT-02,Midday,71,102,754.0
2025-04-11,OUT-02,Evening,61,94,522.53
2025-04-12,OUT-02,Morning,91,130,606.62
2025-04-12,OUT-02,Midday,93,127,1058.45
2025-04-12,OUT-02,Evening,78,114,734.7
2025-04-13,OUT-02,Morning,74,103,484.3
2025-04-13,OUT-02,Midday,73,103,842.78
2025-04-13,OUT-02,Evening,64,93,557.07
2025-04-14,OUT-02,Morning,60,84,389.12
2025-04-14,OUT-02,Midday,60,85,642.99
2025-04-14,OUT-02,Evening,47,66,462.27
2025-04-15,OUT-02,Morning,54,84,336.36
2025-04-15,OUT-02,Midday,54,73,570.18
2025-04-15,OUT-02,Evening,41,62,398.83
2025-04-16,OUT-02,Morning,57,84,379.56
2025-04-16,OUT-02,Midday,51,79,566.7
2025-04-16,OUT-02,Evening,47,67,408.55
2025-04-17,OUT-02,Morning,65,89,406.17
2025-04-17,OUT-02,Midday,75,111,719.95
2025-04-17,OUT-02,Evening,51,69,469.93
2025-04-18,OUT-02,Morning,42,59,285.2
2025-04-18,OUT-02,Midday,40,60,425.96
2025-04-18,OUT-02,Evening,32,45,282.19
2025-04-19,OUT-02,Morning,92,133,554.75
2025-04-19,OUT-02,Midday,87,124,868.78
2025-04-19,OUT-02,Evening,73,103,658.36
2025-04-20,OUT-02,Morning,78,110,503.06
2025-04-20,OUT-02,Midday,100,153,1083.73
2025-04-20,OUT-02,Evening,65,95,636.48
2025-04-21,OUT-02,Morning,40,62,268.64
2025-04-21,OUT-02,Midday,52,78,571.2
2025-04-21,OUT-02,Evening,36,57,366.4
2025-04-22,OUT-02,Morning,58,85,379.64
2025-04-22,OUT-02,Midday,57,89,592.51
2025-04-22,OUT-02,Evening,44,65,428.18
2025-04-23,OUT-02,Morning,46,72,334.62
2025-04-23,OUT-02,Midday,65,97,667.55
2025-04-23,OUT-02,Evening,47,69,449.49
2025-04-24,OUT-02,Morning,59,86,415.03
2025-04-24,OUT-02,Midday,68,97,675.56
2025-04-24,OUT-02,Evening,44,63,420.85
2025-04-25,OUT-02,Morning,50,74,308.13
2025-04-25,OUT-02,Midday,58,86,574.24
2025-04-25,OUT-02,Evening,40,59,366.32
2025-04-26,OUT-02,Morning,86,118,553.17
2025-04-26,OUT-02,Midday,97,145,1020.09
2025-04-26,OUT-02,Evening,76,115,675.44
2025-04-27,OUT-02,Morning,78,112,503.17
2025-04-27,OUT-02,Midday,90,132,932.63
2025-04-27,OUT-02,Evening,57,82,578.51
2025-04-28,OUT-02,Morning,61,85,384.48
2025-04-28,OUT-02,Midday,53,79,540.58
2025-04-28,OUT-02,Evening,49,75,417.4
2025-04-29,OUT-02,Morning,49,73,340.51
2025-04-29,OUT-02,Midday,58,83,637.92
2025-04-29,OUT-02,Evening,38,54,368.57
2025-04-30,OUT-02,Morning,40,59,276.65
2025-04-30,OUT-02,Midday,38,51,465.29
2025-04-30,OUT-02,Evening,34,46,315.25
2025-05-01,OUT-02,Morning,45,66,303.46
2025-05-01,OUT-02,Midday,56,83,537.89
2025-05-01,OUT-02,Evening,42,59,351.96
2025-05-02,OUT-02,Morning,61,88,384.4
2025-05-02,OUT-02,Midday,62,91,647.7
2025-05-02,OUT-02,Evening,45,66,422.55
2025-05-03,OUT-02,Morning,73,110,465.56
2025-05-03,OUT-02,Midday,91,136,922.23
2025-05-03,OUT-02,Evening,54,83,524.74
2025-05-04,OUT-02,Morning,97,141,601.94
2025-05-04,OUT-02,Midday,92,123,957.94
2025-05-04,OUT-02,Evening,64,88,596.13
2025-05-05,OUT-02,Morning,52,76,312.3
2025-05-05,OUT-02,Midday,57,82,601.34
2025-05-05,OUT-02,Evening,43,63,400.71
2025-05-06,OUT-02,Morning,57,81,346.43
2025-05-06,OUT-02,Midday,45,69,518.01
2025-05-06,OUT-02,Evening,41,58,388.51
2025-05-07,OUT-02,Morning,61,85,377.37
2025-05-07,OUT-02,Midday,58,81,618.1
2025-05-07,OUT-02,Evening,38,53,367.84
2025-05-08,OUT-02,Morning,44,62,312.92
2025-05-08,OUT-02,Midday,46,66,535.6
2025-05-08,OUT-02,Evening,41,60,410.82
2025-05-09,OUT-02,Morning,74,105,478.75
2025-05-09,OUT-02,Midday,83,126,887.38
2025-05-09,OUT-02,Evening,48,69,483.68
2025-05-10,OUT-02,Morning,106,154,659.12
2025-05-10,OUT-02,Midday,98,143,1032.7
2025-05-10,OUT-02,Evening,82,123,786.72
2025-05-11,OUT-02,Morning,83,118,544.84
2025-05-11,OUT-02,Midday,82,114,888.72
2025-05-11,OUT-02,Evening,71,98,663.23
2025-05-12,OUT-02,Morning,37,56,227.16
2025-05-12,OUT-02,Midday,43,63,414.08
2025-05-12,OUT-02,Evening,28,40,263.04
2025-05-13,OUT-02,Morning,49,72,302.0
2025-05-13,OUT-02,Midday,54,83,571.84
2025-05-13,OUT-02,Evening,40,59,352.54
2025-05-14,OUT-02,Morning,56,86,360.84
2025-05-14,OUT-02,Midday,59,91,634.99
2025-05-14,OUT-02,Evening,50,71,447.77
2025-05-15,OUT-02,Morning,72,97,462.9
2025-05-15,OUT-02,Midday,67,92,715.83
2025-05-15,OUT-02,Evening,46,69,439.45
2025-05-16,OUT-02,Morning,52,71,388.42
2025-05-16,OUT-02,Midday,59,84,624.8
2025-05-16,OUT-02,Evening,48,69,416.76
2025-05-17,OUT-02,Morning,87,122,579.29
2025-05-17,OUT-02,Midday,91,123,926.06
2025-05-17,OUT-02,Evening,72,102,662.52
2025-05-18,OUT-02,Morning,85,131,546.04
2025-05-18,OUT-02,Midday,92,137,968.41
2025-05-18,OUT-02,Evening,70,102,660.31
2025-05-19,OUT-02,Morning,68,100,413.69
2025-05-19,OUT-02,Midday,63,97,648.71
2025-05-19,OUT-02,Evening,50,75,475.35
2025-05-20,OUT-02,Morning,49,70,316.32
2025-05-20,OUT-02,Midday,62,92,612.75
2025-05-20,OUT-02,Evening,43,61,384.57
2025-05-21,OUT-02,Morning,52,73,359.91
2025-05-21,OUT-02,Midday,60,80,599.59
2025-05-21,OUT-02,Evening,49,73,459.55
2025-05-22,OUT-02,Morning,74,103,482.2
2025-05-22,OUT-02,Midday,74,114,735.24
2025-05-22,OUT-02,Evening,55,82,475.36
2025-05-23,OUT-02,Morning,72,99,490.7
2025-05-23,OUT-02,Midday,82,121,868.75
2025-05-23,OUT-02,Evening,58,89,537.06
2025-05-24,OUT-02,Morning,72,102,493.91
2025-05-24,OUT-02,Midday,88,132,901.55
2025-05-24,OUT-02,Evening,58,89,547.19
2025-05-25,OUT-02,Morning,83,124,502.38
2025-05-25,OUT-02,Midday,88,132,873.79
2025-05-25,OUT-02,Evening,67,103,618.34
2025-05-26,OUT-02,Morning,51,78,349.04
2025-05-26,OUT-02,Midday,55,77,584.63
2025-05-26,OUT-02,Evening,39,59,372.74
2025-05-27,OUT-02,Morning,40,61,280.81
2025-05-27,OUT-02,Midday,42,64,514.25
2025-05-27,OUT-02,Evening,35,52,347.71
2025-05-28,OUT-02,Morning,44,63,325.59
2025-05-28,OUT-02,Midday,52,72,597.49
2025-05-28,OUT-02,Evening,39,58,370.47
2025-05-29,OUT-02,Morning,62,92,431.49
2025-05-29,OUT-02,Midday,60,85,646.94
2025-05-29,OUT-02,Evening,47,68,464.73
2025-05-30,OUT-02,Morning,53,72,340.73
2025-05-30,OUT-02,Midday,66,93,715.63
2025-05-30,OUT-02,Evening,48,68,493.83
2025-05-31,OUT-02,Morning,100,142,632.27
2025-05-31,OUT-02,Midday,83,117,926.42
2025-05-31,OUT-02,Evening,74,104,669.68
2025-06-01,OUT-02,Morning,80,112,557.16
2025-06-01,OUT-02,Midday,82,119,932.35
2025-06-01,OUT-02,Evening,61,90,615.79
2025-06-02,OUT-02,Morning,42,62,275.54
2025-06-02,OUT-02,Midday,54,76,565.04
2025-06-02,OUT-02,Evening,44,67,399.67
2025-06-03,OUT-02,Morning,50,67,321.89
2025-06-03,OUT-02,Midday,58,80,597.53
2025-06-03,OUT-02,Evening,43,61,398.65
2025-06-04,OUT-02,Morning,55,82,355.83
2025-06-04,OUT-02,Midday,64,93,631.38
2025-06-04,OUT-02,Evening,47,67,405.12
2025-06-05,OUT-02,Morning,55,85,356.55
2025-06-05,OUT-02,Midday,63,100,654.2
2025-06-05,OUT-02,Evening,42,62,390.04
2025-06-06,OUT-02,Morning,54,78,373.79
2025-06-06,OUT-02,Midday,64,84,662.72
2025-06-06,OUT-02,Evening,48,65,454.15
2025-06-07,OUT-02,Morning,68,106,462.48
2025-06-07,OUT-02,Midday,61,91,616.95
2025-06-07,OUT-02,Evening,48,68,474.37
2025-06-08,OUT-02,Morning,73,111,477.77
2025-06-08,OUT-02,Midday,78,116,810.44
2025-06-08,OUT-02,Evening,61,90,556.13
2025-06-09,OUT-02,Morning,46,68,314.13
2025-06-09,OUT-02,Midday,56,73,572.76
2025-06-09,OUT-02,Evening,44,69,393.97
2025-06-10,OUT-02,Morning,43,61,266.07
2025-06-10,OUT-02,Midday,41,61,455.27
2025-06-10,OUT-02,Evening,38,53,373.22
2025-06-11,OUT-02,Morning,44,61,316.34
2025-06-11,OUT-02,Midday,50,68,503.07
2025-06-11,OUT-02,Evening,43,63,395.69
2025-06-12,OUT-02,Morning,56,81,383.36
2025-06-12,OUT-02,Midday,61,98,633.47
2025-06-12,OUT-02,Evening,42,60,388.42
2025-06-13,OUT-02,Morning,55,71,364.67
2025-06-13,OUT-02,Midday,53,73,593.92
2025-06-13,OUT-02,Evening,43,60,402.44
2025-06-14,OUT-02,Morning,88,119,538.93
2025-06-14,OUT-02,Midday,85,121,874.86
2025-06-14,OUT-02,Evening,53,74,548.86
2025-06-15,OUT-02,Morning,89,135,564.53
2025-06-15,OUT-02,Midday,81,114,851.64
2025-06-15,OUT-02,Evening,75,107,634.0
2025-06-16,OUT-02,Morning,57,80,379.32
2025-06-16,OUT-02,Midday,61,84,663.37
2025-06-16,OUT-02,Evening,44,66,391.06
2025-06-17,OUT-02,Morning,66,101,402.59
2025-06-17,OUT-02,Midday,55,80,592.54
2025-06-17,OUT-02,Evening,51,73,464.17
2025-06-18,OUT-02,Morning,56,80,354.62
2025-06-18,OUT-02,Midday,51,75,535.07
2025-06-18,OUT-02,Evening,40,61,376.49
2025-06-19,OUT-02,Morning,58,75,366.08
2025-06-19,OUT-02,Midday,47,75,523.17
2025-06-19,OUT-02,Evening,35,51,336.48
2025-06-20,OUT-02,Morning,72,107,430.15
2025-06-20,OUT-02,Midday,74,111,769.71
2025-06-20,OUT-02,Evening,56,76,530.68
2025-06-21,OUT-02,Morning,94,140,629.18
2025-06-21,OUT-02,Midday,88,134,902.08
2025-06-21,OUT-02,Evening,67,94,592.79
2025-06-22,OUT-02,Morning,63,90,429.69
2025-06-22,OUT-02,Midday,67,103,727.14
2025-06-22,OUT-02,Evening,48,69,456.24
2025-06-23,OUT-02,Morning,59,85,372.05
2025-06-23,OUT-02,Midday,50,75,536.27
2025-06-23,OUT-02,Evening,40,60,371.0
2025-06-24,OUT-02,Morning,52,76,328.28
2025-06-24,OUT-02,Midday,50,74,501.69
2025-06-24,OUT-02,Evening,36,53,351.57
2025-06-25,OUT-02,Morning,52,77,341.53
2025-06-25,OUT-02,Midday,56,79,602.17
2025-06-25,OUT-02,Evening,48,74,432.39
2025-06-26,OUT-02,Morning,54,76,350.17
2025-06-26,OUT-02,Midday,53,76,592.82
2025-06-26,OUT-02,Evening,52,82,447.82
2025-06-27,OUT-02,Morning,62,89,407.68
2025-06-27,OUT-02,Midday,66,95,734.56
2025-06-27,OUT-02,Evening,63,91,600.51
2025-06-28,OUT-02,Morning,63,93,427.25
2025-06-28,OUT-02,Midday,67,96,698.6
2025-06-28,OUT-02,Evening,46,59,450.3
2025-06-29,OUT-02,Morning,76,113,469.82
2025-06-29,OUT-02,Midday,64,90,679.38
2025-06-29,OUT-02,Evening,51,74,485.64
2025-06-30,OUT-02,Morning,47,67,312.72
2025-06-30,OUT-02,Midday,45,68,490.74
2025-06-30,OUT-02,Evening,38,53,343.38
2024-01-01,OUT-03,Morning,91,138,603.52
2024-01-01,OUT-03,Midday,43,62,475.56
2024-01-01,OUT-03,Evening,18,26,175.92
2024-01-02,OUT-03,Morning,121,174,777.63
2024-01-02,OUT-03,Midday,67,96,665.03
2024-01-02,OUT-03,Evening,24,33,210.05
2024-01-03,OUT-03,Morning,125,188,803.45
2024-01-03,OUT-03,Midday,53,78,585.52
2024-01-03,OUT-03,Evening,28,39,241.71
2024-01-04,OUT-03,Morning,127,189,903.33
2024-01-04,OUT-03,Midday,62,94,656.49
2024-01-04,OUT-03,Evening,28,38,256.63
2024-01-05,OUT-03,Morning,126,167,786.12
2024-01-05,OUT-03,Midday,63,87,678.38
2024-01-05,OUT-03,Evening,23,34,239.6
2024-01-06,OUT-03,Morning,65,98,436.81
2024-01-06,OUT-03,Midday,35,54,380.02
2024-01-06,OUT-03,Evening,16,22,137.94
2024-01-07,OUT-03,Morning,48,67,328.29
2024-01-07,OUT-03,Midday,28,38,300.62
2024-01-07,OUT-03,Evening,11,16,97.98
2024-01-08,OUT-03,Morning,127,193,830.13
2024-01-08,OUT-03,Midday,61,88,644.51
2024-01-08,OUT-03,Evening,27,40,256.39
2024-01-09,OUT-03,Morning,141,215,856.82
2024-01-09,OUT-03,Midday,60,82,606.85
2024-01-09,OUT-03,Evening,26,39,242.15
2024-01-10,OUT-03,Morning,138,196,894.97
2024-01-10,OUT-03,Midday,60,92,585.43
2024-01-10,OUT-03,Evening,25,37,247.32
2024-01-11,OUT-03,Morning,141,203,975.06
2024-01-11,OUT-03,Midday,66,92,696.26
2024-01-11,OUT-03,Evening,29,44,276.96
2024-01-12,OUT-03,Morning,135,203,880.94
2024-01-12,OUT-03,Midday,65,96,696.77
2024-01-12,OUT-03,Evening,28,39,252.82
2024-01-13,OUT-03,Morning,54,80,388.43
2024-01-13,OUT-03,Midday,30,45,300.43
2024-01-13,OUT-03,Evening,12,18,115.12
2024-01-14,OUT-03,Morning,41,59,275.38
2024-01-14,OUT-03,Midday,23,31,244.48
2024-01-14,OUT-03,Evening,8,12,68.93
2024-01-15,OUT-03,Morning,135,204,849.04
2024-01-15,OUT-03,Midday,74,110,739.68
2024-01-15,OUT-03,Evening,29,41,262.86
2024-01-16,OUT-03,Morning,139,198,987.26
2024-01-16,OUT-03,Midday,70,106,732.22
2024-01-16,OUT-03,Evening,29,42,273.72
2024-01-17,OUT-03,Morning,148,223,949.21
2024-01-17,OUT-03,Midday,69,108,707.19
2024-01-17,OUT-03,Evening,25,35,232.08
2024-01-18,OUT-03,Morning,132,182,805.02
2024-01-18,OUT-03,Midday,57,75,613.17
2024-01-18,OUT-03,Evening,22,31,208.67
2024-01-19,OUT-03,Morning,144,210,910.33
2024-01-19,OUT-03,Midday,76,106,790.14
2024-01-19,OUT-03,Evening,28,41,249.13
2024-01-20,OUT-03,Morning,56,87,387.64
2024-01-20,OUT-03,Midday,28,41,292.02
2024-01-20,OUT-03,Evening,12,17,102.11
2024-01-21,OUT-03,Morning,51,76,328.21
2024-01-21,OUT-03,Midday,25,36,276.5
2024-01-21,OUT-03,Evening,12,18,110.13
2024-01-22,OUT-03,Morning,132,183,848.82
2024-01-22,OUT-03,Midday,61,85,611.03
2024-01-22,OUT-03,Evening,25,39,258.89
2024-01-23,OUT-03,Morning,137,206,906.68
2024-01-23,OUT-03,Midday,73,105,730.61
2024-01-23,OUT-03,Evening,29,41,266.41
2024-01-24,OUT-03,Morning,106,163,767.92
2024-01-24,OUT-03,Midday,64,94,694.98
2024-01-24,OUT-03,Evening,27,39,244.38
2024-01-25,OUT-03,Morning,120,173,893.93
2024-01-25,OUT-03,Midday,57,80,658.3
2024-01-25,OUT-03,Evening,23,32,242.04
2024-01-26,OUT-03,Morning,91,130,654.4
2024-01-26,OUT-03,Midday,54,83,572.64
2024-01-26,OUT-03,Evening,23,33,203.68
2024-01-27,OUT-03,Morning,67,97,463.36
2024-01-27,OUT-03,Midday,30,45,350.19
2024-01-27,OUT-03,Evening,12,17,122.47
2024-01-28,OUT-03,Morning,39,58,244.95
2024-01-28,OUT-03,Midday,21,30,223.4
2024-01-28,OUT-03,Evening,9,13,77.46
2024-01-29,OUT-03,Morning,144,196,856.01
2024-01-29,OUT-03,Midday,55,75,658.88
2024-01-29,OUT-03,Evening,26,38,233.8
2024-01-30,OUT-03,Morning,107,160,709.41
2024-01-30,OUT-03,Midday,55,86,540.36
2024-01-30,OUT-03,Evening,22,32,194.11
2024-01-31,OUT-03,Morning,144,212,920.61
2024-01-31,OUT-03,Midday,65,99,688.11
2024-01-31,OUT-03,Evening,25,36,232.25
2024-02-01,OUT-03,Morning,142,189,901.96
2024-02-01,OUT-03,Midday,58,90,662.18
2024-02-01,OUT-03,Evening,31,46,273.98
2024-02-02,OUT-03,Morning,130,186,838.51
2024-02-02,OUT-03,Midday,69,99,664.96
2024-02-02,OUT-03,Evening,27,39,257.75
2024-02-03,OUT-03,Morning,64,94,440.59
2024-02-03,OUT-03,Midday,39,60,392.39
2024-02-03,OUT-03,Evening,15,22,129.72
2024-02-04,OUT-03,Morning,49,72,329.18
2024-02-04,OUT-03,Midday,25,37,249.57
2024-02-04,OUT-03,Evening,10,14,88.97
2024-02-05,OUT-03,Morning,123,180,775.09
2024-02-05,OUT-03,Midday,59,85,677.65
2024-02-05,OUT-03,Evening,24,36,234.68
2024-02-06,OUT-03,Morning,148,206,953.07
2024-02-06,OUT-03,Midday,67,92,699.77
2024-02-06,OUT-03,Evening,29,43,279.09
2024-02-07,OUT-03,Morning,119,167,841.33
2024-02-07,OUT-03,Midday,56,87,581.74
2024-02-07,OUT-03,Evening,23,32,217.75
2024-02-08,OUT-03,Morning,122,171,833.29
2024-02-08,OUT-03,Midday,69,104,688.79
2024-02-08,OUT-03,Evening,29,40,266.8
2024-02-09,OUT-03,Morning,151,213,938.86
2024-02-09,OUT-03,Midday,62,89,673.33
2024-02-09,OUT-03,Evening,26,39,264.25
2024-02-10,OUT-03,Morning,58,79,352.26
2024-02-10,OUT-03,Midday,29,42,264.85
2024-02-10,OUT-03,Evening,10,14,92.22
2024-02-11,OUT-03,Morning,29,43,208.46
2024-02-11,OUT-03,Midday,14,21,147.23
2024-02-11,OUT-03,Evening,7,10,66.16
2024-02-12,OUT-03,Morning,119,176,845.31
2024-02-12,OUT-03,Midday,64,88,698.38
2024-02-12,OUT-03,Evening,23,33,213.06
2024-02-13,OUT-03,Morning,109,152,809.37
2024-02-13,OUT-03,Midday,55,83,581.62
2024-02-13,OUT-03,Evening,22,31,205.36
2024-02-14,OUT-03,Morning,144,199,1000.04
2024-02-14,OUT-03,Midday,73,104,771.4
2024-02-14,OUT-03,Evening,28,40,250.06
2024-02-15,OUT-03,Morning,150,209,1043.7
2024-02-15,OUT-03,Midday,84,127,882.03
2024-02-15,OUT-03,Evening,32,47,305.14
2024-02-16,OUT-03,Morning,149,223,949.32
2024-02-16,OUT-03,Midday,56,76,603.9
2024-02-16,OUT-03,Evening,26,38,246.43
2024-02-17,OUT-03,Morning,69,96,477.73
2024-02-17,OUT-03,Midday,33,45,360.74
2024-02-17,OUT-03,Evening,14,21,120.6
2024-02-18,OUT-03,Morning,56,82,374.91
2024-02-18,OUT-03,Midday,23,34,238.89
2024-02-18,OUT-03,Evening,12,17,103.0
2024-02-19,OUT-03,Morning,141,215,892.53
2024-02-19,OUT-03,Midday,69,105,729.11
2024-02-19,OUT-03,Evening,27,41,252.8
2024-02-20,OUT-03,Morning,152,218,953.55
2024-02-20,OUT-03,Midday,63,89,701.01
2024-02-20,OUT-03,Evening,28,41,287.34
2024-02-21,OUT-03,Morning,123,177,826.82
2024-02-21,OUT-03,Midday,69,99,735.27
2024-02-21,OUT-03,Evening,29,42,259.96
2024-02-22,OUT-03,Morning,121,185,799.45
2024-02-22,OUT-03,Midday,61,89,605.03
2024-02-22,OUT-03,Evening,26,37,248.22
2024-02-23,OUT-03,Morning,143,190,922.27
2024-02-23,OUT-03,Midday,73,101,771.11
2024-02-23,OUT-03,Evening,31,47,282.46
2024-02-24,OUT-03,Morning,58,80,394.93
2024-02-24,OUT-03,Midday,33,49,344.13
2024-02-24,OUT-03,Evening,13,20,120.12
2024-02-25,OUT-03,Morning,41,61,281.86
2024-02-25,OUT-03,Midday,24,34,256.7
2024-02-25,OUT-03,Evening,11,15,98.22
2024-02-26,OUT-03,Morning,150,218,943.49
2024-02-26,OUT-03,Midday,64,93,692.81
2024-02-26,OUT-03,Evening,29,43,254.37
2024-02-27,OUT-03,Morning,153,219,926.11
2024-02-27,OUT-03,Midday,66,94,702.71
2024-02-27,OUT-03,Evening,28,44,254.8
2024-02-28,OUT-03,Morning,154,209,979.66
2024-02-28,OUT-03,Midday,70,108,709.95
2024-02-28,OUT-03,Evening,29,43,273.28
2024-02-29,OUT-03,Morning,136,195,849.32
2024-02-29,OUT-03,Midday,61,84,610.57
2024-02-29,OUT-03,Evening,22,33,219.34
2024-03-01,OUT-03,Morning,165,235,1057.87
2024-03-01,OUT-03,Midday,79,115,863.52
2024-03-01,OUT-03,Evening,32,48,289.09
2024-03-02,OUT-03,Morning,61,87,406.38
2024-03-02,OUT-03,Midday,32,45,312.17
2024-03-02,OUT-03,Evening,13,18,130.44
2024-03-03,OUT-03,Morning,55,79,380.63
2024-03-03,OUT-03,Midday,30,44,305.05
2024-03-03,OUT-03,Evening,12,18,121.15
2024-03-04,OUT-03,Morning,138,201,886.59
2024-03-04,OUT-03,Midday,65,93,705.16
2024-03-04,OUT-03,Evening,29,42,274.4
2024-03-05,OUT-03,Morning,128,191,915.34
2024-03-05,OUT-03,Midday,58,82,629.29
2024-03-05,OUT-03,Evening,25,35,243.45
2024-03-06,OUT-03,Morning,156,214,936.95
2024-03-06,OUT-03,Midday,68,96,720.08
2024-03-06,OUT-03,Evening,28,41,260.53
2024-03-07,OUT-03,Morning,166,253,986.34
2024-03-07,OUT-03,Midday,85,118,915.23
2024-03-07,OUT-03,Evening,34,47,307.56
2024-03-08,OUT-03,Morning,122,167,837.05
2024-03-08,OUT-03,Midday,66,100,659.88
2024-03-08,OUT-03,Evening,24,37,226.15
2024-03-09,OUT-03,Morning,65,98,412.68
2024-03-09,OUT-03,Midday,34,48,361.9
2024-03-09,OUT-03,Evening,13,18,132.6
2024-03-10,OUT-03,Morning,49,77,340.79
2024-03-10,OUT-03,Midday,25,36,250.05
2024-03-10,OUT-03,Evening,12,18,112.91
2024-03-11,OUT-03,Morning,148,230,1016.33
2024-03-11,OUT-03,Midday,71,100,730.55
2024-03-11,OUT-03,Evening,30,45,288.66
2024-03-12,OUT-03,Morning,124,174,822.95
2024-03-12,OUT-03,Midday,58,83,606.98
2024-03-12,OUT-03,Evening,26,36,251.39
2024-03-13,OUT-03,Morning,110,151,742.5
2024-03-13,OUT-03,Midday,62,90,613.25
2024-03-13,OUT-03,Evening,22,32,205.02
2024-03-14,OUT-03,Morning,148,223,978.06
2024-03-14,OUT-03,Midday,73,109,815.7
2024-03-14,OUT-03,Evening,37,53,335.53
2024-03-15,OUT-03,Morning,124,194,821.72
2024-03-15,OUT-03,Midday,63,94,643.38
2024-03-15,OUT-03,Evening,28,41,250.31
2024-03-16,OUT-03,Morning,74,109,473.02
2024-03-16,OUT-03,Midday,31,45,320.2
2024-03-16,OUT-03,Evening,14,19,128.08
2024-03-17,OUT-03,Morning,56,89,349.13
2024-03-17,OUT-03,Midday,22,32,245.63
2024-03-17,OUT-03,Evening,9,13,82.12
2024-03-18,OUT-03,Morning,148,211,982.23
2024-03-18,OUT-03,Midday,64,94,708.78
2024-03-18,OUT-03,Evening,27,40,250.27
2024-03-19,OUT-03,Morning,137,208,873.29
2024-03-19,OUT-03,Midday,69,97,766.42
2024-03-19,OUT-03,Evening,28,44,283.3
2024-03-20,OUT-03,Morning,158,214,1074.79
2024-03-20,OUT-03,Midday,85,115,892.08
2024-03-20,OUT-03,Evening,37,52,338.22
2024-03-21,OUT-03,Morning,122,169,799.85
2024-03-21,OUT-03,Midday,72,107,758.03
2024-03-21,OUT-03,Evening,27,39,255.07
2024-03-22,OUT-03,Morning,115,162,777.97
2024-03-22,OUT-03,Midday,67,104,679.15
2024-03-22,OUT-03,Evening,27,39,225.72
2024-03-23,OUT-03,Morning,79,114,518.16
2024-03-23,OUT-03,Midday,41,57,435.99
2024-03-23,OUT-03,Evening,16,24,142.48
2024-03-24,OUT-03,Morning,52,73,318.63
2024-03-24,OUT-03,Midday,22,32,240.3
2024-03-24,OUT-03,Evening,10,14,99.17
2024-03-25,OUT-03,Morning,135,198,860.76
2024-03-25,OUT-03,Midday,67,104,662.86
2024-03-25,OUT-03,Evening,23,36,236.09
2024-03-26,OUT-03,Morning,127,178,853.45
2024-03-26,OUT-03,Midday,68,92,703.77
2024-03-26,OUT-03,Evening,24,38,225.71
2024-03-27,OUT-03,Morning,125,186,853.64
2024-03-27,OUT-03,Midday,61,89,691.11
2024-03-27,OUT-03,Evening,24,38,246.75
2024-03-28,OUT-03,Morning,125,183,899.2
2024-03-28,OUT-03,Midday,65,99,756.6
2024-03-28,OUT-03,Evening,28,39,267.01
2024-03-29,OUT-03,Morning,87,126,599.54
2024-03-29,OUT-03,Midday,37,55,412.81
2024-03-29,OUT-03,Evening,18,26,168.03
2024-03-30,OUT-03,Morning,70,93,474.76
2024-03-30,OUT-03,Midday,38,54,376.96
2024-03-30,OUT-03,Evening,17,24,151.06
2024-03-31,OUT-03,Morning,56,79,383.17
2024-03-31,OUT-03,Midday,26,36,308.38
2024-03-31,OUT-03,Evening,12,18,110.41
2024-04-01,OUT-03,Morning,145,205,974.07
2024-04-01,OUT-03,Midday,63,92,629.41
2024-04-01,OUT-03,Evening,25,36,246.04
2024-04-02,OUT-03,Morning,150,216,959.03
2024-04-02,OUT-03,Midday,80,114,858.22
2024-04-02,OUT-03,Evening,26,38,270.35
2024-04-03,OUT-03,Morning,168,240,1033.79
2024-04-03,OUT-03,Midday,60,83,605.67
2024-04-03,OUT-03,Evening,33,52,311.77
2024-04-04,OUT-03,Morning,146,223,981.88
2024-04-04,OUT-03,Midday,65,90,712.95
2024-04-04,OUT-03,Evening,37,54,327.62
2024-04-05,OUT-03,Morning,154,233,992.06
2024-04-05,OUT-03,Midday,60,91,642.18
2024-04-05,OUT-03,Evening,27,37,253.82
2024-04-06,OUT-03,Morning,68,96,448.35
2024-04-06,OUT-03,Midday,27,39,299.92
2024-04-06,OUT-03,Evening,13,17,120.84
2024-04-07,OUT-03,Morning,41,59,283.06
2024-04-07,OUT-03,Midday,23,32,249.85
2024-04-07,OUT-03,Evening,8,11,78.54
2024-04-08,OUT-03,Morning,148,206,998.91
2024-04-08,OUT-03,Midday,73,111,828.68
2024-04-08,OUT-03,Evening,31,49,275.55
2024-04-09,OUT-03,Morning,155,223,1007.47
2024-04-09,OUT-03,Midday,59,94,641.02
2024-04-09,OUT-03,Evening,28,42,252.19
2024-04-10,OUT-03,Morning,114,167,722.24
2024-04-10,OUT-03,Midday,52,76,554.56
2024-04-10,OUT-03,Evening,21,33,198.17
2024-04-11,OUT-03,Morning,133,207,924.5
2024-04-11,OUT-03,Midday,71,104,805.81
2024-04-11,OUT-03,Evening,32,47,281.29
2024-04-12,OUT-03,Morning,164,244,995.27
2024-04-12,OUT-03,Midday,89,135,835.81
2024-04-12,OUT-03,Evening,28,39,262.61
2024-04-13,OUT-03,Morning,69,98,469.57
2024-04-13,OUT-03,Midday,37,55,379.56
2024-04-13,OUT-03,Evening,14,21,131.61
2024-04-14,OUT-03,Morning,43,60,293.17
2024-04-14,OUT-03,Midday,22,32,233.33
2024-04-14,OUT-03,Evening,10,15,93.4
2024-04-15,OUT-03,Morning,140,201,922.32
2024-04-15,OUT-03,Midday,60,88,691.61
2024-04-15,OUT-03,Evening,29,41,265.5
2024-04-16,OUT-03,Morning,120,166,795.97
2024-04-16,OUT-03,Midday,63,86,697.55
2024-04-16,OUT-03,Evening,27,39,253.73
2024-04-17,OUT-03,Morning,146,225,1019.21
2024-04-17,OUT-03,Midday,71,102,809.31
2024-04-17,OUT-03,Evening,30,45,308.56
2024-04-18,OUT-03,Morning,151,230,985.85
2024-04-18,OUT-03,Midday,79,121,801.12
2024-04-18,OUT-03,Evening,24,35,254.01
2024-04-19,OUT-03,Morning,114,152,750.55
2024-04-19,OUT-03,Midday,69,96,688.65
2024-04-19,OUT-03,Evening,26,36,239.54
2024-04-20,OUT-03,Morning,65,94,423.34
2024-04-20,OUT-03,Midday,31,47,325.59
2024-04-20,OUT-03,Evening,12,17,108.66
2024-04-21,OUT-03,Morning,62,91,368.95
2024-04-21,OUT-03,Midday,24,32,261.65
2024-04-21,OUT-03,Evening,11,16,99.49
2024-04-22,OUT-03,Morning,158,222,1007.23
2024-04-22,OUT-03,Midday,78,121,792.21
2024-04-22,OUT-03,Evening,30,42,294.03
2024-04-23,OUT-03,Morning,100,137,747.01
2024-04-23,OUT-03,Midday,69,103,662.23
2024-04-23,OUT-03,Evening,25,35,223.28
2024-04-24,OUT-03,Morning,144,210,921.54
2024-04-24,OUT-03,Midday,81,126,798.85
2024-04-24,OUT-03,Evening,27,39,264.41
2024-04-25,OUT-03,Morning,136,202,913.22
2024-04-25,OUT-03,Midday,71,109,760.09
2024-04-25,OUT-03,Evening,33,48,280.34
2024-04-26,OUT-03,Morning,154,216,943.2
2024-04-26,OUT-03,Midday,62,94,606.68
2024-04-26,OUT-03,Evening,30,42,280.9
2024-04-27,OUT-03,Morning,76,112,463.63
2024-04-27,OUT-03,Midday,36,51,369.35
2024-04-27,OUT-03,Evening,14,20,129.71
2024-04-28,OUT-03,Morning,54,78,399.51
2024-04-28,OUT-03,Midday,28,38,288.15
2024-04-28,OUT-03,Evening,13,19,113.74
2024-04-29,OUT-03,Morning,127,163,850.41
2024-04-29,OUT-03,Midday,73,103,733.31
2024-04-29,OUT-03,Evening,26,36,237.74
2024-04-30,OUT-03,Morning,147,210,958.25
2024-04-30,OUT-03,Midday,74,102,803.15
2024-04-30,OUT-03,Evening,31,45,276.99
2024-05-01,OUT-03,Morning,110,165,689.17
2024-05-01,OUT-03,Midday,47,72,505.18
2024-05-01,OUT-03,Evening,24,33,225.59
2024-05-02,OUT-03,Morning,187,262,1151.81
2024-05-02,OUT-03,Midday,90,127,899.69
2024-05-02,OUT-03,Evening,33,51,339.41
2024-05-03,OUT-03,Morning,156,217,1032.95
2024-05-03,OUT-03,Midday,61,88,655.08
2024-05-03,OUT-03,Evening,28,43,261.23
2024-05-04,OUT-03,Morning,67,98,421.68
2024-05-04,OUT-03,Midday,33,46,314.84
2024-05-04,OUT-03,Evening,14,20,135.05
2024-05-05,OUT-03,Morning,56,81,365.75
2024-05-05,OUT-03,Midday,23,32,252.22
2024-05-05,OUT-03,Evening,10,14,95.31
2024-05-06,OUT-03,Morning,131,201,895.35
2024-05-06,OUT-03,Midday,57,90,648.34
2024-05-06,OUT-03,Evening,31,46,284.12
2024-05-07,OUT-03,Morning,145,229,992.6
2024-05-07,OUT-03,Midday,78,111,814.61
2024-05-07,OUT-03,Evening,27,39,257.71
2024-05-08,OUT-03,Morning,144,201,927.69
2024-05-08,OUT-03,Midday,56,77,664.44
2024-05-08,OUT-03,Evening,28,40,268.98
2024-05-09,OUT-03,Morning,124,185,824.68
2024-05-09,OUT-03,Midday,59,81,657.62
2024-05-09,OUT-03,Evening,21,30,201.9
2024-05-10,OUT-03,Morning,121,172,827.11
2024-05-10,OUT-03,Midday,61,91,669.9
2024-05-10,OUT-03,Evening,26,38,229.1
2024-05-11,OUT-03,Morning,66,97,437.45
2024-05-11,OUT-03,Midday,26,38,268.73
2024-05-11,OUT-03,Evening,11,15,104.99
2024-05-12,OUT-03,Morning,41,60,276.19
2024-05-12,OUT-03,Midday,23,34,225.12
2024-05-12,OUT-03,Evening,8,12,80.93
2024-05-13,OUT-03,Morning,138,216,986.36
2024-05-13,OUT-03,Midday,75,110,752.75
2024-05-13,OUT-03,Evening,28,40,262.45
2024-05-14,OUT-03,Morning,132,192,859.85
2024-05-14,OUT-03,Midday,69,102,753.95
2024-05-14,OUT-03,Evening,30,45,271.04
2024-05-15,OUT-03,Morning,150,231,962.94
2024-05-15,OUT-03,Midday,69,98,703.54
2024-05-15,OUT-03,Evening,31,47,290.44
2024-05-16,OUT-03,Morning,150,200,999.81
2024-05-16,OUT-03,Midday,68,98,762.49
2024-05-16,OUT-03,Evening,31,44,287.23
2024-05-17,OUT-03,Morning,140,211,929.43
2024-05-17,OUT-03,Midday,75,105,792.79
2024-05-17,OUT-03,Evening,28,42,266.99
2024-05-18,OUT-03,Morning,91,137,565.08
2024-05-18,OUT-03,Midday,34,46,342.86
2024-05-18,OUT-03,Evening,13,19,123.42
2024-05-19,OUT-03,Morning,48,65,317.19
2024-05-19,OUT-03,Midday,32,43,305.64
2024-05-19,OUT-03,Evening,12,17,110.68
2024-05-20,OUT-03,Morning,114,167,780.66
2024-05-20,OUT-03,Midday,58,89,604.21
2024-05-20,OUT-03,Evening,23,35,215.47
2024-05-21,OUT-03,Morning,133,167,935.26
2024-05-21,OUT-03,Midday,75,108,735.79
2024-05-21,OUT-03,Evening,34,50,291.4
2024-05-22,OUT-03,Morning,94,136,601.52
2024-05-22,OUT-03,Midday,46,65,465.27
2024-05-22,OUT-03,Evening,19,28,165.69
2024-05-23,OUT-03,Morning,166,240,982.49
2024-05-23,OUT-03,Midday,87,127,882.75
2024-05-23,OUT-03,Evening,32,48,315.43
2024-05-24,OUT-03,Morning,163,240,969.79
2024-05-24,OUT-03,Midday,59,87,645.23
2024-05-24,OUT-03,Evening,29,43,268.03
2024-05-25,OUT-03,Morning,59,87,387.92
2024-05-25,OUT-03,Midday,32,47,335.3
2024-05-25,OUT-03,Evening,14,22,131.24
2024-05-26,OUT-03,Morning,63,92,434.67
2024-05-26,OUT-03,Midday,23,34,245.54
2024-05-26,OUT-03,Evening,9,13,99.15
2024-05-27,OUT-03,Morning,154,208,1027.18
2024-05-27,OUT-03,Midday,66,92,709.84
2024-05-27,OUT-03,Evening,31,44,281.71
2024-05-28,OUT-03,Morning,136,187,906.27
2024-05-28,OUT-03,Midday,56,79,594.3
2024-05-28,OUT-03,Evening,22,32,213.3
2024-05-29,OUT-03,Morning,141,211,860.17
2024-05-29,OUT-03,Midday,67,99,720.8
2024-05-29,OUT-03,Evening,29,43,263.91
2024-05-30,OUT-03,Morning,136,191,926.28
2024-05-30,OUT-03,Midday,75,121,829.21
2024-05-30,OUT-03,Evening,26,37,254.42
2024-05-31,OUT-03,Morning,146,206,963.6
2024-05-31,OUT-03,Midday,78,121,805.11
2024-05-31,OUT-03,Evening,30,42,278.26
2024-06-01,OUT-03,Morning,63,86,399.02
2024-06-01,OUT-03,Midday,35,49,374.66
2024-06-01,OUT-03,Evening,12,17,122.25
2024-06-02,OUT-03,Morning,64,89,400.33
2024-06-02,OUT-03,Midday,32,47,325.08
2024-06-02,OUT-03,Evening,11,15,107.71
2024-06-03,OUT-03,Morning,133,183,919.45
2024-06-03,OUT-03,Midday,59,91,685.84
2024-06-03,OUT-03,Evening,26,38,235.05
2024-06-04,OUT-03,Morning,133,200,898.64
2024-06-04,OUT-03,Midday,54,76,579.38
2024-06-04,OUT-03,Evening,24,36,245.97
2024-06-05,OUT-03,Morning,141,209,1027.61
2024-06-05,OUT-03,Midday,69,101,709.52
2024-06-05,OUT-03,Evening,30,42,263.06
2024-06-06,OUT-03,Morning,141,207,869.54
2024-06-06,OUT-03,Midday,72,107,752.31
2024-06-06,OUT-03,Evening,27,37,265.61
2024-06-07,OUT-03,Morning,144,218,939.8
2024-06-07,OUT-03,Midday,66,96,744.81
2024-06-07,OUT-03,Evening,27,38,262.3
2024-06-08,OUT-03,Morning,62,89,370.96
2024-06-08,OUT-03,Midday,36,52,355.14
2024-06-08,OUT-03,Evening,13,18,129.43
2024-06-09,OUT-03,Morning,57,87,338.17
2024-06-09,OUT-03,Midday,23,31,245.25
2024-06-09,OUT-03,Evening,9,13,87.09
2024-06-10,OUT-03,Morning,155,219,1029.86
2024-06-10,OUT-03,Midday,77,110,745.37
2024-06-10,OUT-03,Evening,29,43,274.11
2024-06-11,OUT-03,Morning,125,185,851.91
2024-06-11,OUT-03,Midday,66,93,732.27
2024-06-11,OUT-03,Evening,26,39,237.12
2024-06-12,OUT-03,Morning,169,235,1067.89
2024-06-12,OUT-03,Midday,76,105,800.5
2024-06-12,OUT-03,Evening,31,47,280.21
2024-06-13,OUT-03,Morning,136,201,917.31
2024-06-13,OUT-03,Midday,70,98,723.13
2024-06-13,OUT-03,Evening,36,52,301.64
2024-06-14,OUT-03,Morning,124,183,890.28
2024-06-14,OUT-03,Midday,63,93,695.34
2024-06-14,OUT-03,Evening,27,40,256.41
2024-06-15,OUT-03,Morning,58,86,365.26
2024-06-15,OUT-03,Midday,30,47,309.56
2024-06-15,OUT-03,Evening,13,18,118.47
2024-06-16,OUT-03,Morning,47,64,304.47
2024-06-16,OUT-03,Midday,23,32,255.06
2024-06-16,OUT-03,Evening,11,17,99.97
2024-06-17,OUT-03,Morning,109,159,766.59
2024-06-17,OUT-03,Midday,49,68,552.94
2024-06-17,OUT-03,Evening,22,32,208.92
2024-06-18,OUT-03,Morning,129,171,814.41
2024-06-18,OUT-03,Midday,72,103,712.34
2024-06-18,OUT-03,Evening,31,46,287.48
2024-06-19,OUT-03,Morning,142,226,912.48
2024-06-19,OUT-03,Midday,69,99,711.59
2024-06-19,OUT-03,Evening,32,47,269.45
2024-06-20,OUT-03,Morning,148,228,998.85
2024-06-20,OUT-03,Midday,81,110,790.19
2024-06-20,OUT-03,Evening,25,38,226.02
2024-06-21,OUT-03,Morning,134,191,897.66
2024-06-21,OUT-03,Midday,58,88,653.72
2024-06-21,OUT-03,Evening,25,35,242.47
2024-06-22,OUT-03,Morning,58,87,398.12
2024-06-22,OUT-03,Midday,30,42,316.63
2024-06-22,OUT-03,Evening,12,18,115.5
2024-06-23,OUT-03,Morning,53,78,355.62
2024-06-23,OUT-03,Midday,26,36,254.33
2024-06-23,OUT-03,Evening,11,17,101.39
2024-06-24,OUT-03,Morning,142,214,921.42
2024-06-24,OUT-03,Midday,66,92,731.68
2024-06-24,OUT-03,Evening,30,41,271.41
2024-06-25,OUT-03,Morning,136,207,846.64
2024-06-25,OUT-03,Midday,65,95,645.97
2024-06-25,OUT-03,Evening,29,41,247.11
2024-06-26,OUT-03,Morning,133,201,944.59
2024-06-26,OUT-03,Midday,81,121,844.08
2024-06-26,OUT-03,Evening,30,44,294.4
2024-06-27,OUT-03,Morning,151,214,983.48
2024-06-27,OUT-03,Midday,80,112,845.45
2024-06-27,OUT-03,Evening,30,41,278.66
2024-06-28,OUT-03,Morning,132,197,859.42
2024-06-28,OUT-03,Midday,62,92,694.23
2024-06-28,OUT-03,Evening,26,39,235.5
2024-06-29,OUT-03,Morning,55,77,342.59
2024-06-29,OUT-03,Midday,31,45,339.4
2024-06-29,OUT-03,Evening,12,17,106.02
2024-06-30,OUT-03,Morning,50,74,329.58
2024-06-30,OUT-03,Midday,23,34,244.94
2024-06-30,OUT-03,Evening,8,12,80.24
2024-07-01,OUT-03,Morning,102,151,734.08
2024-07-01,OUT-03,Midday,62,92,656.54
2024-07-01,OUT-03,Evening,23,33,211.46
2024-07-02,OUT-03,Morning,114,150,806.71
2024-07-02,OUT-03,Midday,66,98,670.78
2024-07-02,OUT-03,Evening,23,31,215.86
2024-07-03,OUT-03,Morning,137,193,910.88
2024-07-03,OUT-03,Midday,78,113,755.68
2024-07-03,OUT-03,Evening,30,46,269.58
2024-07-04,OUT-03,Morning,158,237,1016.15
2024-07-04,OUT-03,Midday,82,122,838.11
2024-07-04,OUT-03,Evening,31,45,298.96
2024-07-05,OUT-03,Morning,153,213,1016.48
2024-07-05,OUT-03,Midday,70,99,739.63
2024-07-05,OUT-03,Evening,33,53,279.48
2024-07-06,OUT-03,Morning,55,77,364.77
2024-07-06,OUT-03,Midday,25,36,267.94
2024-07-06,OUT-03,Evening,11,16,106.14
2024-07-07,OUT-03,Morning,50,76,316.84
2024-07-07,OUT-03,Midday,23,34,229.15
2024-07-07,OUT-03,Evening,10,15,94.56
2024-07-08,OUT-03,Morning,137,203,879.35
2024-07-08,OUT-03,Midday,56,77,599.68
2024-07-08,OUT-03,Evening,24,35,219.5
2024-07-09,OUT-03,Morning,156,221,1061.7
2024-07-09,OUT-03,Midday,71,111,784.81
2024-07-09,OUT-03,Evening,34,51,313.12
2024-07-10,OUT-03,Morning,150,209,925.12
2024-07-10,OUT-03,Midday,51,69,507.69
2024-07-10,OUT-03,Evening,28,39,231.83
2024-07-11,OUT-03,Morning,134,203,874.39
2024-07-11,OUT-03,Midday,72,110,723.35
2024-07-11,OUT-03,Evening,28,41,257.7
2024-07-12,OUT-03,Morning,145,211,898.67
2024-07-12,OUT-03,Midday,66,100,686.79
2024-07-12,OUT-03,Evening,26,36,260.95
2024-07-13,OUT-03,Morning,69,95,485.44
2024-07-13,OUT-03,Midday,31,45,338.89
2024-07-13,OUT-03,Evening,15,22,130.78
2024-07-14,OUT-03,Morning,47,68,310.46
2024-07-14,OUT-03,Midday,26,41,284.86
2024-07-14,OUT-03,Evening,10,14,84.54
2024-07-15,OUT-03,Morning,143,212,898.82
2024-07-15,OUT-03,Midday,67,98,720.46
2024-07-15,OUT-03,Evening,27,36,243.06
2024-07-16,OUT-03,Morning,118,168,827.62
2024-07-16,OUT-03,Midday,72,102,770.96
2024-07-16,OUT-03,Evening,34,53,301.97
2024-07-17,OUT-03,Morning,135,211,863.54
2024-07-17,OUT-03,Midday,75,106,732.54
2024-07-17,OUT-03,Evening,28,42,262.53
2024-07-18,OUT-03,Morning,157,241,1004.37
2024-07-18,OUT-03,Midday,72,98,761.18
2024-07-18,OUT-03,Evening,34,43,307.01
2024-07-19,OUT-03,Morning,109,150,756.83
2024-07-19,OUT-03,Midday,59,90,648.03
2024-07-19,OUT-03,Evening,28,41,259.82
2024-07-20,OUT-03,Morning,71,100,465.48
2024-07-20,OUT-03,Midday,37,58,391.05
2024-07-20,OUT-03,Evening,15,23,131.32
2024-07-21,OUT-03,Morning,40,57,270.47
2024-07-21,OUT-03,Midday,18,25,193.8
2024-07-21,OUT-03,Evening,8,12,78.87
2024-07-22,OUT-03,Morning,148,207,1001.99
2024-07-22,OUT-03,Midday,66,93,697.67
2024-07-22,OUT-03,Evening,31,41,282.82
2024-07-23,OUT-03,Morning,139,188,904.37
2024-07-23,OUT-03,Midday,64,98,694.43
2024-07-23,OUT-03,Evening,30,45,259.45
2024-07-24,OUT-03,Morning,113,150,818.07
2024-07-24,OUT-03,Midday,64,86,645.35
2024-07-24,OUT-03,Evening,28,40,260.29
2024-07-25,OUT-03,Morning,125,176,903.86
2024-07-25,OUT-03,Midday,56,75,623.62
2024-07-25,OUT-03,Evening,25,38,228.64
2024-07-26,OUT-03,Morning,134,192,869.9
2024-07-26,OUT-03,Midday,68,102,708.95
2024-07-26,OUT-03,Evening,25,37,248.3
2024-07-27,OUT-03,Morning,67,105,467.13
2024-07-27,OUT-03,Midday,36,54,363.05
2024-07-27,OUT-03,Evening,14,21,123.65
2024-07-28,OUT-03,Morning,48,69,316.54
2024-07-28,OUT-03,Midday,23,33,257.77
2024-07-28,OUT-03,Evening,10,14,94.4
2024-07-29,OUT-03,Morning,138,211,854.57
2024-07-29,OUT-03,Midday,69,96,674.95
2024-07-29,OUT-03,Evening,25,33,244.22
2024-07-30,OUT-03,Morning,126,186,769.29
2024-07-30,OUT-03,Midday,72,102,750.83
2024-07-30,OUT-03,Evening,27,42,251.36
2024-07-31,OUT-03,Morning,124,176,796.6
2024-07-31,OUT-03,Midday,69,105,646.52
2024-07-31,OUT-03,Evening,32,46,273.35
2024-08-01,OUT-03,Morning,118,172,765.29
2024-08-01,OUT-03,Midday,54,76,560.03
2024-08-01,OUT-03,Evening,22,31,204.13
2024-08-02,OUT-03,Morning,139,207,942.23
2024-08-02,OUT-03,Midday,69,103,734.16
2024-08-02,OUT-03,Evening,30,42,275.44
2024-08-03,OUT-03,Morning,71,104,481.21
2024-08-03,OUT-03,Midday,36,53,386.92
2024-08-03,OUT-03,Evening,14,20,134.44
2024-08-04,OUT-03,Morning,48,71,335.11
2024-08-04,OUT-03,Midday,22,30,237.65
2024-08-04,OUT-03,Evening,10,14,93.23
2024-08-05,OUT-03,Morning,150,224,1027.05
2024-08-05,OUT-03,Midday,70,107,742.33
2024-08-05,OUT-03,Evening,25,34,239.97
2024-08-06,OUT-03,Morning,155,225,982.03
2024-08-06,OUT-03,Midday,78,114,706.38
2024-08-06,OUT-03,Evening,33,48,315.58
2024-08-07,OUT-03,Morning,150,217,929.74
2024-08-07,OUT-03,Midday,66,94,721.54
2024-08-07,OUT-03,Evening,31,45,281.69
2024-08-08,OUT-03,Morning,137,203,882.54
2024-08-08,OUT-03,Midday,62,96,629.04
2024-08-08,OUT-03,Evening,21,32,199.46
2024-08-09,OUT-03,Morning,105,158,692.52
2024-08-09,OUT-03,Midday,59,86,608.22
2024-08-09,OUT-03,Evening,24,37,226.8
2024-08-10,OUT-03,Morning,71,112,517.9
2024-08-10,OUT-03,Midday,43,66,454.73
2024-08-10,OUT-03,Evening,18,25,163.81
2024-08-11,OUT-03,Morning,51,77,338.57
2024-08-11,OUT-03,Midday,25,38,281.55
2024-08-11,OUT-03,Evening,11,16,99.88
2024-08-12,OUT-03,Morning,104,156,736.85
2024-08-12,OUT-03,Midday,61,87,617.24
2024-08-12,OUT-03,Evening,19,26,180.18
2024-08-13,OUT-03,Morning,131,190,894.92
2024-08-13,OUT-03,Midday,67,98,684.05
2024-08-13,OUT-03,Evening,28,41,264.7
2024-08-14,OUT-03,Morning,143,193,966.56
2024-08-14,OUT-03,Midday,67,102,748.44
2024-08-14,OUT-03,Evening,28,41,253.23
2024-08-15,OUT-03,Morning,139,199,893.15
2024-08-15,OUT-03,Midday,70,105,693.94
2024-08-15,OUT-03,Evening,23,35,216.48
2024-08-16,OUT-03,Morning,133,189,914.97
2024-08-16,OUT-03,Midday,76,118,773.0
2024-08-16,OUT-03,Evening,26,40,247.39
2024-08-17,OUT-03,Morning,71,105,483.52
2024-08-17,OUT-03,Midday,31,43,353.94
2024-08-17,OUT-03,Evening,13,19,133.49
2024-08-18,OUT-03,Morning,54,80,338.42
2024-08-18,OUT-03,Midday,30,41,286.61
2024-08-18,OUT-03,Evening,9,14,93.65
2024-08-19,OUT-03,Morning,161,228,1066.58
2024-08-19,OUT-03,Midday,70,100,709.46
2024-08-19,OUT-03,Evening,30,45,287.18
2024-08-20,OUT-03,Morning,131,199,896.67
2024-08-20,OUT-03,Midday,60,85,674.68
2024-08-20,OUT-03,Evening,26,38,231.03
2024-08-21,OUT-03,Morning,130,172,841.29
2024-08-21,OUT-03,Midday,56,83,625.78
2024-08-21,OUT-03,Evening,31,48,291.22
2024-08-22,OUT-03,Morning,99,145,714.76
2024-08-22,OUT-03,Midday,57,82,576.89
2024-08-22,OUT-03,Evening,22,31,210.57
2024-08-23,OUT-03,Morning,128,196,828.21
2024-08-23,OUT-03,Midday,66,96,667.38
2024-08-23,OUT-03,Evening,28,40,260.21
2024-08-24,OUT-03,Morning,59,87,418.53
2024-08-24,OUT-03,Midday,28,40,324.38
2024-08-24,OUT-03,Evening,15,21,127.26
2024-08-25,OUT-03,Morning,55,78,366.99
2024-08-25,OUT-03,Midday,28,41,290.83
2024-08-25,OUT-03,Evening,12,18,112.7
2024-08-26,OUT-03,Morning,176,265,1098.16
2024-08-26,OUT-03,Midday,72,105,698.3
2024-08-26,OUT-03,Evening,28,44,244.54
2024-08-27,OUT-03,Morning,118,182,730.98
2024-08-27,OUT-03,Midday,55,75,595.71
2024-08-27,OUT-03,Evening,26,42,245.26
2024-08-28,OUT-03,Morning,125,189,825.89
2024-08-28,OUT-03,Midday,61,91,664.0
2024-08-28,OUT-03,Evening,25,35,231.23
2024-08-29,OUT-03,Morning,142,205,892.21
2024-08-29,OUT-03,Midday,69,105,676.94
2024-08-29,OUT-03,Evening,26,40,244.71
2024-08-30,OUT-03,Morning,92,135,672.6
2024-08-30,OUT-03,Midday,54,81,599.1
2024-08-30,OUT-03,Evening,22,32,203.9
2024-08-31,OUT-03,Morning,66,92,452.26
2024-08-31,OUT-03,Midday,38,51,386.12
2024-08-31,OUT-03,Evening,14,21,129.07
2024-09-01,OUT-03,Morning,44,62,297.85
2024-09-01,OUT-03,Midday,22,31,241.16
2024-09-01,OUT-03,Evening,10,15,93.92
2024-09-02,OUT-03,Morning,122,178,857.79
2024-09-02,OUT-03,Midday,68,100,719.02
2024-09-02,OUT-03,Evening,30,45,270.49
2024-09-03,OUT-03,Morning,111,168,770.02
2024-09-03,OUT-03,Midday,66,97,626.44
2024-09-03,OUT-03,Evening,26,39,225.19
2024-09-04,OUT-03,Morning,149,223,899.61
2024-09-04,OUT-03,Midday,70,99,709.11
2024-09-04,OUT-03,Evening,31,45,290.43
2024-09-05,OUT-03,Morning,120,174,759.25
2024-09-05,OUT-03,Midday,65,93,622.52
2024-09-05,OUT-03,Evening,29,41,252.22
2024-09-06,OUT-03,Morning,163,232,977.47
2024-09-06,OUT-03,Midday,79,113,754.78
2024-09-06,OUT-03,Evening,26,37,245.07
2024-09-07,OUT-03,Morning,71,101,449.64
2024-09-07,OUT-03,Midday,37,55,376.99
2024-09-07,OUT-03,Evening,16,22,141.96
2024-09-08,OUT-03,Morning,48,65,315.09
2024-09-08,OUT-03,Midday,25,38,260.93
2024-09-08,OUT-03,Evening,11,15,95.96
2024-09-09,OUT-03,Morning,121,189,840.04
2024-09-09,OUT-03,Midday,60,86,617.2
2024-09-09,OUT-03,Evening,24,37,234.92
2024-09-10,OUT-03,Morning,143,201,886.09
2024-09-10,OUT-03,Midday,61,89,631.66
2024-09-10,OUT-03,Evening,29,41,252.35
2024-09-11,OUT-03,Morning,124,174,833.07
2024-09-11,OUT-03,Midday,65,89,661.45
2024-09-11,OUT-03,Evening,26,38,240.16
2024-09-12,OUT-03,Morning,119,170,783.26
2024-09-12,OUT-03,Midday,63,93,684.12
2024-09-12,OUT-03,Evening,29,46,276.98
2024-09-13,OUT-03,Morning,112,157,772.3
2024-09-13,OUT-03,Midday,70,101,655.21
2024-09-13,OUT-03,Evening,22,32,222.87
2024-09-14,OUT-03,Morning,64,93,404.2
2024-09-14,OUT-03,Midday,33,45,328.82
2024-09-14,OUT-03,Evening,14,20,121.49
2024-09-15,OUT-03,Morning,44,66,294.25
2024-09-15,OUT-03,Midday,22,32,234.14
2024-09-15,OUT-03,Evening,9,13,87.87
2024-09-16,OUT-03,Morning,118,181,760.8
2024-09-16,OUT-03,Midday,56,86,627.46
2024-09-16,OUT-03,Evening,25,36,205.29
2024-09-17,OUT-03,Morning,153,235,1040.26
2024-09-17,OUT-03,Midday,78,107,795.51
2024-09-17,OUT-03,Evening,35,49,289.06
2024-09-18,OUT-03,Morning,162,241,1052.92
2024-09-18,OUT-03,Midday,70,102,704.74
2024-09-18,OUT-03,Evening,27,38,236.7
2024-09-19,OUT-03,Morning,127,171,856.12
2024-09-19,OUT-03,Midday,66,98,685.5
2024-09-19,OUT-03,Evening,24,33,227.15
2024-09-20,OUT-03,Morning,119,193,780.26
2024-09-20,OUT-03,Midday,69,100,685.5
2024-09-20,OUT-03,Evening,28,38,241.42
2024-09-21,OUT-03,Morning,61,89,416.13
2024-09-21,OUT-03,Midday,34,52,334.74
2024-09-21,OUT-03,Evening,14,19,126.92
2024-09-22,OUT-03,Morning,42,65,293.2
2024-09-22,OUT-03,Midday,25,36,257.39
2024-09-22,OUT-03,Evening,12,17,96.89
2024-09-23,OUT-03,Morning,106,148,772.3
2024-09-23,OUT-03,Midday,63,93,669.99
2024-09-23,OUT-03,Evening,27,40,261.59
2024-09-24,OUT-03,Morning,122,178,849.33
2024-09-24,OUT-03,Midday,53,73,628.66
2024-09-24,OUT-03,Evening,31,45,278.88
2024-09-25,OUT-03,Morning,129,199,830.5
2024-09-25,OUT-03,Midday,67,98,648.28
2024-09-25,OUT-03,Evening,29,38,261.45
2024-09-26,OUT-03,Morning,119,170,810.49
2024-09-26,OUT-03,Midday,61,87,627.95
2024-09-26,OUT-03,Evening,29,41,264.39
2024-09-27,OUT-03,Morning,142,211,881.26
2024-09-27,OUT-03,Midday,61,87,680.68
2024-09-27,OUT-03,Evening,29,43,286.83
2024-09-28,OUT-03,Morning,51,70,378.94
2024-09-28,OUT-03,Midday,30,46,328.31
2024-09-28,OUT-03,Evening,11,16,105.81
2024-09-29,OUT-03,Morning,43,62,287.18
2024-09-29,OUT-03,Midday,22,31,224.44
2024-09-29,OUT-03,Evening,9,13,82.97
2024-09-30,OUT-03,Morning,113,162,775.92
2024-09-30,OUT-03,Midday,52,80,536.59
2024-09-30,OUT-03,Evening,19,27,176.99
2024-10-01,OUT-03,Morning,140,200,904.78
2024-10-01,OUT-03,Midday,70,107,746.31
2024-10-01,OUT-03,Evening,30,46,290.63
2024-10-02,OUT-03,Morning,111,160,736.37
2024-10-02,OUT-03,Midday,53,74,564.58
2024-10-02,OUT-03,Evening,26,35,215.93
2024-10-03,OUT-03,Morning,122,179,848.89
2024-10-03,OUT-03,Midday,69,105,697.54
2024-10-03,OUT-03,Evening,32,50,268.93
2024-10-04,OUT-03,Morning,99,149,660.47
2024-10-04,OUT-03,Midday,55,80,616.26
2024-10-04,OUT-03,Evening,22,32,198.4
2024-10-05,OUT-03,Morning,64,95,413.88
2024-10-05,OUT-03,Midday,30,44,301.16
2024-10-05,OUT-03,Evening,13,19,120.81
2024-10-06,OUT-03,Morning,49,76,337.19
2024-10-06,OUT-03,Midday,20,29,234.84
2024-10-06,OUT-03,Evening,10,14,92.83
2024-10-07,OUT-03,Morning,126,180,847.15
2024-10-07,OUT-03,Midday,63,94,636.42
2024-10-07,OUT-03,Evening,27,41,245.31
2024-10-08,OUT-03,Morning,117,168,826.65
2024-10-08,OUT-03,Midday,63,97,638.09
2024-10-08,OUT-03,Evening,26,35,240.3
2024-10-09,OUT-03,Morning,140,185,916.91
2024-10-09,OUT-03,Midday,68,94,667.44
2024-10-09,OUT-03,Evening,27,39,262.68
2024-10-10,OUT-03,Morning,128,182,802.85
2024-10-10,OUT-03,Midday,65,97,695.19
2024-10-10,OUT-03,Evening,27,38,258.5
2024-10-11,OUT-03,Morning,103,146,702.13
2024-10-11,OUT-03,Midday,64,104,668.39
2024-10-11,OUT-03,Evening,23,33,216.96
2024-10-12,OUT-03,Morning,65,93,483.77
2024-10-12,OUT-03,Midday,25,36,306.42
2024-10-12,OUT-03,Evening,12,19,117.11
2024-10-13,OUT-03,Morning,50,74,334.42
2024-10-13,OUT-03,Midday,24,32,258.79
2024-10-13,OUT-03,Evening,10,15,84.66
2024-10-14,OUT-03,Morning,138,197,909.79
2024-10-14,OUT-03,Midday,71,100,767.04
2024-10-14,OUT-03,Evening,30,44,291.03
2024-10-15,OUT-03,Morning,128,194,842.33
2024-10-15,OUT-03,Midday,76,112,781.68
2024-10-15,OUT-03,Evening,32,46,304.13
2024-10-16,OUT-03,Morning,140,206,924.29
2024-10-16,OUT-03,Midday,65,100,721.29
2024-10-16,OUT-03,Evening,31,45,274.66
2024-10-17,OUT-03,Morning,153,229,1025.97
2024-10-17,OUT-03,Midday,78,117,823.17
2024-10-17,OUT-03,Evening,34,51,286.78
2024-10-18,OUT-03,Morning,123,185,840.23
2024-10-18,OUT-03,Midday,62,86,707.8
2024-10-18,OUT-03,Evening,21,31,188.41
2024-10-19,OUT-03,Morning,56,81,398.36
2024-10-19,OUT-03,Midday,36,51,378.89
2024-10-19,OUT-03,Evening,14,19,126.0
2024-10-20,OUT-03,Morning,49,72,319.76
2024-10-20,OUT-03,Midday,23,35,273.87
2024-10-20,OUT-03,Evening,10,15,95.76
2024-10-21,OUT-03,Morning,125,176,835.84
2024-10-21,OUT-03,Midday,69,101,740.07
2024-10-21,OUT-03,Evening,32,48,295.46
2024-10-22,OUT-03,Morning,144,204,909.91
2024-10-22,OUT-03,Midday,62,92,629.21
2024-10-22,OUT-03,Evening,25,38,234.64
2024-10-23,OUT-03,Morning,108,163,765.45
2024-10-23,OUT-03,Midday,56,75,593.83
2024-10-23,OUT-03,Evening,23,34,211.37
2024-10-24,OUT-03,Morning,119,167,789.56
2024-10-24,OUT-03,Midday,54,75,630.49
2024-10-24,OUT-03,Evening,22,31,211.16
2024-10-25,OUT-03,Morning,118,162,800.23
2024-10-25,OUT-03,Midday,58,83,590.86
2024-10-25,OUT-03,Evening,24,36,234.95
2024-10-26,OUT-03,Morning,60,83,403.29
2024-10-26,OUT-03,Midday,33,49,332.91
2024-10-26,OUT-03,Evening,14,21,129.12
2024-10-27,OUT-03,Morning,44,67,288.17
2024-10-27,OUT-03,Midday,23,35,243.93
2024-10-27,OUT-03,Evening,8,12,84.1
2024-10-28,OUT-03,Morning,102,149,644.51
2024-10-28,OUT-03,Midday,56,84,576.49
2024-10-28,OUT-03,Evening,24,34,209.42
2024-10-29,OUT-03,Morning,133,190,936.11
2024-10-29,OUT-03,Midday,66,92,711.92
2024-10-29,OUT-03,Evening,26,38,260.01
2024-10-30,OUT-03,Morning,129,193,830.98
2024-10-30,OUT-03,Midday,63,88,666.8
2024-10-30,OUT-03,Evening,21,31,208.52
2024-10-31,OUT-03,Morning,105,146,685.01
2024-10-31,OUT-03,Midday,51,73,535.66
2024-10-31,OUT-03,Evening,18,27,176.66
2024-11-01,OUT-03,Morning,109,154,723.11
2024-11-01,OUT-03,Midday,58,87,562.89
2024-11-01,OUT-03,Evening,25,34,218.99
2024-11-02,OUT-03,Morning,58,85,389.33
2024-11-02,OUT-03,Midday,29,41,336.9
2024-11-02,OUT-03,Evening,12,19,121.49
2024-11-03,OUT-03,Morning,41,59,286.92
2024-11-03,OUT-03,Midday,21,29,223.68
2024-11-03,OUT-03,Evening,9,13,85.71
2024-11-04,OUT-03,Morning,107,149,655.9
2024-11-04,OUT-03,Midday,54,77,522.47
2024-11-04,OUT-03,Evening,20,29,180.78
2024-11-05,OUT-03,Morning,85,122,620.06
2024-11-05,OUT-03,Midday,56,84,586.01
2024-11-05,OUT-03,Evening,23,36,205.04
2024-11-06,OUT-03,Morning,71,106,552.02
2024-11-06,OUT-03,Midday,46,65,472.5
2024-11-06,OUT-03,Evening,19,30,184.64
2024-11-07,OUT-03,Morning,87,139,553.91
2024-11-07,OUT-03,Midday,48,67,488.47
2024-11-07,OUT-03,Evening,20,29,167.04
2024-11-08,OUT-03,Morning,89,128,575.96
2024-11-08,OUT-03,Midday,47,67,482.99
2024-11-08,OUT-03,Evening,21,31,187.4
2024-11-09,OUT-03,Morning,48,71,325.34
2024-11-09,OUT-03,Midday,31,43,325.01
2024-11-09,OUT-03,Evening,13,18,106.22
2024-11-10,OUT-03,Morning,42,58,290.78
2024-11-10,OUT-03,Midday,20,29,203.72
2024-11-10,OUT-03,Evening,8,11,76.45
2024-11-11,OUT-03,Morning,97,145,631.77
2024-11-11,OUT-03,Midday,42,55,472.44
2024-11-11,OUT-03,Evening,15,22,151.12
2024-11-12,OUT-03,Morning,95,143,627.57
2024-11-12,OUT-03,Midday,47,69,484.11
2024-11-12,OUT-03,Evening,23,33,214.24
2024-11-13,OUT-03,Morning,119,170,755.93
2024-11-13,OUT-03,Midday,55,85,597.24
2024-11-13,OUT-03,Evening,23,34,216.86
2024-11-14,OUT-03,Morning,89,129,649.19
2024-11-14,OUT-03,Midday,48,75,516.73
2024-11-14,OUT-03,Evening,18,24,175.09
2024-11-15,OUT-03,Morning,119,176,782.92
2024-11-15,OUT-03,Midday,50,73,504.66
2024-11-15,OUT-03,Evening,22,33,205.8
2024-11-16,OUT-03,Morning,46,68,312.96
2024-11-16,OUT-03,Midday,23,35,249.57
2024-11-16,OUT-03,Evening,8,11,83.53
2024-11-17,OUT-03,Morning,41,58,296.6
2024-11-17,OUT-03,Midday,22,32,244.59
2024-11-17,OUT-03,Evening,9,13,79.02
2024-11-18,OUT-03,Morning,114,168,755.07
2024-11-18,OUT-03,Midday,62,89,681.96
2024-11-18,OUT-03,Evening,24,36,236.21
2024-11-19,OUT-03,Morning,110,153,735.44
2024-11-19,OUT-03,Midday,55,86,602.38
2024-11-19,OUT-03,Evening,22,30,228.96
2024-11-20,OUT-03,Morning,103,149,657.8
2024-11-20,OUT-03,Midday,58,83,603.65
2024-11-20,OUT-03,Evening,24,36,205.15
2024-11-21,OUT-03,Morning,93,135,654.63
2024-11-21,OUT-03,Midday,57,84,598.47
2024-11-21,OUT-03,Evening,26,40,237.74
2024-11-22,OUT-03,Morning,98,143,606.94
2024-11-22,OUT-03,Midday,41,63,463.48
2024-11-22,OUT-03,Evening,18,26,158.92
2024-11-23,OUT-03,Morning,56,83,352.89
2024-11-23,OUT-03,Midday,29,42,307.98
2024-11-23,OUT-03,Evening,10,14,92.1
2024-11-24,OUT-03,Morning,43,58,256.08
2024-11-24,OUT-03,Midday,19,30,185.24
2024-11-24,OUT-03,Evening,8,12,71.16
2024-11-25,OUT-03,Morning,130,188,834.73
2024-11-25,OUT-03,Midday,61,89,630.3
2024-11-25,OUT-03,Evening,22,32,200.07
2024-11-26,OUT-03,Morning,98,147,633.14
2024-11-26,OUT-03,Midday,52,76,511.98
2024-11-26,OUT-03,Evening,21,31,206.68
2024-11-27,OUT-03,Morning,85,120,510.77
2024-11-27,OUT-03,Midday,40,58,440.34
2024-11-27,OUT-03,Evening,18,26,160.56
2024-11-28,OUT-03,Morning,114,156,737.74
2024-11-28,OUT-03,Midday,62,90,635.59
2024-11-28,OUT-03,Evening,23,31,220.91
2024-11-29,OUT-03,Morning,95,141,654.44
2024-11-29,OUT-03,Midday,40,58,428.3
2024-11-29,OUT-03,Evening,22,33,198.77
2024-11-30,OUT-03,Morning,49,72,324.59
2024-11-30,OUT-03,Midday,23,32,256.57
2024-11-30,OUT-03,Evening,11,16,103.03
2024-12-01,OUT-03,Morning,40,59,254.56
2024-12-01,OUT-03,Midday,18,25,201.06
2024-12-01,OUT-03,Evening,8,11,69.36
2024-12-02,OUT-03,Morning,93,136,545.8
2024-12-02,OUT-03,Midday,41,64,423.75
2024-12-02,OUT-03,Evening,16,22,146.07
2024-12-03,OUT-03,Morning,66,97,508.83
2024-12-03,OUT-03,Midday,51,72,514.0
2024-12-03,OUT-03,Evening,17,25,167.01
2024-12-04,OUT-03,Morning,92,129,611.85
2024-12-04,OUT-03,Midday,39,53,468.54
2024-12-04,OUT-03,Evening,21,29,182.58
2024-12-05,OUT-03,Morning,84,127,555.59
2024-12-05,OUT-03,Midday,37,53,392.63
2024-12-05,OUT-03,Evening,20,29,187.56
2024-12-06,OUT-03,Morning,85,129,570.82
2024-12-06,OUT-03,Midday,47,65,456.67
2024-12-06,OUT-03,Evening,16,24,153.19
2024-12-07,OUT-03,Morning,53,75,380.67
2024-12-07,OUT-03,Midday,27,38,286.37
2024-12-07,OUT-03,Evening,12,17,112.08
2024-12-08,OUT-03,Morning,32,48,228.08
2024-12-08,OUT-03,Midday,13,19,159.03
2024-12-08,OUT-03,Evening,6,9,58.04
2024-12-09,OUT-03,Morning,102,144,667.32
2024-12-09,OUT-03,Midday,59,80,584.08
2024-12-09,OUT-03,Evening,21,28,195.49
2024-12-10,OUT-03,Morning,131,172,841.3
2024-12-10,OUT-03,Midday,52,82,540.88
2024-12-10,OUT-03,Evening,19,26,195.47
2024-12-11,OUT-03,Morning,90,126,599.46
2024-12-11,OUT-03,Midday,59,91,596.58
2024-12-11,OUT-03,Evening,20,29,190.04
2024-12-12,OUT-03,Morning,103,153,670.23
2024-12-12,OUT-03,Midday,51,74,517.45
2024-12-12,OUT-03,Evening,22,35,212.63
2024-12-13,OUT-03,Morning,82,124,538.15
2024-12-13,OUT-03,Midday,33,47,346.58
2024-12-13,OUT-03,Evening,18,25,164.21
2024-12-14,OUT-03,Morning,49,69,316.74
2024-12-14,OUT-03,Midday,22,32,240.2
2024-12-14,OUT-03,Evening,10,15,95.31
2024-12-15,OUT-03,Morning,31,46,193.42
2024-12-15,OUT-03,Midday,14,20,165.07
2024-12-15,OUT-03,Evening,7,10,62.88
2024-12-16,OUT-03,Morning,95,143,630.83
2024-12-16,OUT-03,Midday,44,64,459.59
2024-12-16,OUT-03,Evening,20,30,166.63
2024-12-17,OUT-03,Morning,89,132,620.54
2024-12-17,OUT-03,Midday,47,68,473.65
2024-12-17,OUT-03,Evening,18,26,173.1
2024-12-18,OUT-03,Morning,103,147,659.92
2024-12-18,OUT-03,Midday,48,75,506.38
2024-12-18,OUT-03,Evening,19,26,175.6
2024-12-19,OUT-03,Morning,106,145,721.64
2024-12-19,OUT-03,Midday,46,64,491.98
2024-12-19,OUT-03,Evening,23,35,223.57
2024-12-20,OUT-03,Morning,89,126,588.12
2024-12-20,OUT-03,Midday,47,66,520.57
2024-12-20,OUT-03,Evening,18,25,167.91
2024-12-21,OUT-03,Morning,43,59,286.87
2024-12-21,OUT-03,Midday,23,34,264.68
2024-12-21,OUT-03,Evening,9,14,88.65
2024-12-22,OUT-03,Morning,35,53,234.28
2024-12-22,OUT-03,Midday,18,27,167.62
2024-12-22,OUT-03,Evening,8,11,66.57
2024-12-23,OUT-03,Morning,90,121,607.43
2024-12-23,OUT-03,Midday,45,60,482.31
2024-12-23,OUT-03,Evening,20,30,192.67
2024-12-24,OUT-03,Morning,108,169,752.27
2024-12-24,OUT-03,Midday,52,80,489.11
2024-12-24,OUT-03,Evening,21,29,182.34
2024-12-25,OUT-03,Morning,76,109,526.73
2024-12-25,OUT-03,Midday,38,51,411.56
2024-12-25,OUT-03,Evening,17,24,158.79
2024-12-26,OUT-03,Morning,134,194,812.0
2024-12-26,OUT-03,Midday,58,82,624.76
2024-12-26,OUT-03,Evening,23,32,237.71
2024-12-27,OUT-03,Morning,106,155,653.38
2024-12-27,OUT-03,Midday,51,77,494.39
2024-12-27,OUT-03,Evening,21,30,182.02
2024-12-28,OUT-03,Morning,56,89,362.42
2024-12-28,OUT-03,Midday,29,41,302.24
2024-12-28,OUT-03,Evening,10,15,99.12
2024-12-29,OUT-03,Morning,32,48,208.58
2024-12-29,OUT-03,Midday,20,29,201.69
2024-12-29,OUT-03,Evening,7,10,65.97
2024-12-30,OUT-03,Morning,84,125,568.03
2024-12-30,OUT-03,Midday,41,60,480.9
2024-12-30,OUT-03,Evening,19,27,165.14
2024-12-31,OUT-03,Morning,98,146,682.99
2024-12-31,OUT-03,Midday,52,73,541.13
2024-12-31,OUT-03,Evening,22,33,214.32
2025-01-01,OUT-03,Morning,63,93,436.84
2025-01-01,OUT-03,Midday,31,44,333.18
2025-01-01,OUT-03,Evening,14,19,123.14
2025-01-02,OUT-03,Morning,112,154,710.37
2025-01-02,OUT-03,Midday,52,73,588.86
2025-01-02,OUT-03,Evening,22,32,213.58
2025-01-03,OUT-03,Morning,115,164,762.53
2025-01-03,OUT-03,Midday,57,84,608.55
2025-01-03,OUT-03,Evening,22,34,213.54
2025-01-04,OUT-03,Morning,49,75,311.66
2025-01-04,OUT-03,Midday,23,34,253.72
2025-01-04,OUT-03,Evening,10,14,93.34
2025-01-05,OUT-03,Morning,34,48,235.21
2025-01-05,OUT-03,Midday,15,23,165.93
2025-01-05,OUT-03,Evening,7,10,67.22
2025-01-06,OUT-03,Morning,75,110,509.76
2025-01-06,OUT-03,Midday,43,63,454.49
2025-01-06,OUT-03,Evening,19,31,176.96
2025-01-07,OUT-03,Morning,113,162,794.69
2025-01-07,OUT-03,Midday,52,78,529.76
2025-01-07,OUT-03,Evening,22,33,198.05
2025-01-08,OUT-03,Morning,92,130,652.82
2025-01-08,OUT-03,Midday,60,88,583.59
2025-01-08,OUT-03,Evening,26,38,221.29
2025-01-09,OUT-03,Morning,87,126,621.19
2025-01-09,OUT-03,Midday,57,79,611.9
2025-01-09,OUT-03,Evening,21,31,205.73
2025-01-10,OUT-03,Morning,101,145,630.33
2025-01-10,OUT-03,Midday,61,90,599.61
2025-01-10,OUT-03,Evening,23,31,219.32
2025-01-11,OUT-03,Morning,48,64,318.4
2025-01-11,OUT-03,Midday,25,37,249.77
2025-01-11,OUT-03,Evening,9,12,88.95
2025-01-12,OUT-03,Morning,36,52,232.27
2025-01-12,OUT-03,Midday,18,27,193.48
2025-01-12,OUT-03,Evening,7,11,64.45
2025-01-13,OUT-03,Morning,89,124,573.69
2025-01-13,OUT-03,Midday,51,70,534.71
2025-01-13,OUT-03,Evening,16,23,146.29
2025-01-14,OUT-03,Morning,95,138,586.59
2025-01-14,OUT-03,Midday,53,75,519.19
2025-01-14,OUT-03,Evening,19,27,166.75
2025-01-15,OUT-03,Morning,95,129,675.5
2025-01-15,OUT-03,Midday,46,65,524.14
2025-01-15,OUT-03,Evening,22,33,188.67
2025-01-16,OUT-03,Morning,87,126,590.55
2025-01-16,OUT-03,Midday,46,59,463.64
2025-01-16,OUT-03,Evening,20,28,185.23
2025-01-17,OUT-03,Morning,105,166,613.04
2025-01-17,OUT-03,Midday,48,70,497.09
2025-01-17,OUT-03,Evening,19,26,172.04
2025-01-18,OUT-03,Morning,53,75,341.42
2025-01-18,OUT-03,Midday,26,36,308.86
2025-01-18,OUT-03,Evening,11,16,103.59
2025-01-19,OUT-03,Morning,33,47,221.23
2025-01-19,OUT-03,Midday,17,25,175.29
2025-01-19,OUT-03,Evening,8,12,70.26
2025-01-20,OUT-03,Morning,103,144,648.45
2025-01-20,OUT-03,Midday,56,82,571.78
2025-01-20,OUT-03,Evening,23,36,193.56
2025-01-21,OUT-03,Morning,90,132,596.69
2025-01-21,OUT-03,Midday,43,60,476.85
2025-01-21,OUT-03,Evening,21,30,177.28
2025-01-22,OUT-03,Morning,103,153,675.28
2025-01-22,OUT-03,Midday,53,74,555.11
2025-01-22,OUT-03,Evening,28,44,258.13
2025-01-23,OUT-03,Morning,101,136,694.07
2025-01-23,OUT-03,Midday,56,77,587.57
2025-01-23,OUT-03,Evening,24,33,218.71
2025-01-24,OUT-03,Morning,97,139,620.42
2025-01-24,OUT-03,Midday,48,73,502.96
2025-01-24,OUT-03,Evening,23,32,205.86
2025-01-25,OUT-03,Morning,44,64,296.28
2025-01-25,OUT-03,Midday,23,34,252.79
2025-01-25,OUT-03,Evening,12,17,101.26
2025-01-26,OUT-03,Morning,40,57,264.46
2025-01-26,OUT-03,Midday,19,29,206.59
2025-01-26,OUT-03,Evening,8,11,72.7
2025-01-27,OUT-03,Morning,99,141,647.02
2025-01-27,OUT-03,Midday,49,70,532.88
2025-01-27,OUT-03,Evening,18,24,178.29
2025-01-28,OUT-03,Morning,120,182,773.72
2025-01-28,OUT-03,Midday,52,77,591.1
2025-01-28,OUT-03,Evening,19,27,192.87
2025-01-29,OUT-03,Morning,67,99,430.74
2025-01-29,OUT-03,Midday,32,45,340.05
2025-01-29,OUT-03,Evening,14,21,135.03
2025-01-30,OUT-03,Morning,91,127,602.25
2025-01-30,OUT-03,Midday,39,57,422.39
2025-01-30,OUT-03,Evening,17,24,160.79
2025-01-31,OUT-03,Morning,115,175,776.82
2025-01-31,OUT-03,Midday,58,87,570.12
2025-01-31,OUT-03,Evening,17,23,174.71
2025-02-01,OUT-03,Morning,57,87,389.39
2025-02-01,OUT-03,Midday,30,45,306.17
2025-02-01,OUT-03,Evening,11,17,110.46
2025-02-02,OUT-03,Morning,33,46,235.85
2025-02-02,OUT-03,Midday,14,20,156.96
2025-02-02,OUT-03,Evening,6,9,55.95
2025-02-03,OUT-03,Morning,96,138,646.75
2025-02-03,OUT-03,Midday,51,71,533.64
2025-02-03,OUT-03,Evening,18,27,165.74
2025-02-04,OUT-03,Morning,87,124,588.47
2025-02-04,OUT-03,Midday,51,68,534.2
2025-02-04,OUT-03,Evening,20,28,180.38
2025-02-05,OUT-03,Morning,92,133,608.15
2025-02-05,OUT-03,Midday,47,69,506.6
2025-02-05,OUT-03,Evening,20,29,186.16
2025-02-06,OUT-03,Morning,106,152,678.47
2025-02-06,OUT-03,Midday,47,72,464.28
2025-02-06,OUT-03,Evening,21,29,196.38
2025-02-07,OUT-03,Morning,91,130,558.5
2025-02-07,OUT-03,Midday,46,62,511.21
2025-02-07,OUT-03,Evening,18,26,168.42
2025-02-08,OUT-03,Morning,58,87,366.85
2025-02-08,OUT-03,Midday,29,41,288.4
2025-02-08,OUT-03,Evening,10,14,92.21
2025-02-09,OUT-03,Morning,47,66,314.83
2025-02-09,OUT-03,Midday,21,32,220.09
2025-02-09,OUT-03,Evening,8,11,74.9
2025-02-10,OUT-03,Morning,124,172,731.39
2025-02-10,OUT-03,Midday,55,76,592.83
2025-02-10,OUT-03,Evening,20,28,181.91
2025-02-11,OUT-03,Morning,81,117,526.74
2025-02-11,OUT-03,Midday,38,55,436.78
2025-02-11,OUT-03,Evening,16,22,150.96
2025-02-12,OUT-03,Morning,103,164,717.49
2025-02-12,OUT-03,Midday,51,72,547.8
2025-02-12,OUT-03,Evening,20,29,184.61
2025-02-13,OUT-03,Morning,86,124,578.31
2025-02-13,OUT-03,Midday,41,58,486.83
2025-02-13,OUT-03,Evening,15,20,139.82
2025-02-14,OUT-03,Morning,115,152,695.27
2025-02-14,OUT-03,Midday,47,70,544.8
2025-02-14,OUT-03,Evening,25,34,206.24
2025-02-15,OUT-03,Morning,45,60,282.57
2025-02-15,OUT-03,Midday,24,34,268.12
2025-02-15,OUT-03,Evening,10,14,87.22
2025-02-16,OUT-03,Morning,34,48,252.01
2025-02-16,OUT-03,Midday,16,24,169.43
2025-02-16,OUT-03,Evening,7,10,67.01
2025-02-17,OUT-03,Morning,105,140,734.1
2025-02-17,OUT-03,Midday,48,71,487.75
2025-02-17,OUT-03,Evening,23,35,218.43
2025-02-18,OUT-03,Morning,112,169,724.53
2025-02-18,OUT-03,Midday,47,71,519.81
2025-02-18,OUT-03,Evening,23,32,210.02
2025-02-19,OUT-03,Morning,92,126,615.3
2025-02-19,OUT-03,Midday,47,68,477.34
2025-02-19,OUT-03,Evening,21,30,189.34
2025-02-20,OUT-03,Morning,94,135,632.24
2025-02-20,OUT-03,Midday,52,73,522.08
2025-02-20,OUT-03,Evening,20,31,189.15
2025-02-21,OUT-03,Morning,106,157,647.65
2025-02-21,OUT-03,Midday,50,72,524.66
2025-02-21,OUT-03,Evening,20,29,179.44
2025-02-22,OUT-03,Morning,46,68,326.62
2025-02-22,OUT-03,Midday,28,40,276.28
2025-02-22,OUT-03,Evening,12,18,110.56
2025-02-23,OUT-03,Morning,36,53,222.34
2025-02-23,OUT-03,Midday,16,22,168.93
2025-02-23,OUT-03,Evening,7,11,63.86
2025-02-24,OUT-03,Morning,121,180,751.22
2025-02-24,OUT-03,Midday,60,89,601.58
2025-02-24,OUT-03,Evening,27,40,229.35
2025-02-25,OUT-03,Morning,88,128,610.02
2025-02-25,OUT-03,Midday,53,80,559.07
2025-02-25,OUT-03,Evening,19,28,174.97
2025-02-26,OUT-03,Morning,103,148,665.05
2025-02-26,OUT-03,Midday,55,79,592.65
2025-02-26,OUT-03,Evening,22,30,198.25
2025-02-27,OUT-03,Morning,103,147,737.83
2025-02-27,OUT-03,Midday,53,76,545.38
2025-02-27,OUT-03,Evening,26,39,215.93
2025-02-28,OUT-03,Morning,98,134,631.66
2025-02-28,OUT-03,Midday,42,61,453.35
2025-02-28,OUT-03,Evening,18,26,171.09
2025-03-01,OUT-03,Morning,60,87,399.13
2025-03-01,OUT-03,Midday,26,37,261.21
2025-03-01,OUT-03,Evening,13,19,116.03
2025-03-02,OUT-03,Morning,40,56,249.4
2025-03-02,OUT-03,Midday,18,26,196.48
2025-03-02,OUT-03,Evening,8,12,74.88
2025-03-03,OUT-03,Morning,95,137,654.88
2025-03-03,OUT-03,Midday,55,85,542.12
2025-03-03,OUT-03,Evening,19,28,181.59
2025-03-04,OUT-03,Morning,101,143,682.05
2025-03-04,OUT-03,Midday,48,66,510.11
2025-03-04,OUT-03,Evening,21,29,194.43
2025-03-05,OUT-03,Morning,115,164,800.85
2025-03-05,OUT-03,Midday,50,79,527.16
2025-03-05,OUT-03,Evening,24,36,214.96
2025-03-06,OUT-03,Morning,113,154,740.28
2025-03-06,OUT-03,Midday,47,70,566.9
2025-03-06,OUT-03,Evening,21,31,214.63
2025-03-07,OUT-03,Morning,86,127,564.4
2025-03-07,OUT-03,Midday,43,59,417.69
2025-03-07,OUT-03,Evening,15,20,147.37
2025-03-08,OUT-03,Morning,59,92,371.51
2025-03-08,OUT-03,Midday,22,32,245.38
2025-03-08,OUT-03,Evening,9,13,90.56
2025-03-09,OUT-03,Morning,33,48,211.31
2025-03-09,OUT-03,Midday,18,27,193.07
2025-03-09,OUT-03,Evening,7,11,63.4
2025-03-10,OUT-03,Morning,115,178,742.39
2025-03-10,OUT-03,Midday,50,68,577.21
2025-03-10,OUT-03,Evening,23,34,207.26
2025-03-11,OUT-03,Morning,95,136,680.23
2025-03-11,OUT-03,Midday,45,65,477.65
2025-03-11,OUT-03,Evening,19,29,165.12
2025-03-12,OUT-03,Morning,97,136,666.54
2025-03-12,OUT-03,Midday,55,82,558.36
2025-03-12,OUT-03,Evening,21,28,186.57
2025-03-13,OUT-03,Morning,84,129,585.82
2025-03-13,OUT-03,Midday,50,70,521.82
2025-03-13,OUT-03,Evening,21,31,194.2
2025-03-14,OUT-03,Morning,100,145,639.53
2025-03-14,OUT-03,Midday,39,57,421.11
2025-03-14,OUT-03,Evening,19,29,175.77
2025-03-15,OUT-03,Morning,50,74,343.38
2025-03-15,OUT-03,Midday,25,40,283.48
2025-03-15,OUT-03,Evening,9,14,91.51
2025-03-16,OUT-03,Morning,41,64,263.75
2025-03-16,OUT-03,Midday,20,29,205.15
2025-03-16,OUT-03,Evening,7,10,69.22
2025-03-17,OUT-03,Morning,101,147,655.4
2025-03-17,OUT-03,Midday,46,62,521.37
2025-03-17,OUT-03,Evening,22,34,199.92
2025-03-18,OUT-03,Morning,103,152,683.14
2025-03-18,OUT-03,Midday,48,70,506.73
2025-03-18,OUT-03,Evening,19,27,182.43
2025-03-19,OUT-03,Morning,120,177,787.61
2025-03-19,OUT-03,Midday,57,84,643.76
2025-03-19,OUT-03,Evening,22,32,218.94
2025-03-20,OUT-03,Morning,91,136,652.52
2025-03-20,OUT-03,Midday,48,66,452.28
2025-03-20,OUT-03,Evening,19,29,177.36
2025-03-21,OUT-03,Morning,119,169,751.46
2025-03-21,OUT-03,Midday,62,90,608.38
2025-03-21,OUT-03,Evening,25,36,227.65
2025-03-22,OUT-03,Morning,53,81,317.74
2025-03-22,OUT-03,Midday,25,38,274.75
2025-03-22,OUT-03,Evening,10,15,88.97
2025-03-23,OUT-03,Morning,32,50,215.11
2025-03-23,OUT-03,Midday,18,25,179.25
2025-03-23,OUT-03,Evening,6,9,59.52
2025-03-24,OUT-03,Morning,86,121,597.29
2025-03-24,OUT-03,Midday,48,71,488.0
2025-03-24,OUT-03,Evening,20,29,197.62
2025-03-25,OUT-03,Morning,93,142,660.6
2025-03-25,OUT-03,Midday,54,81,568.09
2025-03-25,OUT-03,Evening,23,35,211.32
2025-03-26,OUT-03,Morning,108,155,659.89
2025-03-26,OUT-03,Midday,54,71,569.54
2025-03-26,OUT-03,Evening,19,26,190.72
2025-03-27,OUT-03,Morning,98,132,607.27
2025-03-27,OUT-03,Midday,48,70,470.29
2025-03-27,OUT-03,Evening,18,27,187.26
2025-03-28,OUT-03,Morning,105,148,667.42
2025-03-28,OUT-03,Midday,53,75,581.0
2025-03-28,OUT-03,Evening,22,30,192.33
2025-03-29,OUT-03,Morning,39,53,285.96
2025-03-29,OUT-03,Midday,26,39,260.05
2025-03-29,OUT-03,Evening,8,12,83.97
2025-03-30,OUT-03,Morning,34,46,229.44
2025-03-30,OUT-03,Midday,20,29,211.9
2025-03-30,OUT-03,Evening,7,10,65.8
2025-03-31,OUT-03,Morning,82,122,513.38
2025-03-31,OUT-03,Midday,36,52,380.54
2025-03-31,OUT-03,Evening,18,25,154.95
2025-04-01,OUT-03,Morning,106,144,684.38
2025-04-01,OUT-03,Midday,51,75,532.3
2025-04-01,OUT-03,Evening,19,28,178.17
2025-04-02,OUT-03,Morning,96,141,627.51
2025-04-02,OUT-03,Midday,51,68,551.63
2025-04-02,OUT-03,Evening,21,30,185.86
2025-04-03,OUT-03,Morning,83,113,533.1
2025-04-03,OUT-03,Midday,43,58,439.59
2025-04-03,OUT-03,Evening,19,26,189.52
2025-04-04,OUT-03,Morning,72,107,477.83
2025-04-04,OUT-03,Midday,40,60,437.42
2025-04-04,OUT-03,Evening,15,21,136.71
2025-04-05,OUT-03,Morning,51,78,348.0
2025-04-05,OUT-03,Midday,21,30,241.98
2025-04-05,OUT-03,Evening,9,13,81.35
2025-04-06,OUT-03,Morning,39,58,252.7
2025-04-06,OUT-03,Midday,17,25,192.66
2025-04-06,OUT-03,Evening,9,13,83.53
2025-04-07,OUT-03,Morning,103,138,694.26
2025-04-07,OUT-03,Midday,58,84,625.03
2025-04-07,OUT-03,Evening,19,27,176.03
2025-04-08,OUT-03,Morning,115,170,739.18
2025-04-08,OUT-03,Midday,49,70,548.34
2025-04-08,OUT-03,Evening,22,33,208.15
2025-04-09,OUT-03,Morning,101,156,647.23
2025-04-09,OUT-03,Midday,51,73,504.26
2025-04-09,OUT-03,Evening,19,27,165.04
2025-04-10,OUT-03,Morning,96,145,633.58
2025-04-10,OUT-03,Midday,49,71,524.54
2025-04-10,OUT-03,Evening,23,33,230.45
2025-04-11,OUT-03,Morning,102,141,694.59
2025-04-11,OUT-03,Midday,54,80,572.04
2025-04-11,OUT-03,Evening,25,39,218.68
2025-04-12,OUT-03,Morning,48,65,326.56
2025-04-12,OUT-03,Midday,26,40,259.86
2025-04-12,OUT-03,Evening,10,14,100.11
2025-04-13,OUT-03,Morning,32,46,207.22
2025-04-13,OUT-03,Midday,15,21,152.73
2025-04-13,OUT-03,Evening,6,9,55.79
2025-04-14,OUT-03,Morning,78,116,535.36
2025-04-14,OUT-03,Midday,38,59,396.41
2025-04-14,OUT-03,Evening,15,20,140.93
2025-04-15,OUT-03,Morning,98,146,643.64
2025-04-15,OUT-03,Midday,49,68,486.23
2025-04-15,OUT-03,Evening,16,22,157.48
2025-04-16,OUT-03,Morning,99,136,676.67
2025-04-16,OUT-03,Midday,50,71,604.74
2025-04-16,OUT-03,Evening,22,32,215.26
2025-04-17,OUT-03,Morning,117,176,785.59
2025-04-17,OUT-03,Midday,50,75,547.34
2025-04-17,OUT-03,Evening,21,28,199.22
2025-04-18,OUT-03,Morning,56,84,403.72
2025-04-18,OUT-03,Midday,32,47,342.2
2025-04-18,OUT-03,Evening,13,18,127.52
2025-04-19,OUT-03,Morning,39,57,274.68
2025-04-19,OUT-03,Midday,21,31,227.66
2025-04-19,OUT-03,Evening,8,11,85.82
2025-04-20,OUT-03,Morning,28,41,201.99
2025-04-20,OUT-03,Midday,19,27,195.31
2025-04-20,OUT-03,Evening,7,10,71.73
2025-04-21,OUT-03,Morning,99,148,650.56
2025-04-21,OUT-03,Midday,50,73,540.63
2025-04-21,OUT-03,Evening,21,31,206.27
2025-04-22,OUT-03,Morning,100,145,611.47
2025-04-22,OUT-03,Midday,43,63,465.62
2025-04-22,OUT-03,Evening,20,29,186.89
2025-04-23,OUT-03,Morning,105,154,667.48
2025-04-23,OUT-03,Midday,58,81,587.71
2025-04-23,OUT-03,Evening,23,32,219.27
2025-04-24,OUT-03,Morning,95,146,617.76
2025-04-24,OUT-03,Midday,57,85,557.33
2025-04-24,OUT-03,Evening,21,31,198.23
2025-04-25,OUT-03,Morning,102,158,636.51
2025-04-25,OUT-03,Midday,44,64,462.62
2025-04-25,OUT-03,Evening,21,29,196.24
2025-04-26,OUT-03,Morning,54,80,353.49
2025-04-26,OUT-03,Midday,30,44,300.65
2025-04-26,OUT-03,Evening,11,17,96.82
2025-04-27,OUT-03,Morning,28,43,192.37
2025-04-27,OUT-03,Midday,16,23,166.8
2025-04-27,OUT-03,Evening,5,7,49.46
2025-04-28,OUT-03,Morning,92,139,647.68
2025-04-28,OUT-03,Midday,51,74,541.3
2025-04-28,OUT-03,Evening,21,32,198.73
2025-04-29,OUT-03,Morning,86,122,585.67
2025-04-29,OUT-03,Midday,44,61,479.2
2025-04-29,OUT-03,Evening,20,28,177.03
2025-04-30,OUT-03,Morning,117,159,729.88
2025-04-30,OUT-03,Midday,47,68,484.81
2025-04-30,OUT-03,Evening,20,29,191.15
2025-05-01,OUT-03,Morning,85,125,539.04
2025-05-01,OUT-03,Midday,37,56,390.44
2025-05-01,OUT-03,Evening,18,25,163.48
2025-05-02,OUT-03,Morning,98,139,619.61
2025-05-02,OUT-03,Midday,50,73,521.78
2025-05-02,OUT-03,Evening,20,32,175.27
2025-05-03,OUT-03,Morning,41,57,269.39
2025-05-03,OUT-03,Midday,16,24,172.98
2025-05-03,OUT-03,Evening,7,10,71.57
2025-05-04,OUT-03,Morning,43,60,293.97
2025-05-04,OUT-03,Midday,24,33,244.76
2025-05-04,OUT-03,Evening,9,14,88.22
2025-05-05,OUT-03,Morning,94,146,650.13
2025-05-05,OUT-03,Midday,49,71,536.28
2025-05-05,OUT-03,Evening,22,33,210.22
2025-05-06,OUT-03,Morning,100,150,689.79
2025-05-06,OUT-03,Midday,50,72,556.82
2025-05-06,OUT-03,Evening,26,38,237.05
2025-05-07,OUT-03,Morning,86,128,573.19
2025-05-07,OUT-03,Midday,44,67,480.23
2025-05-07,OUT-03,Evening,17,26,157.34
2025-05-08,OUT-03,Morning,82,118,531.8
2025-05-08,OUT-03,Midday,50,76,503.87
2025-05-08,OUT-03,Evening,20,29,197.31
2025-05-09,OUT-03,Morning,103,148,656.36
2025-05-09,OUT-03,Midday,57,77,521.26
2025-05-09,OUT-03,Evening,19,26,186.09
2025-05-10,OUT-03,Morning,55,78,343.29
2025-05-10,OUT-03,Midday,27,39,288.79
2025-05-10,OUT-03,Evening,12,17,114.11
2025-05-11,OUT-03,Morning,34,45,221.91
2025-05-11,OUT-03,Midday,17,24,186.21
2025-05-11,OUT-03,Evening,8,12,65.22
2025-05-12,OUT-03,Morning,67,99,428.43
2025-05-12,OUT-03,Midday,26,37,306.46
2025-05-12,OUT-03,Evening,13,19,120.4
2025-05-13,OUT-03,Morning,91,134,649.42
2025-05-13,OUT-03,Midday,60,87,614.53
2025-05-13,OUT-03,Evening,21,32,181.84
2025-05-14,OUT-03,Morning,82,126,554.22
2025-05-14,OUT-03,Midday,50,61,533.71
2025-05-14,OUT-03,Evening,20,31,183.46
2025-05-15,OUT-03,Morning,97,136,661.52
2025-05-15,OUT-03,Midday,54,77,555.33
2025-05-15,OUT-03,Evening,25,35,221.13
2025-05-16,OUT-03,Morning,82,119,547.03
2025-05-16,OUT-03,Midday,50,71,508.07
2025-05-16,OUT-03,Evening,16,23,149.16
2025-05-17,OUT-03,Morning,50,74,325.04
2025-05-17,OUT-03,Midday,25,35,265.93
2025-05-17,OUT-03,Evening,9,13,84.1
2025-05-18,OUT-03,Morning,39,56,250.64
2025-05-18,OUT-03,Midday,20,31,204.58
2025-05-18,OUT-03,Evening,7,9,72.72
2025-05-19,OUT-03,Morning,106,148,726.11
2025-05-19,OUT-03,Midday,59,86,591.93
2025-05-19,OUT-03,Evening,21,29,197.99
2025-05-20,OUT-03,Morning,105,155,690.56
2025-05-20,OUT-03,Midday,45,65,485.43
2025-05-20,OUT-03,Evening,22,35,224.36
2025-05-21,OUT-03,Morning,100,144,675.32
2025-05-21,OUT-03,Midday,59,83,665.26
2025-05-21,OUT-03,Evening,21,32,198.22
2025-05-22,OUT-03,Morning,94,138,616.43
2025-05-22,OUT-03,Midday,44,65,474.06
2025-05-22,OUT-03,Evening,20,30,169.23
2025-05-23,OUT-03,Morning,96,141,594.01
2025-05-23,OUT-03,Midday,48,67,527.36
2025-05-23,OUT-03,Evening,19,28,178.32
2025-05-24,OUT-03,Morning,53,75,370.21
2025-05-24,OUT-03,Midday,32,46,310.29
2025-05-24,OUT-03,Evening,11,15,102.95
2025-05-25,OUT-03,Morning,43,65,281.72
2025-05-25,OUT-03,Midday,18,27,192.01
2025-05-25,OUT-03,Evening,9,13,76.66
2025-05-26,OUT-03,Morning,77,114,519.99
2025-05-26,OUT-03,Midday,43,62,452.38
2025-05-26,OUT-03,Evening,17,24,161.77
2025-05-27,OUT-03,Morning,59,88,420.75
2025-05-27,OUT-03,Midday,36,56,368.94
2025-05-27,OUT-03,Evening,15,21,145.75
2025-05-28,OUT-03,Morning,100,149,630.87
2025-05-28,OUT-03,Midday,49,73,523.32
2025-05-28,OUT-03,Evening,20,29,176.98
2025-05-29,OUT-03,Morning,92,123,593.29
2025-05-29,OUT-03,Midday,47,70,530.35
2025-05-29,OUT-03,Evening,16,23,152.15
2025-05-30,OUT-03,Morning,82,117,522.17
2025-05-30,OUT-03,Midday,45,67,432.63
2025-05-30,OUT-03,Evening,18,25,165.74
2025-05-31,OUT-03,Morning,55,81,382.04
2025-05-31,OUT-03,Midday,30,43,299.51
2025-05-31,OUT-03,Evening,13,20,119.65
2025-06-01,OUT-03,Morning,40,59,280.2
2025-06-01,OUT-03,Midday,19,27,207.79
2025-06-01,OUT-03,Evening,7,10,67.72
2025-06-02,OUT-03,Morning,96,141,615.53
2025-06-02,OUT-03,Midday,36,55,394.68
2025-06-02,OUT-03,Evening,18,28,173.74
2025-06-03,OUT-03,Morning,101,151,698.28
2025-06-03,OUT-03,Midday,49,77,497.17
2025-06-03,OUT-03,Evening,22,31,193.08
2025-06-04,OUT-03,Morning,90,135,585.09
2025-06-04,OUT-03,Midday,42,62,437.74
2025-06-04,OUT-03,Evening,20,30,175.0
2025-06-05,OUT-03,Morning,83,122,588.96
2025-06-05,OUT-03,Midday,48,70,525.48
2025-06-05,OUT-03,Evening,20,30,204.09
2025-06-06,OUT-03,Morning,87,125,582.33
2025-06-06,OUT-03,Midday,48,67,507.58
2025-06-06,OUT-03,Evening,17,26,165.71
2025-06-07,OUT-03,Morning,41,59,269.05
2025-06-07,OUT-03,Midday,18,25,201.53
2025-06-07,OUT-03,Evening,7,10,67.25
2025-06-08,OUT-03,Morning,34,49,214.66
2025-06-08,OUT-03,Midday,16,23,177.34
2025-06-08,OUT-03,Evening,7,10,64.99
2025-06-09,OUT-03,Morning,76,113,499.56
2025-06-09,OUT-03,Midday,43,63,452.64
2025-06-09,OUT-03,Evening,16,24,150.34
2025-06-10,OUT-03,Morning,113,147,724.33
2025-06-10,OUT-03,Midday,58,89,578.38
2025-06-10,OUT-03,Evening,21,29,184.9
2025-06-11,OUT-03,Morning,119,160,767.89
2025-06-11,OUT-03,Midday,60,82,635.16
2025-06-11,OUT-03,Evening,23,33,221.79
2025-06-12,OUT-03,Morning,101,139,679.41
2025-06-12,OUT-03,Midday,65,92,604.17
2025-06-12,OUT-03,Evening,23,31,209.43
2025-06-13,OUT-03,Morning,125,181,791.81
2025-06-13,OUT-03,Midday,63,96,662.24
2025-06-13,OUT-03,Evening,27,41,253.7
2025-06-14,OUT-03,Morning,38,53,255.93
2025-06-14,OUT-03,Midday,19,27,206.15
2025-06-14,OUT-03,Evening,8,11,72.07
2025-06-15,OUT-03,Morning,34,51,218.23
2025-06-15,OUT-03,Midday,18,27,177.08
2025-06-15,OUT-03,Evening,7,10,60.08
2025-06-16,OUT-03,Morning,91,134,623.12
2025-06-16,OUT-03,Midday,50,73,532.76
2025-06-16,OUT-03,Evening,21,30,200.63
2025-06-17,OUT-03,Morning,77,114,541.52
2025-06-17,OUT-03,Midday,39,57,413.98
2025-06-17,OUT-03,Evening,16,21,142.11
2025-06-18,OUT-03,Morning,120,179,772.09
2025-06-18,OUT-03,Midday,58,87,576.2
2025-06-18,OUT-03,Evening,24,34,228.98
2025-06-19,OUT-03,Morning,124,179,774.96
2025-06-19,OUT-03,Midday,59,84,610.57
2025-06-19,OUT-03,Evening,22,32,198.88
2025-06-20,OUT-03,Morning,67,96,485.09
2025-06-20,OUT-03,Midday,40,57,421.62
2025-06-20,OUT-03,Evening,18,26,155.08
2025-06-21,OUT-03,Morning,51,72,335.38
2025-06-21,OUT-03,Midday,26,38,262.23
2025-06-21,OUT-03,Evening,10,15,105.15
2025-06-22,OUT-03,Morning,35,53,238.44
2025-06-22,OUT-03,Midday,19,28,207.59
2025-06-22,OUT-03,Evening,9,13,83.74
2025-06-23,OUT-03,Morning,104,157,658.88
2025-06-23,OUT-03,Midday,50,72,492.97
2025-06-23,OUT-03,Evening,22,32,191.81
2025-06-24,OUT-03,Morning,106,159,699.16
2025-06-24,OUT-03,Midday,46,66,463.04
2025-06-24,OUT-03,Evening,20,30,172.52
2025-06-25,OUT-03,Morning,73,101,508.69
2025-06-25,OUT-03,Midday,45,67,454.13
2025-06-25,OUT-03,Evening,18,26,164.25
2025-06-26,OUT-03,Morning,96,136,643.7
2025-06-26,OUT-03,Midday,57,80,571.71
2025-06-26,OUT-03,Evening,24,36,236.57
2025-06-27,OUT-03,Morning,82,126,513.15
2025-06-27,OUT-03,Midday,43,57,452.17
2025-06-27,OUT-03,Evening,14,22,137.38
2025-06-28,OUT-03,Morning,43,64,281.75
2025-06-28,OUT-03,Midday,20,29,224.61
2025-06-28,OUT-03,Evening,9,13,78.77
2025-06-29,OUT-03,Morning,35,52,228.34
2025-06-29,OUT-03,Midday,15,22,154.99
2025-06-29,OUT-03,Evening,7,10,64.2
2025-06-30,OUT-03,Morning,90,135,548.02
2025-06-30,OUT-03,Midday,49,73,497.02
2025-06-30,OUT-03,Evening,18,26,170.03
2024-01-01,OUT-04,Morning,37,59,244.37
2024-01-01,OUT-04,Midday,22,32,235.71
2024-01-01,OUT-04,Evening,28,41,248.07
2024-01-02,OUT-04,Morning,40,60,239.48
2024-01-02,OUT-04,Midday,26,37,261.17
2024-01-02,OUT-04,Evening,37,52,341.45
2024-01-03,OUT-04,Morning,48,71,290.32
2024-01-03,OUT-04,Midday,33,46,360.63
2024-01-03,OUT-04,Evening,42,63,393.38
2024-01-04,OUT-04,Morning,36,54,236.28
2024-01-04,OUT-04,Midday,29,40,321.56
2024-01-04,OUT-04,Evening,37,54,337.93
2024-01-05,OUT-04,Morning,52,82,358.12
2024-01-05,OUT-04,Midday,33,46,357.74
2024-01-05,OUT-04,Evening,46,68,429.75
2024-01-06,OUT-04,Morning,52,80,340.18
2024-01-06,OUT-04,Midday,44,61,435.82
2024-01-06,OUT-04,Evening,48,69,450.99
2024-01-07,OUT-04,Morning,59,79,375.4
2024-01-07,OUT-04,Midday,45,65,425.83
2024-01-07,OUT-04,Evening,47,63,415.66
2024-01-08,OUT-04,Morning,41,59,255.55
2024-01-08,OUT-04,Midday,27,38,284.57
2024-01-08,OUT-04,Evening,34,54,303.55
2024-01-09,OUT-04,Morning,33,51,219.29
2024-01-09,OUT-04,Midday,25,35,293.53
2024-01-09,OUT-04,Evening,34,47,318.6
2024-01-10,OUT-04,Morning,53,76,349.85
2024-01-10,OUT-04,Midday,36,49,375.62
2024-01-10,OUT-04,Evening,43,60,399.47
2024-01-11,OUT-04,Morning,51,68,324.16
2024-01-11,OUT-04,Midday,36,54,360.83
2024-01-11,OUT-04,Evening,40,61,367.05
2024-01-12,OUT-04,Morning,57,81,393.89
2024-01-12,OUT-04,Midday,42,63,419.13
2024-01-12,OUT-04,Evening,47,69,426.39
2024-01-13,OUT-04,Morning,53,76,357.37
2024-01-13,OUT-04,Midday,34,46,354.0
2024-01-13,OUT-04,Evening,45,66,407.08
2024-01-14,OUT-04,Morning,52,76,332.91
2024-01-14,OUT-04,Midday,30,45,363.39
2024-01-14,OUT-04,Evening,46,68,423.41
2024-01-15,OUT-04,Morning,41,59,273.07
2024-01-15,OUT-04,Midday,23,33,250.14
2024-01-15,OUT-04,Evening,33,49,300.88
2024-01-16,OUT-04,Morning,37,50,245.63
2024-01-16,OUT-04,Midday,22,30,232.24
2024-01-16,OUT-04,Evening,33,45,298.79
2024-01-17,OUT-04,Morning,47,70,286.8
2024-01-17,OUT-04,Midday,34,46,339.2
2024-01-17,OUT-04,Evening,36,53,321.0
2024-01-18,OUT-04,Morning,43,64,317.13
2024-01-18,OUT-04,Midday,36,52,382.66
2024-01-18,OUT-04,Evening,43,59,392.17
2024-01-19,OUT-04,Morning,60,86,388.05
2024-01-19,OUT-04,Midday,45,64,477.36
2024-01-19,OUT-04,Evening,49,72,424.85
2024-01-20,OUT-04,Morning,49,73,335.88
2024-01-20,OUT-04,Midday,42,60,446.82
2024-01-20,OUT-04,Evening,54,75,472.79
2024-01-21,OUT-04,Morning,57,79,379.39
2024-01-21,OUT-04,Midday,39,53,432.2
2024-01-21,OUT-04,Evening,49,69,452.26
2024-01-22,OUT-04,Morning,41,62,263.54
2024-01-22,OUT-04,Midday,23,33,254.89
2024-01-22,OUT-04,Evening,34,46,311.13
2024-01-23,OUT-04,Morning,34,51,231.0
2024-01-23,OUT-04,Midday,27,40,290.26
2024-01-23,OUT-04,Evening,35,53,292.24
2024-01-24,OUT-04,Morning,54,75,339.53
2024-01-24,OUT-04,Midday,31,45,345.09
2024-01-24,OUT-04,Evening,35,52,359.2
2024-01-25,OUT-04,Morning,53,79,341.02
2024-01-25,OUT-04,Midday,33,45,388.12
2024-01-25,OUT-04,Evening,39,56,373.38
2024-01-26,OUT-04,Morning,42,62,281.39
2024-01-26,OUT-04,Midday,33,48,322.79
2024-01-26,OUT-04,Evening,43,63,368.83
2024-01-27,OUT-04,Morning,47,67,332.87
2024-01-27,OUT-04,Midday,35,51,366.57
2024-01-27,OUT-04,Evening,41,58,387.05
2024-01-28,OUT-04,Morning,49,70,340.17
2024-01-28,OUT-04,Midday,38,58,426.9
2024-01-28,OUT-04,Evening,42,62,389.17
2024-01-29,OUT-04,Morning,42,61,251.83
2024-01-29,OUT-04,Midday,30,45,309.02
2024-01-29,OUT-04,Evening,36,50,335.98
2024-01-30,OUT-04,Morning,39,56,249.39
2024-01-30,OUT-04,Midday,25,39,263.06
2024-01-30,OUT-04,Evening,26,38,253.01
2024-01-31,OUT-04,Morning,41,65,285.22
2024-01-31,OUT-04,Midday,32,43,326.06
2024-01-31,OUT-04,Evening,35,50,346.68
2024-02-01,OUT-04,Morning,43,64,312.48
2024-02-01,OUT-04,Midday,30,45,326.92
2024-02-01,OUT-04,Evening,37,54,343.97
2024-02-02,OUT-04,Morning,55,84,346.08
2024-02-02,OUT-04,Midday,33,48,377.98
2024-02-02,OUT-04,Evening,51,73,463.43
2024-02-03,OUT-04,Morning,47,67,297.23
2024-02-03,OUT-04,Midday,38,56,409.22
2024-02-03,OUT-04,Evening,41,61,374.74
2024-02-04,OUT-04,Morning,45,67,300.97
2024-02-04,OUT-04,Midday,37,52,395.86
2024-02-04,OUT-04,Evening,42,62,386.77
2024-02-05,OUT-04,Morning,38,52,255.22
2024-02-05,OUT-04,Midday,29,42,326.36
2024-02-05,OUT-04,Evening,46,65,382.74
2024-02-06,OUT-04,Morning,40,61,255.04
2024-02-06,OUT-04,Midday,31,44,305.78
2024-02-06,OUT-04,Evening,37,53,319.88
2024-02-07,OUT-04,Morning,54,79,351.24
2024-02-07,OUT-04,Midday,33,48,389.16
2024-02-07,OUT-04,Evening,51,74,448.9
2024-02-08,OUT-04,Morning,53,76,345.93
2024-02-08,OUT-04,Midday,36,52,395.68
2024-02-08,OUT-04,Evening,48,74,436.81
2024-02-09,OUT-04,Morning,50,77,315.38
2024-02-09,OUT-04,Midday,34,49,373.61
2024-02-09,OUT-04,Evening,41,62,377.75
2024-02-10,OUT-04,Morning,34,52,230.61
2024-02-10,OUT-04,Midday,29,42,282.31
2024-02-10,OUT-04,Evening,31,43,274.48
2024-02-11,OUT-04,Morning,39,56,257.87
2024-02-11,OUT-04,Midday,29,44,293.74
2024-02-11,OUT-04,Evening,35,49,292.15
2024-02-12,OUT-04,Morning,47,69,311.35
2024-02-12,OUT-04,Midday,30,44,324.81
2024-02-12,OUT-04,Evening,43,60,404.95
2024-02-13,OUT-04,Morning,52,73,327.98
2024-02-13,OUT-04,Midday,28,43,284.59
2024-02-13,OUT-04,Evening,47,68,392.61
2024-02-14,OUT-04,Morning,46,65,275.67
2024-02-14,OUT-04,Midday,29,46,312.51
2024-02-14,OUT-04,Evening,39,59,348.65
2024-02-15,OUT-04,Morning,43,64,273.04
2024-02-15,OUT-04,Midday,35,49,350.46
2024-02-15,OUT-04,Evening,31,46,317.13
2024-02-16,OUT-04,Morning,55,82,367.14
2024-02-16,OUT-04,Midday,38,56,410.48
2024-02-16,OUT-04,Evening,38,56,371.92
2024-02-17,OUT-04,Morning,57,83,356.09
2024-02-17,OUT-04,Midday,43,60,437.82
2024-02-17,OUT-04,Evening,58,83,508.11
2024-02-18,OUT-04,Morning,41,61,278.08
2024-02-18,OUT-04,Midday,33,45,305.85
2024-02-18,OUT-04,Evening,33,47,331.94
2024-02-19,OUT-04,Morning,43,61,277.46
2024-02-19,OUT-04,Midday,25,37,257.57
2024-02-19,OUT-04,Evening,33,46,310.97
2024-02-20,OUT-04,Morning,39,58,275.87
2024-02-20,OUT-04,Midday,31,42,312.25
2024-02-20,OUT-04,Evening,40,59,350.44
2024-02-21,OUT-04,Morning,44,62,273.47
2024-02-21,OUT-04,Midday,29,44,285.5
2024-02-21,OUT-04,Evening,40,57,368.33
2024-02-22,OUT-04,Morning,52,73,335.35
2024-02-22,OUT-04,Midday,32,46,355.33
2024-02-22,OUT-04,Evening,45,65,399.2
2024-02-23,OUT-04,Morning,44,63,296.18
2024-02-23,OUT-04,Midday,32,45,338.14
2024-02-23,OUT-04,Evening,37,52,359.26
2024-02-24,OUT-04,Morning,53,77,327.93
2024-02-24,OUT-04,Midday,36,52,414.52
2024-02-24,OUT-04,Evening,51,70,469.68
2024-02-25,OUT-04,Morning,54,81,380.17
2024-02-25,OUT-04,Midday,40,57,425.3
2024-02-25,OUT-04,Evening,43,60,401.34
2024-02-26,OUT-04,Morning,42,63,254.75
2024-02-26,OUT-04,Midday,32,45,318.89
2024-02-26,OUT-04,Evening,36,52,351.77
2024-02-27,OUT-04,Morning,38,55,248.23
2024-02-27,OUT-04,Midday,26,37,272.42
2024-02-27,OUT-04,Evening,38,59,350.75
2024-02-28,OUT-04,Morning,42,59,272.04
2024-02-28,OUT-04,Midday,36,55,357.93
2024-02-28,OUT-04,Evening,35,50,316.79
2024-02-29,OUT-04,Morning,60,84,393.07
2024-02-29,OUT-04,Midday,35,52,387.27
2024-02-29,OUT-04,Evening,47,67,435.78
2024-03-01,OUT-04,Morning,64,83,401.86
2024-03-01,OUT-04,Midday,42,61,467.42
2024-03-01,OUT-04,Evening,45,65,432.78
2024-03-02,OUT-04,Morning,55,81,362.8
2024-03-02,OUT-04,Midday,41,56,434.53
2024-03-02,OUT-04,Evening,52,78,493.9
2024-03-03,OUT-04,Morning,46,66,323.89
2024-03-03,OUT-04,Midday,32,48,339.61
2024-03-03,OUT-04,Evening,46,60,396.87
2024-03-04,OUT-04,Morning,40,56,281.16
2024-03-04,OUT-04,Midday,38,56,384.73
2024-03-04,OUT-04,Evening,39,54,389.54
2024-03-05,OUT-04,Morning,33,48,229.11
2024-03-05,OUT-04,Midday,28,40,289.04
2024-03-05,OUT-04,Evening,35,50,300.92
2024-03-06,OUT-04,Morning,52,81,335.02
2024-03-06,OUT-04,Midday,31,42,339.69
2024-03-06,OUT-04,Evening,42,62,385.61
2024-03-07,OUT-04,Morning,50,75,335.6
2024-03-07,OUT-04,Midday,35,50,361.07
2024-03-07,OUT-04,Evening,45,67,427.08
2024-03-08,OUT-04,Morning,58,82,386.94
2024-03-08,OUT-04,Midday,43,64,453.37
2024-03-08,OUT-04,Evening,48,63,436.0
2024-03-09,OUT-04,Morning,71,101,443.41
2024-03-09,OUT-04,Midday,43,65,435.93
2024-03-09,OUT-04,Evening,59,84,545.62
2024-03-10,OUT-04,Morning,60,86,397.77
2024-03-10,OUT-04,Midday,38,56,385.93
2024-03-10,OUT-04,Evening,47,70,447.31
2024-03-11,OUT-04,Morning,54,77,344.02
2024-03-11,OUT-04,Midday,40,60,407.78
2024-03-11,OUT-04,Evening,36,50,340.86
2024-03-12,OUT-04,Morning,45,71,313.65
2024-03-12,OUT-04,Midday,34,47,341.22
2024-03-12,OUT-04,Evening,43,63,353.49
2024-03-13,OUT-04,Morning,48,69,326.74
2024-03-13,OUT-04,Midday,43,60,422.61
2024-03-13,OUT-04,Evening,45,65,421.21
2024-03-14,OUT-04,Morning,36,51,245.63
2024-03-14,OUT-04,Midday,37,52,384.17
2024-03-14,OUT-04,Evening,32,46,281.48
2024-03-15,OUT-04,Morning,54,78,340.45
2024-03-15,OUT-04,Midday,34,48,377.03
2024-03-15,OUT-04,Evening,43,64,415.96
2024-03-16,OUT-04,Morning,50,81,350.12
2024-03-16,OUT-04,Midday,44,63,449.28
2024-03-16,OUT-04,Evening,51,74,507.66
2024-03-17,OUT-04,Morning,50,71,328.45
2024-03-17,OUT-04,Midday,35,52,392.47
2024-03-17,OUT-04,Evening,50,74,450.32
2024-03-18,OUT-04,Morning,60,90,351.24
2024-03-18,OUT-04,Midday,32,48,351.21
2024-03-18,OUT-04,Evening,46,61,416.76
2024-03-19,OUT-04,Morning,43,61,300.05
2024-03-19,OUT-04,Midday,35,54,371.9
2024-03-19,OUT-04,Evening,43,62,406.04
2024-03-20,OUT-04,Morning,51,82,330.13
2024-03-20,OUT-04,Midday,33,51,359.51
2024-03-20,OUT-04,Evening,36,54,334.97
2024-03-21,OUT-04,Morning,44,62,285.72
2024-03-21,OUT-04,Midday,30,42,307.97
2024-03-21,OUT-04,Evening,38,53,343.97
2024-03-22,OUT-04,Morning,54,73,386.19
2024-03-22,OUT-04,Midday,34,50,350.7
2024-03-22,OUT-04,Evening,54,84,493.37
2024-03-23,OUT-04,Morning,43,61,292.37
2024-03-23,OUT-04,Midday,44,62,440.44
2024-03-23,OUT-04,Evening,52,77,477.29
2024-03-24,OUT-04,Morning,51,67,328.89
2024-03-24,OUT-04,Midday,37,55,349.92
2024-03-24,OUT-04,Evening,41,55,358.0
2024-03-25,OUT-04,Morning,48,66,324.43
2024-03-25,OUT-04,Midday,37,53,395.5
2024-03-25,OUT-04,Evening,45,66,403.38
2024-03-26,OUT-04,Morning,45,67,308.91
2024-03-26,OUT-04,Midday,29,38,287.9
2024-03-26,OUT-04,Evening,34,51,334.25
2024-03-27,OUT-04,Morning,50,73,311.87
2024-03-27,OUT-04,Midday,28,39,298.43
2024-03-27,OUT-04,Evening,37,56,344.23
2024-03-28,OUT-04,Morning,50,71,323.56
2024-03-28,OUT-04,Midday,37,52,392.98
2024-03-28,OUT-04,Evening,49,69,451.81
2024-03-29,OUT-04,Morning,46,67,322.88
2024-03-29,OUT-04,Midday,34,49,355.47
2024-03-29,OUT-04,Evening,40,59,376.27
2024-03-30,OUT-04,Morning,63,93,404.54
2024-03-30,OUT-04,Midday,40,51,418.48
2024-03-30,OUT-04,Evening,45,66,447.76
2024-03-31,OUT-04,Morning,59,83,383.49
2024-03-31,OUT-04,Midday,38,61,395.27
2024-03-31,OUT-04,Evening,54,75,486.28
2024-04-01,OUT-04,Morning,37,52,265.99
2024-04-01,OUT-04,Midday,30,44,307.42
2024-04-01,OUT-04,Evening,36,50,322.04
2024-04-02,OUT-04,Morning,43,65,284.88
2024-04-02,OUT-04,Midday,34,50,359.7
2024-04-02,OUT-04,Evening,34,52,322.37
2024-04-03,OUT-04,Morning,48,68,327.2
2024-04-03,OUT-04,Midday,39,54,386.99
2024-04-03,OUT-04,Evening,37,54,345.1
2024-04-04,OUT-04,Morning,52,72,353.46
2024-04-04,OUT-04,Midday,38,55,372.13
2024-04-04,OUT-04,Evening,44,61,414.97
2024-04-05,OUT-04,Morning,64,86,420.88
2024-04-05,OUT-04,Midday,45,64,475.42
2024-04-05,OUT-04,Evening,51,73,463.28
2024-04-06,OUT-04,Morning,66,94,440.45
2024-04-06,OUT-04,Midday,51,73,555.91
2024-04-06,OUT-04,Evening,52,77,504.05
2024-04-07,OUT-04,Morning,55,75,371.04
2024-04-07,OUT-04,Midday,39,55,442.33
2024-04-07,OUT-04,Evening,55,79,498.55
2024-04-08,OUT-04,Morning,52,73,341.41
2024-04-08,OUT-04,Midday,32,46,321.01
2024-04-08,OUT-04,Evening,39,55,354.55
2024-04-09,OUT-04,Morning,40,62,279.75
2024-04-09,OUT-04,Midday,34,47,376.62
2024-04-09,OUT-04,Evening,37,58,343.42
2024-04-10,OUT-04,Morning,32,49,214.77
2024-04-10,OUT-04,Midday,20,28,203.91
2024-04-10,OUT-04,Evening,28,42,263.06
2024-04-11,OUT-04,Morning,46,71,291.48
2024-04-11,OUT-04,Midday,37,54,375.21
2024-04-11,OUT-04,Evening,44,67,412.91
2024-04-12,OUT-04,Morning,63,87,395.44
2024-04-12,OUT-04,Midday,40,63,405.86
2024-04-12,OUT-04,Evening,46,68,444.84
2024-04-13,OUT-04,Morning,45,65,317.43
2024-04-13,OUT-04,Midday,38,53,381.49
2024-04-13,OUT-04,Evening,51,74,465.0
2024-04-14,OUT-04,Morning,52,72,327.1
2024-04-14,OUT-04,Midday,36,54,389.79
2024-04-14,OUT-04,Evening,47,64,426.01
2024-04-15,OUT-04,Morning,44,63,289.59
2024-04-15,OUT-04,Midday,34,53,332.67
2024-04-15,OUT-04,Evening,37,53,334.83
2024-04-16,OUT-04,Morning,41,60,288.51
2024-04-16,OUT-04,Midday,29,40,339.69
2024-04-16,OUT-04,Evening,35,51,349.61
2024-04-17,OUT-04,Morning,50,72,317.38
2024-04-17,OUT-04,Midday,34,52,347.62
2024-04-17,OUT-04,Evening,37,52,348.24
2024-04-18,OUT-04,Morning,44,60,321.77
2024-04-18,OUT-04,Midday,32,48,333.25
2024-04-18,OUT-04,Evening,40,59,381.74
2024-04-19,OUT-04,Morning,45,67,302.0
2024-04-19,OUT-04,Midday,46,68,455.63
2024-04-19,OUT-04,Evening,57,82,518.17
2024-04-20,OUT-04,Morning,68,102,449.28
2024-04-20,OUT-04,Midday,50,75,497.94
2024-04-20,OUT-04,Evening,53,76,504.96
2024-04-21,OUT-04,Morning,40,63,276.93
2024-04-21,OUT-04,Midday,39,58,422.37
2024-04-21,OUT-04,Evening,41,62,403.64
2024-04-22,OUT-04,Morning,50,74,336.23
2024-04-22,OUT-04,Midday,38,56,385.01
2024-04-22,OUT-04,Evening,39,55,346.41
2024-04-23,OUT-04,Morning,44,63,309.31
2024-04-23,OUT-04,Midday,37,53,392.09
2024-04-23,OUT-04,Evening,37,52,377.03
2024-04-24,OUT-04,Morning,61,89,383.75
2024-04-24,OUT-04,Midday,32,49,393.72
2024-04-24,OUT-04,Evening,45,64,403.1
2024-04-25,OUT-04,Morning,55,79,371.82
2024-04-25,OUT-04,Midday,40,58,421.39
2024-04-25,OUT-04,Evening,48,73,426.37
2024-04-26,OUT-04,Morning,50,72,346.14
2024-04-26,OUT-04,Midday,34,46,386.81
2024-04-26,OUT-04,Evening,46,68,420.42
2024-04-27,OUT-04,Morning,57,83,385.38
2024-04-27,OUT-04,Midday,47,71,480.08
2024-04-27,OUT-04,Evening,58,82,556.36
2024-04-28,OUT-04,Morning,47,67,333.0
2024-04-28,OUT-04,Midday,35,52,376.8
2024-04-28,OUT-04,Evening,49,71,424.98
2024-04-29,OUT-04,Morning,34,52,216.4
2024-04-29,OUT-04,Midday,23,34,239.35
2024-04-29,OUT-04,Evening,24,36,229.35
2024-04-30,OUT-04,Morning,46,67,301.22
2024-04-30,OUT-04,Midday,33,52,360.91
2024-04-30,OUT-04,Evening,36,50,359.53
2024-05-01,OUT-04,Morning,34,52,227.77
2024-05-01,OUT-04,Midday,27,37,292.52
2024-05-01,OUT-04,Evening,29,43,265.53
2024-05-02,OUT-04,Morning,47,66,305.91
2024-05-02,OUT-04,Midday,35,52,357.58
2024-05-02,OUT-04,Evening,37,52,356.48
2024-05-03,OUT-04,Morning,59,82,401.9
2024-05-03,OUT-04,Midday,44,63,436.15
2024-05-03,OUT-04,Evening,52,72,497.05
2024-05-04,OUT-04,Morning,56,79,390.02
2024-05-04,OUT-04,Midday,47,68,515.82
2024-05-04,OUT-04,Evening,59,85,545.09
2024-05-05,OUT-04,Morning,60,88,401.94
2024-05-05,OUT-04,Midday,37,52,416.01
2024-05-05,OUT-04,Evening,49,69,445.13
2024-05-06,OUT-04,Morning,47,66,297.85
2024-05-06,OUT-04,Midday,29,45,302.88
2024-05-06,OUT-04,Evening,31,41,317.49
2024-05-07,OUT-04,Morning,42,60,303.92
2024-05-07,OUT-04,Midday,38,57,387.49
2024-05-07,OUT-04,Evening,45,64,422.49
2024-05-08,OUT-04,Morning,42,58,301.08
2024-05-08,OUT-04,Midday,35,49,364.63
2024-05-08,OUT-04,Evening,45,65,404.7
2024-05-09,OUT-04,Morning,52,78,347.49
2024-05-09,OUT-04,Midday,40,58,384.96
2024-05-09,OUT-04,Evening,41,57,391.38
2024-05-10,OUT-04,Morning,65,90,425.06
2024-05-10,OUT-04,Midday,45,66,490.44
2024-05-10,OUT-04,Evening,49,77,499.8
2024-05-11,OUT-04,Morning,61,92,411.88
2024-05-11,OUT-04,Midday,41,59,492.93
2024-05-11,OUT-04,Evening,46,65,486.4
2024-05-12,OUT-04,Morning,57,83,381.92
2024-05-12,OUT-04,Midday,37,52,396.27
2024-05-12,OUT-04,Evening,44,64,458.24
2024-05-13,OUT-04,Morning,45,65,300.76
2024-05-13,OUT-04,Midday,31,43,357.34
2024-05-13,OUT-04,Evening,42,61,386.0
2024-05-14,OUT-04,Morning,34,51,238.28
2024-05-14,OUT-04,Midday,27,39,279.3
2024-05-14,OUT-04,Evening,34,51,315.12
2024-05-15,OUT-04,Morning,54,81,360.59
2024-05-15,OUT-04,Midday,30,46,357.23
2024-05-15,OUT-04,Evening,41,62,395.99
2024-05-16,OUT-04,Morning,65,100,432.3
2024-05-16,OUT-04,Midday,40,55,397.88
2024-05-16,OUT-04,Evening,54,76,475.35
2024-05-17,OUT-04,Morning,64,89,418.39
2024-05-17,OUT-04,Midday,45,67,524.49
2024-05-17,OUT-04,Evening,60,88,559.84
2024-05-18,OUT-04,Morning,65,94,393.5
2024-05-18,OUT-04,Midday,42,62,440.18
2024-05-18,OUT-04,Evening,54,78,509.85
2024-05-19,OUT-04,Morning,51,75,357.41
2024-05-19,OUT-04,Midday,36,51,371.46
2024-05-19,OUT-04,Evening,42,61,403.65
2024-05-20,OUT-04,Morning,48,74,304.3
2024-05-20,OUT-04,Midday,29,41,284.53
2024-05-20,OUT-04,Evening,33,51,321.29
2024-05-21,OUT-04,Morning,42,58,242.88
2024-05-21,OUT-04,Midday,28,36,297.85
2024-05-21,OUT-04,Evening,41,61,378.96
2024-05-22,OUT-04,Morning,33,47,195.54
2024-05-22,OUT-04,Midday,25,35,264.99
2024-05-22,OUT-04,Evening,25,36,246.76
2024-05-23,OUT-04,Morning,46,67,310.78
2024-05-23,OUT-04,Midday,29,43,301.46
2024-05-23,OUT-04,Evening,36,53,330.46
2024-05-24,OUT-04,Morning,56,83,360.47
2024-05-24,OUT-04,Midday,38,58,416.84
2024-05-24,OUT-04,Evening,47,65,489.52
2024-05-25,OUT-04,Morning,65,90,479.42
2024-05-25,OUT-04,Midday,47,69,512.51
2024-05-25,OUT-04,Evening,70,100,585.96
2024-05-26,OUT-04,Morning,57,83,401.69
2024-05-26,OUT-04,Midday,43,63,461.11
2024-05-26,OUT-04,Evening,50,73,472.35
2024-05-27,OUT-04,Morning,53,74,326.77
2024-05-27,OUT-04,Midday,36,54,350.72
2024-05-27,OUT-04,Evening,44,63,413.05
2024-05-28,OUT-04,Morning,56,88,376.96
2024-05-28,OUT-04,Midday,39,57,412.19
2024-05-28,OUT-04,Evening,45,65,430.25
2024-05-29,OUT-04,Morning,42,62,269.15
2024-05-29,OUT-04,Midday,28,43,300.04
2024-05-29,OUT-04,Evening,34,51,322.78
2024-05-30,OUT-04,Morning,55,79,353.79
2024-05-30,OUT-04,Midday,39,57,423.95
2024-05-30,OUT-04,Evening,49,70,439.19
2024-05-31,OUT-04,Morning,55,78,384.18
2024-05-31,OUT-04,Midday,38,57,408.25
2024-05-31,OUT-04,Evening,49,66,455.52
2024-06-01,OUT-04,Morning,73,110,498.76
2024-06-01,OUT-04,Midday,44,65,462.22
2024-06-01,OUT-04,Evening,53,80,529.99
2024-06-02,OUT-04,Morning,48,66,315.85
2024-06-02,OUT-04,Midday,36,54,377.99
2024-06-02,OUT-04,Evening,40,60,380.16
2024-06-03,OUT-04,Morning,51,73,340.17
2024-06-03,OUT-04,Midday,41,62,381.39
2024-06-03,OUT-04,Evening,46,64,440.31
2024-06-04,OUT-04,Morning,50,64,327.26
2024-06-04,OUT-04,Midday,41,59,440.95
2024-06-04,OUT-04,Evening,44,65,398.84
2024-06-05,OUT-04,Morning,41,57,272.6
2024-06-05,OUT-04,Midday,32,48,329.7
2024-06-05,OUT-04,Evening,37,54,336.71
2024-06-06,OUT-04,Morning,47,65,290.1
2024-06-06,OUT-04,Midday,31,44,331.08
2024-06-06,OUT-04,Evening,38,52,340.4
2024-06-07,OUT-04,Morning,59,80,392.79
2024-06-07,OUT-04,Midday,34,48,367.21
2024-06-07,OUT-04,Evening,43,60,402.15
2024-06-08,OUT-04,Morning,61,87,380.07
2024-06-08,OUT-04,Midday,43,58,440.17
2024-06-08,OUT-04,Evening,54,74,519.75
2024-06-09,OUT-04,Morning,51,73,347.06
2024-06-09,OUT-04,Midday,44,63,478.86
2024-06-09,OUT-04,Evening,48,73,487.21
2024-06-10,OUT-04,Morning,45,61,299.68
2024-06-10,OUT-04,Midday,41,60,421.22
2024-06-10,OUT-04,Evening,45,67,427.39
2024-06-11,OUT-04,Morning,52,79,346.25
2024-06-11,OUT-04,Midday,41,61,415.6
2024-06-11,OUT-04,Evening,47,66,433.02
2024-06-12,OUT-04,Morning,53,75,336.77
2024-06-12,OUT-04,Midday,39,62,416.64
2024-06-12,OUT-04,Evening,56,81,471.76
2024-06-13,OUT-04,Morning,49,74,326.75
2024-06-13,OUT-04,Midday,32,47,353.6
2024-06-13,OUT-04,Evening,38,57,358.4
2024-06-14,OUT-04,Morning,66,97,421.99
2024-06-14,OUT-04,Midday,43,57,431.12
2024-06-14,OUT-04,Evening,47,61,454.85
2024-06-15,OUT-04,Morning,61,82,384.68
2024-06-15,OUT-04,Midday,35,50,368.82
2024-06-15,OUT-04,Evening,46,67,438.51
2024-06-16,OUT-04,Morning,48,68,326.28
2024-06-16,OUT-04,Midday,30,46,312.97
2024-06-16,OUT-04,Evening,32,45,314.65
2024-06-17,OUT-04,Morning,44,66,280.69
2024-06-17,OUT-04,Midday,34,47,344.02
2024-06-17,OUT-04,Evening,36,52,338.56
2024-06-18,OUT-04,Morning,52,75,352.11
2024-06-18,OUT-04,Midday,35,50,339.91
2024-06-18,OUT-04,Evening,50,75,448.89
2024-06-19,OUT-04,Morning,43,61,289.53
2024-06-19,OUT-04,Midday,33,47,330.41
2024-06-19,OUT-04,Evening,36,52,349.05
2024-06-20,OUT-04,Morning,48,71,341.46
2024-06-20,OUT-04,Midday,41,63,434.45
2024-06-20,OUT-04,Evening,51,81,465.95
2024-06-21,OUT-04,Morning,74,108,458.7
2024-06-21,OUT-04,Midday,49,69,520.1
2024-06-21,OUT-04,Evening,53,75,543.43
2024-06-22,OUT-04,Morning,61,87,420.53
2024-06-22,OUT-04,Midday,49,75,525.62
2024-06-22,OUT-04,Evening,53,81,522.48
2024-06-23,OUT-04,Morning,54,79,354.36
2024-06-23,OUT-04,Midday,41,56,425.69
2024-06-23,OUT-04,Evening,53,79,508.65
2024-06-24,OUT-04,Morning,46,72,288.46
2024-06-24,OUT-04,Midday,28,41,297.19
2024-06-24,OUT-04,Evening,36,53,347.63
2024-06-25,OUT-04,Morning,51,77,335.43
2024-06-25,OUT-04,Midday,33,45,347.84
2024-06-25,OUT-04,Evening,44,63,392.11
2024-06-26,OUT-04,Morning,62,94,389.14
2024-06-26,OUT-04,Midday,38,55,410.25
2024-06-26,OUT-04,Evening,55,84,475.92
2024-06-27,OUT-04,Morning,50,69,324.22
2024-06-27,OUT-04,Midday,36,53,355.96
2024-06-27,OUT-04,Evening,40,57,392.65
2024-06-28,OUT-04,Morning,47,69,328.19
2024-06-28,OUT-04,Midday,36,52,416.92
2024-06-28,OUT-04,Evening,42,56,400.61
2024-06-29,OUT-04,Morning,60,89,391.13
2024-06-29,OUT-04,Midday,46,65,498.65
2024-06-29,OUT-04,Evening,55,78,511.49
2024-06-30,OUT-04,Morning,51,76,340.36
2024-06-30,OUT-04,Midday,38,53,386.7
2024-06-30,OUT-04,Evening,39,58,372.68
2024-07-01,OUT-04,Morning,44,64,282.16
2024-07-01,OUT-04,Midday,31,48,334.8
2024-07-01,OUT-04,Evening,36,50,314.84
2024-07-02,OUT-04,Morning,39,56,281.21
2024-07-02,OUT-04,Midday,29,42,328.16
2024-07-02,OUT-04,Evening,35,55,322.95
2024-07-03,OUT-04,Morning,51,73,345.35
2024-07-03,OUT-04,Midday,36,52,377.96
2024-07-03,OUT-04,Evening,47,69,420.0
2024-07-04,OUT-04,Morning,54,75,359.42
2024-07-04,OUT-04,Midday,33,47,369.66
2024-07-04,OUT-04,Evening,56,81,495.61
2024-07-05,OUT-04,Morning,58,78,370.16
2024-07-05,OUT-04,Midday,38,51,412.54
2024-07-05,OUT-04,Evening,46,69,414.65
2024-07-06,OUT-04,Morning,74,105,486.81
2024-07-06,OUT-04,Midday,44,66,478.05
2024-07-06,OUT-04,Evening,57,81,503.86
2024-07-07,OUT-04,Morning,44,67,306.95
2024-07-07,OUT-04,Midday,37,53,415.44
2024-07-07,OUT-04,Evening,50,69,482.2
2024-07-08,OUT-04,Morning,55,81,344.14
2024-07-08,OUT-04,Midday,36,51,414.69
2024-07-08,OUT-04,Evening,34,51,324.84
2024-07-09,OUT-04,Morning,57,84,336.18
2024-07-09,OUT-04,Midday,37,54,440.86
2024-07-09,OUT-04,Evening,44,59,407.5
2024-07-10,OUT-04,Morning,50,74,339.6
2024-07-10,OUT-04,Midday,31,43,333.69
2024-07-10,OUT-04,Evening,47,68,430.26
2024-07-11,OUT-04,Morning,44,62,278.18
2024-07-11,OUT-04,Midday,33,46,358.3
2024-07-11,OUT-04,Evening,45,69,412.91
2024-07-12,OUT-04,Morning,51,79,363.04
2024-07-12,OUT-04,Midday,36,51,355.44
2024-07-12,OUT-04,Evening,47,68,414.33
2024-07-13,OUT-04,Morning,77,115,498.37
2024-07-13,OUT-04,Midday,57,82,592.04
2024-07-13,OUT-04,Evening,79,117,707.81
2024-07-14,OUT-04,Morning,84,128,539.58
2024-07-14,OUT-04,Midday,54,82,571.88
2024-07-14,OUT-04,Evening,63,89,612.94
2024-07-15,OUT-04,Morning,46,68,316.92
2024-07-15,OUT-04,Midday,36,48,387.62
2024-07-15,OUT-04,Evening,47,63,466.96
2024-07-16,OUT-04,Morning,41,65,277.58
2024-07-16,OUT-04,Midday,35,53,335.89
2024-07-16,OUT-04,Evening,38,58,369.3
2024-07-17,OUT-04,Morning,45,69,323.45
2024-07-17,OUT-04,Midday,37,50,383.88
2024-07-17,OUT-04,Evening,43,59,384.27
2024-07-18,OUT-04,Morning,49,70,316.56
2024-07-18,OUT-04,Midday,37,50,394.03
2024-07-18,OUT-04,Evening,46,69,402.39
2024-07-19,OUT-04,Morning,41,55,290.18
2024-07-19,OUT-04,Midday,40,58,390.31
2024-07-19,OUT-04,Evening,39,54,370.59
2024-07-20,OUT-04,Morning,55,78,352.06
2024-07-20,OUT-04,Midday,41,61,417.95
2024-07-20,OUT-04,Evening,48,69,484.6
2024-07-21,OUT-04,Morning,52,74,368.06
2024-07-21,OUT-04,Midday,51,74,526.88
2024-07-21,OUT-04,Evening,52,79,494.21
2024-07-22,OUT-04,Morning,56,89,360.66
2024-07-22,OUT-04,Midday,37,50,403.45
2024-07-22,OUT-04,Evening,44,63,455.36
2024-07-23,OUT-04,Morning,42,64,288.37
2024-07-23,OUT-04,Midday,25,36,289.86
2024-07-23,OUT-04,Evening,41,60,360.78
2024-07-24,OUT-04,Morning,51,70,342.26
2024-07-24,OUT-04,Midday,31,45,329.88
2024-07-24,OUT-04,Evening,38,59,361.65
2024-07-25,OUT-04,Morning,52,78,367.65
2024-07-25,OUT-04,Midday,36,50,372.33
2024-07-25,OUT-04,Evening,47,66,423.84
2024-07-26,OUT-04,Morning,63,92,408.56
2024-07-26,OUT-04,Midday,45,60,463.15
2024-07-26,OUT-04,Evening,51,76,473.11
2024-07-27,OUT-04,Morning,63,87,393.92
2024-07-27,OUT-04,Midday,37,49,419.88
2024-07-27,OUT-04,Evening,51,73,469.78
2024-07-28,OUT-04,Morning,58,85,338.1
2024-07-28,OUT-04,Midday,38,53,397.27
2024-07-28,OUT-04,Evening,43,63,406.16
2024-07-29,OUT-04,Morning,53,82,347.55
2024-07-29,OUT-04,Midday,40,54,417.19
2024-07-29,OUT-04,Evening,46,63,412.84
2024-07-30,OUT-04,Morning,52,77,351.71
2024-07-30,OUT-04,Midday,34,51,364.58
2024-07-30,OUT-04,Evening,45,66,436.12
2024-07-31,OUT-04,Morning,49,74,330.07
2024-07-31,OUT-04,Midday,31,43,348.47
2024-07-31,OUT-04,Evening,44,61,410.99
2024-08-01,OUT-04,Morning,46,64,328.08
2024-08-01,OUT-04,Midday,38,53,403.59
2024-08-01,OUT-04,Evening,49,71,447.22
2024-08-02,OUT-04,Morning,62,94,412.39
2024-08-02,OUT-04,Midday,45,70,475.8
2024-08-02,OUT-04,Evening,48,69,460.8
2024-08-03,OUT-04,Morning,75,107,482.34
2024-08-03,OUT-04,Midday,54,78,546.12
2024-08-03,OUT-04,Evening,54,83,535.4
2024-08-04,OUT-04,Morning,54,79,372.63
2024-08-04,OUT-04,Midday,42,61,453.94
2024-08-04,OUT-04,Evening,46,65,428.34
2024-08-05,OUT-04,Morning,58,87,393.17
2024-08-05,OUT-04,Midday,49,76,447.06
2024-08-05,OUT-04,Evening,46,68,397.08
2024-08-06,OUT-04,Morning,55,81,351.2
2024-08-06,OUT-04,Midday,38,53,385.53
2024-08-06,OUT-04,Evening,44,59,420.93
2024-08-07,OUT-04,Morning,46,63,307.19
2024-08-07,OUT-04,Midday,35,49,380.25
2024-08-07,OUT-04,Evening,44,66,388.89
2024-08-08,OUT-04,Morning,56,76,360.26
2024-08-08,OUT-04,Midday,42,65,420.72
2024-08-08,OUT-04,Evening,47,66,438.04
2024-08-09,OUT-04,Morning,45,66,308.76
2024-08-09,OUT-04,Midday,31,43,323.91
2024-08-09,OUT-04,Evening,42,61,408.22
2024-08-10,OUT-04,Morning,70,97,495.93
2024-08-10,OUT-04,Midday,58,83,616.86
2024-08-10,OUT-04,Evening,72,108,650.51
2024-08-11,OUT-04,Morning,59,90,401.77
2024-08-11,OUT-04,Midday,45,63,488.2
2024-08-11,OUT-04,Evening,54,80,508.44
2024-08-12,OUT-04,Morning,42,63,257.46
2024-08-12,OUT-04,Midday,27,37,289.16
2024-08-12,OUT-04,Evening,33,49,301.99
2024-08-13,OUT-04,Morning,44,64,292.8
2024-08-13,OUT-04,Midday,34,48,338.64
2024-08-13,OUT-04,Evening,41,64,392.08
2024-08-14,OUT-04,Morning,43,61,299.25
2024-08-14,OUT-04,Midday,33,45,314.93
2024-08-14,OUT-04,Evening,36,52,320.04
2024-08-15,OUT-04,Morning,51,72,325.02
2024-08-15,OUT-04,Midday,42,60,418.41
2024-08-15,OUT-04,Evening,40,60,405.32
2024-08-16,OUT-04,Morning,55,80,368.54
2024-08-16,OUT-04,Midday,35,53,387.54
2024-08-16,OUT-04,Evening,53,82,495.01
2024-08-17,OUT-04,Morning,80,118,549.71
2024-08-17,OUT-04,Midday,57,80,613.14
2024-08-17,OUT-04,Evening,57,78,527.89
2024-08-18,OUT-04,Morning,59,90,376.63
2024-08-18,OUT-04,Midday,42,59,432.25
2024-08-18,OUT-04,Evening,52,74,456.13
2024-08-19,OUT-04,Morning,41,61,272.56
2024-08-19,OUT-04,Midday,32,43,349.05
2024-08-19,OUT-04,Evening,46,68,365.43
2024-08-20,OUT-04,Morning,53,78,335.68
2024-08-20,OUT-04,Midday,36,54,372.1
2024-08-20,OUT-04,Evening,41,61,378.63
2024-08-21,OUT-04,Morning,59,85,352.57
2024-08-21,OUT-04,Midday,41,58,401.67
2024-08-21,OUT-04,Evening,45,66,412.59
2024-08-22,OUT-04,Morning,54,74,333.06
2024-08-22,OUT-04,Midday,38,55,386.8
2024-08-22,OUT-04,Evening,39,56,377.34
2024-08-23,OUT-04,Morning,49,72,319.37
2024-08-23,OUT-04,Midday,34,49,337.46
2024-08-23,OUT-04,Evening,42,62,379.51
2024-08-24,OUT-04,Morning,76,112,495.03
2024-08-24,OUT-04,Midday,63,92,595.28
2024-08-24,OUT-04,Evening,76,110,611.51
2024-08-25,OUT-04,Morning,74,109,452.71
2024-08-25,OUT-04,Midday,45,60,454.75
2024-08-25,OUT-04,Evening,50,68,489.12
2024-08-26,OUT-04,Morning,41,60,270.9
2024-08-26,OUT-04,Midday,31,45,322.27
2024-08-26,OUT-04,Evening,38,54,340.29
2024-08-27,OUT-04,Morning,44,62,292.64
2024-08-27,OUT-04,Midday,28,40,309.82
2024-08-27,OUT-04,Evening,39,60,341.49
2024-08-28,OUT-04,Morning,55,79,350.48
2024-08-28,OUT-04,Midday,45,63,450.66
2024-08-28,OUT-04,Evening,44,63,451.55
2024-08-29,OUT-04,Morning,45,66,340.0
2024-08-29,OUT-04,Midday,25,36,292.25
2024-08-29,OUT-04,Evening,44,58,421.48
2024-08-30,OUT-04,Morning,58,83,413.0
2024-08-30,OUT-04,Midday,46,68,476.03
2024-08-30,OUT-04,Evening,58,84,508.24
2024-08-31,OUT-04,Morning,75,114,447.19
2024-08-31,OUT-04,Midday,57,78,588.88
2024-08-31,OUT-04,Evening,64,96,598.03
2024-09-01,OUT-04,Morning,62,86,430.62
2024-09-01,OUT-04,Midday,45,62,464.79
2024-09-01,OUT-04,Evening,59,90,558.92
2024-09-02,OUT-04,Morning,45,66,297.15
2024-09-02,OUT-04,Midday,28,38,304.3
2024-09-02,OUT-04,Evening,34,50,329.8
2024-09-03,OUT-04,Morning,48,68,303.08
2024-09-03,OUT-04,Midday,39,56,373.44
2024-09-03,OUT-04,Evening,46,68,413.64
2024-09-04,OUT-04,Morning,54,75,348.15
2024-09-04,OUT-04,Midday,38,53,403.47
2024-09-04,OUT-04,Evening,49,75,456.62
2024-09-05,OUT-04,Morning,70,98,450.08
2024-09-05,OUT-04,Midday,48,67,488.29
2024-09-05,OUT-04,Evening,51,76,473.1
2024-09-06,OUT-04,Morning,71,103,440.28
2024-09-06,OUT-04,Midday,43,61,458.52
2024-09-06,OUT-04,Evening,57,81,505.63
2024-09-07,OUT-04,Morning,58,81,362.42
2024-09-07,OUT-04,Midday,39,55,419.17
2024-09-07,OUT-04,Evening,45,62,412.49
2024-09-08,OUT-04,Morning,69,102,428.35
2024-09-08,OUT-04,Midday,42,61,419.3
2024-09-08,OUT-04,Evening,63,89,543.88
2024-09-09,OUT-04,Morning,39,58,278.67
2024-09-09,OUT-04,Midday,30,46,316.27
2024-09-09,OUT-04,Evening,37,54,336.03
2024-09-10,OUT-04,Morning,44,67,298.92
2024-09-10,OUT-04,Midday,30,46,310.81
2024-09-10,OUT-04,Evening,41,57,384.79
2024-09-11,OUT-04,Morning,50,71,316.43
2024-09-11,OUT-04,Midday,33,47,345.02
2024-09-11,OUT-04,Evening,41,58,399.45
2024-09-12,OUT-04,Morning,52,79,348.28
2024-09-12,OUT-04,Midday,30,46,348.04
2024-09-12,OUT-04,Evening,49,74,448.93
2024-09-13,OUT-04,Morning,66,102,397.74
2024-09-13,OUT-04,Midday,50,74,507.88
2024-09-13,OUT-04,Evening,44,61,451.48
2024-09-14,OUT-04,Morning,59,85,396.59
2024-09-14,OUT-04,Midday,41,56,448.1
2024-09-14,OUT-04,Evening,54,80,517.25
2024-09-15,OUT-04,Morning,61,86,388.34
2024-09-15,OUT-04,Midday,48,73,492.12
2024-09-15,OUT-04,Evening,58,88,505.56
2024-09-16,OUT-04,Morning,44,62,291.35
2024-09-16,OUT-04,Midday,30,43,309.68
2024-09-16,OUT-04,Evening,34,48,313.36
2024-09-17,OUT-04,Morning,55,77,358.93
2024-09-17,OUT-04,Midday,40,59,424.19
2024-09-17,OUT-04,Evening,46,65,423.86
2024-09-18,OUT-04,Morning,47,63,315.76
2024-09-18,OUT-04,Midday,37,57,431.33
2024-09-18,OUT-04,Evening,56,83,476.81
2024-09-19,OUT-04,Morning,49,73,319.62
2024-09-19,OUT-04,Midday,31,47,334.84
2024-09-19,OUT-04,Evening,35,52,349.39
2024-09-20,OUT-04,Morning,71,101,442.4
2024-09-20,OUT-04,Midday,44,69,493.0
2024-09-20,OUT-04,Evening,57,78,522.46
2024-09-21,OUT-04,Morning,77,110,486.12
2024-09-21,OUT-04,Midday,52,77,545.6
2024-09-21,OUT-04,Evening,63,93,560.95
2024-09-22,OUT-04,Morning,54,72,390.25
2024-09-22,OUT-04,Midday,36,51,401.9
2024-09-22,OUT-04,Evening,44,60,472.62
2024-09-23,OUT-04,Morning,60,92,372.35
2024-09-23,OUT-04,Midday,41,59,398.96
2024-09-23,OUT-04,Evening,47,69,429.06
2024-09-24,OUT-04,Morning,43,60,278.83
2024-09-24,OUT-04,Midday,34,51,366.9
2024-09-24,OUT-04,Evening,34,46,320.16
2024-09-25,OUT-04,Morning,52,72,310.26
2024-09-25,OUT-04,Midday,30,43,342.6
2024-09-25,OUT-04,Evening,40,66,350.91
2024-09-26,OUT-04,Morning,58,83,359.46
2024-09-26,OUT-04,Midday,39,57,383.71
2024-09-26,OUT-04,Evening,39,58,356.68
2024-09-27,OUT-04,Morning,61,86,417.4
2024-09-27,OUT-04,Midday,47,71,490.17
2024-09-27,OUT-04,Evening,45,64,456.87
2024-09-28,OUT-04,Morning,66,95,445.01
2024-09-28,OUT-04,Midday,57,78,565.62
2024-09-28,OUT-04,Evening,49,71,500.24
2024-09-29,OUT-04,Morning,63,92,405.49
2024-09-29,OUT-04,Midday,42,63,438.82
2024-09-29,OUT-04,Evening,46,66,426.05
2024-09-30,OUT-04,Morning,56,83,377.89
2024-09-30,OUT-04,Midday,37,56,409.69
2024-09-30,OUT-04,Evening,47,67,444.74
2024-10-01,OUT-04,Morning,50,71,353.86
2024-10-01,OUT-04,Midday,32,46,328.79
2024-10-01,OUT-04,Evening,50,71,451.14
2024-10-02,OUT-04,Morning,45,61,285.96
2024-10-02,OUT-04,Midday,32,42,349.41
2024-10-02,OUT-04,Evening,45,63,388.78
2024-10-03,OUT-04,Morning,51,75,320.72
2024-10-03,OUT-04,Midday,46,64,432.17
2024-10-03,OUT-04,Evening,46,66,426.9
2024-10-04,OUT-04,Morning,68,98,458.75
2024-10-04,OUT-04,Midday,43,62,453.32
2024-10-04,OUT-04,Evening,58,89,517.84
2024-10-05,OUT-04,Morning,70,108,459.54
2024-10-05,OUT-04,Midday,46,67,522.21
2024-10-05,OUT-04,Evening,51,70,521.3
2024-10-06,OUT-04,Morning,65,91,405.1
2024-10-06,OUT-04,Midday,42,63,442.27
2024-10-06,OUT-04,Evening,55,78,515.04
2024-10-07,OUT-04,Morning,48,73,315.12
2024-10-07,OUT-04,Midday,31,45,363.38
2024-10-07,OUT-04,Evening,44,66,431.51
2024-10-08,OUT-04,Morning,49,72,324.54
2024-10-08,OUT-04,Midday,33,46,359.06
2024-10-08,OUT-04,Evening,42,61,411.38
2024-10-09,OUT-04,Morning,57,81,374.11
2024-10-09,OUT-04,Midday,41,64,430.86
2024-10-09,OUT-04,Evening,49,74,472.57
2024-10-10,OUT-04,Morning,55,81,347.95
2024-10-10,OUT-04,Midday,31,42,354.35
2024-10-10,OUT-04,Evening,41,60,405.52
2024-10-11,OUT-04,Morning,62,91,420.71
2024-10-11,OUT-04,Midday,47,71,491.76
2024-10-11,OUT-04,Evening,62,87,519.14
2024-10-12,OUT-04,Morning,67,94,412.62
2024-10-12,OUT-04,Midday,43,64,454.78
2024-10-12,OUT-04,Evening,54,82,471.68
2024-10-13,OUT-04,Morning,57,81,346.86
2024-10-13,OUT-04,Midday,39,59,401.1
2024-10-13,OUT-04,Evening,40,58,378.47
2024-10-14,OUT-04,Morning,61,88,416.37
2024-10-14,OUT-04,Midday,42,62,443.97
2024-10-14,OUT-04,Evening,49,75,472.1
2024-10-15,OUT-04,Morning,51,79,314.55
2024-10-15,OUT-04,Midday,33,45,324.06
2024-10-15,OUT-04,Evening,34,52,335.54
2024-10-16,OUT-04,Morning,42,61,284.23
2024-10-16,OUT-04,Midday,27,39,289.04
2024-10-16,OUT-04,Evening,40,57,371.03
2024-10-17,OUT-04,Morning,52,76,336.35
2024-10-17,OUT-04,Midday,34,51,359.21
2024-10-17,OUT-04,Evening,53,73,470.92
2024-10-18,OUT-04,Morning,62,96,466.44
2024-10-18,OUT-04,Midday,33,47,364.28
2024-10-18,OUT-04,Evening,51,77,479.08
2024-10-19,OUT-04,Morning,63,86,398.66
2024-10-19,OUT-04,Midday,38,56,401.46
2024-10-19,OUT-04,Evening,56,78,516.7
2024-10-20,OUT-04,Morning,64,95,421.7
2024-10-20,OUT-04,Midday,38,54,408.19
2024-10-20,OUT-04,Evening,44,65,416.29
2024-10-21,OUT-04,Morning,48,68,300.98
2024-10-21,OUT-04,Midday,32,49,332.8
2024-10-21,OUT-04,Evening,35,48,344.23
2024-10-22,OUT-04,Morning,57,87,359.55
2024-10-22,OUT-04,Midday,38,58,381.1
2024-10-22,OUT-04,Evening,37,51,344.67
2024-10-23,OUT-04,Morning,59,87,381.31
2024-10-23,OUT-04,Midday,40,61,425.31
2024-10-23,OUT-04,Evening,49,70,457.77
2024-10-24,OUT-04,Morning,63,93,387.96
2024-10-24,OUT-04,Midday,30,41,382.69
2024-10-24,OUT-04,Evening,44,60,439.13
2024-10-25,OUT-04,Morning,59,78,361.64
2024-10-25,OUT-04,Midday,47,70,458.5
2024-10-25,OUT-04,Evening,46,67,426.67
2024-10-26,OUT-04,Morning,70,97,491.62
2024-10-26,OUT-04,Midday,47,67,519.19
2024-10-26,OUT-04,Evening,53,76,524.18
2024-10-27,OUT-04,Morning,59,84,389.47
2024-10-27,OUT-04,Midday,38,58,436.56
2024-10-27,OUT-04,Evening,51,78,467.36
2024-10-28,OUT-04,Morning,54,81,379.42
2024-10-28,OUT-04,Midday,45,63,468.94
2024-10-28,OUT-04,Evening,56,82,486.93
2024-10-29,OUT-04,Morning,47,66,311.06
2024-10-29,OUT-04,Midday,33,46,356.19
2024-10-29,OUT-04,Evening,43,70,402.27
2024-10-30,OUT-04,Morning,48,66,311.43
2024-10-30,OUT-04,Midday,34,46,367.64
2024-10-30,OUT-04,Evening,43,64,401.17
2024-10-31,OUT-04,Morning,39,53,269.23
2024-10-31,OUT-04,Midday,27,37,294.42
2024-10-31,OUT-04,Evening,32,45,295.37
2024-11-01,OUT-04,Morning,81,124,557.82
2024-11-01,OUT-04,Midday,59,86,589.86
2024-11-01,OUT-04,Evening,68,91,588.18
2024-11-02,OUT-04,Morning,65,93,417.44
2024-11-02,OUT-04,Midday,52,74,541.69
2024-11-02,OUT-04,Evening,58,84,531.62
2024-11-03,OUT-04,Morning,66,97,451.88
2024-11-03,OUT-04,Midday,40,58,438.22
2024-11-03,OUT-04,Evening,58,86,562.62
2024-11-04,OUT-04,Morning,53,80,328.28
2024-11-04,OUT-04,Midday,39,59,410.57
2024-11-04,OUT-04,Evening,44,66,433.67
2024-11-05,OUT-04,Morning,62,90,404.1
2024-11-05,OUT-04,Midday,48,70,512.39
2024-11-05,OUT-04,Evening,49,77,443.1
2024-11-06,OUT-04,Morning,53,71,367.2
2024-11-06,OUT-04,Midday,42,59,414.76
2024-11-06,OUT-04,Evening,51,75,497.4
2024-11-07,OUT-04,Morning,50,73,337.93
2024-11-07,OUT-04,Midday,38,55,383.11
2024-11-07,OUT-04,Evening,45,63,408.06
2024-11-08,OUT-04,Morning,53,83,356.49
2024-11-08,OUT-04,Midday,41,58,427.95
2024-11-08,OUT-04,Evening,56,80,473.17
2024-11-09,OUT-04,Morning,56,80,376.58
2024-11-09,OUT-04,Midday,42,66,450.75
2024-11-09,OUT-04,Evening,47,69,412.46
2024-11-10,OUT-04,Morning,58,88,374.81
2024-11-10,OUT-04,Midday,36,57,399.52
2024-11-10,OUT-04,Evening,48,68,503.1
2024-11-11,OUT-04,Morning,40,60,297.15
2024-11-11,OUT-04,Midday,31,46,314.26
2024-11-11,OUT-04,Evening,35,53,339.34
2024-11-12,OUT-04,Morning,40,56,263.18
2024-11-12,OUT-04,Midday,30,40,323.94
2024-11-12,OUT-04,Evening,44,65,398.97
2024-11-13,OUT-04,Morning,60,80,388.23
2024-11-13,OUT-04,Midday,34,46,361.67
2024-11-13,OUT-04,Evening,44,63,412.89
2024-11-14,OUT-04,Morning,58,80,390.02
2024-11-14,OUT-04,Midday,33,47,358.18
2024-11-14,OUT-04,Evening,38,55,364.65
2024-11-15,OUT-04,Morning,59,78,404.71
2024-11-15,OUT-04,Midday,38,56,433.14
2024-11-15,OUT-04,Evening,56,85,480.32
2024-11-16,OUT-04,Morning,51,72,356.8
2024-11-16,OUT-04,Midday,47,68,471.27
2024-11-16,OUT-04,Evening,49,75,454.12
2024-11-17,OUT-04,Morning,64,98,436.59
2024-11-17,OUT-04,Midday,51,69,509.24
2024-11-17,OUT-04,Evening,63,89,573.45
2024-11-18,OUT-04,Morning,57,86,384.37
2024-11-18,OUT-04,Midday,36,54,394.38
2024-11-18,OUT-04,Evening,45,70,422.82
2024-11-19,OUT-04,Morning,49,74,311.53
2024-11-19,OUT-04,Midday,41,60,410.56
2024-11-19,OUT-04,Evening,41,59,374.64
2024-11-20,OUT-04,Morning,40,57,252.71
2024-11-20,OUT-04,Midday,26,37,280.29
2024-11-20,OUT-04,Evening,28,39,265.37
2024-11-21,OUT-04,Morning,50,76,334.16
2024-11-21,OUT-04,Midday,31,45,321.27
2024-11-21,OUT-04,Evening,35,51,340.52
2024-11-22,OUT-04,Morning,64,90,404.33
2024-11-22,OUT-04,Midday,47,64,503.61
2024-11-22,OUT-04,Evening,56,78,526.28
2024-11-23,OUT-04,Morning,78,110,465.78
2024-11-23,OUT-04,Midday,47,69,520.02
2024-11-23,OUT-04,Evening,67,95,590.59
2024-11-24,OUT-04,Morning,61,84,398.12
2024-11-24,OUT-04,Midday,35,54,411.75
2024-11-24,OUT-04,Evening,54,79,462.48
2024-11-25,OUT-04,Morning,37,54,258.96
2024-11-25,OUT-04,Midday,34,51,332.0
2024-11-25,OUT-04,Evening,40,59,348.05
2024-11-26,OUT-04,Morning,50,75,309.52
2024-11-26,OUT-04,Midday,38,56,392.78
2024-11-26,OUT-04,Evening,39,56,372.76
2024-11-27,OUT-04,Morning,47,66,312.42
2024-11-27,OUT-04,Midday,40,61,413.88
2024-11-27,OUT-04,Evening,52,72,450.78
2024-11-28,OUT-04,Morning,50,70,342.34
2024-11-28,OUT-04,Midday,38,54,400.88
2024-11-28,OUT-04,Evening,49,68,438.63
2024-11-29,OUT-04,Morning,82,122,492.78
2024-11-29,OUT-04,Midday,49,70,520.4
2024-11-29,OUT-04,Evening,65,91,623.13
2024-11-30,OUT-04,Morning,63,90,430.29
2024-11-30,OUT-04,Midday,41,62,425.19
2024-11-30,OUT-04,Evening,52,76,520.69
2024-12-01,OUT-04,Morning,73,110,436.86
2024-12-01,OUT-04,Midday,43,64,438.91
2024-12-01,OUT-04,Evening,56,83,514.02
2024-12-02,OUT-04,Morning,53,77,365.99
2024-12-02,OUT-04,Midday,41,64,430.06
2024-12-02,OUT-04,Evening,47,66,439.48
2024-12-03,OUT-04,Morning,60,85,399.58
2024-12-03,OUT-04,Midday,49,73,481.42
2024-12-03,OUT-04,Evening,48,72,454.23
2024-12-04,OUT-04,Morning,40,62,277.9
2024-12-04,OUT-04,Midday,32,46,320.0
2024-12-04,OUT-04,Evening,38,54,353.55
2024-12-05,OUT-04,Morning,58,80,381.83
2024-12-05,OUT-04,Midday,43,60,436.5
2024-12-05,OUT-04,Evening,55,81,551.87
2024-12-06,OUT-04,Morning,55,77,383.08
2024-12-06,OUT-04,Midday,41,59,455.77
2024-12-06,OUT-04,Evening,44,63,443.46
2024-12-07,OUT-04,Morning,53,76,364.99
2024-12-07,OUT-04,Midday,39,57,418.4
2024-12-07,OUT-04,Evening,52,77,463.73
2024-12-08,OUT-04,Morning,61,86,410.37
2024-12-08,OUT-04,Midday,42,60,447.31
2024-12-08,OUT-04,Evening,53,73,501.92
2024-12-09,OUT-04,Morning,61,95,399.22
2024-12-09,OUT-04,Midday,36,54,401.1
2024-12-09,OUT-04,Evening,45,63,430.17
2024-12-10,OUT-04,Morning,57,77,378.93
2024-12-10,OUT-04,Midday,37,53,397.03
2024-12-10,OUT-04,Evening,41,58,391.07
2024-12-11,OUT-04,Morning,69,110,418.72
2024-12-11,OUT-04,Midday,41,60,488.51
2024-12-11,OUT-04,Evening,50,71,492.51
2024-12-12,OUT-04,Morning,54,84,350.47
2024-12-12,OUT-04,Midday,29,46,316.1
2024-12-12,OUT-04,Evening,34,46,321.47
2024-12-13,OUT-04,Morning,70,102,408.47
2024-12-13,OUT-04,Midday,43,67,469.96
2024-12-13,OUT-04,Evening,50,77,475.75
2024-12-14,OUT-04,Morning,91,135,578.65
2024-12-14,OUT-04,Midday,59,89,565.06
2024-12-14,OUT-04,Evening,56,81,552.87
2024-12-15,OUT-04,Morning,60,86,377.88
2024-12-15,OUT-04,Midday,38,57,421.88
2024-12-15,OUT-04,Evening,50,77,436.64
2024-12-16,OUT-04,Morning,54,78,341.31
2024-12-16,OUT-04,Midday,44,63,451.2
2024-12-16,OUT-04,Evening,51,72,492.64
2024-12-17,OUT-04,Morning,59,84,348.24
2024-12-17,OUT-04,Midday,36,48,397.1
2024-12-17,OUT-04,Evening,43,59,379.85
2024-12-18,OUT-04,Morning,67,95,430.95
2024-12-18,OUT-04,Midday,43,68,435.49
2024-12-18,OUT-04,Evening,50,71,474.23
2024-12-19,OUT-04,Morning,45,63,294.12
2024-12-19,OUT-04,Midday,26,36,342.45
2024-12-19,OUT-04,Evening,44,66,439.44
2024-12-20,OUT-04,Morning,63,90,435.91
2024-12-20,OUT-04,Midday,41,62,439.4
2024-12-20,OUT-04,Evening,41,54,460.63
2024-12-21,OUT-04,Morning,68,95,473.32
2024-12-21,OUT-04,Midday,56,82,531.63
2024-12-21,OUT-04,Evening,61,86,546.88
2024-12-22,OUT-04,Morning,67,87,425.99
2024-12-22,OUT-04,Midday,46,66,469.99
2024-12-22,OUT-04,Evening,57,86,509.46
2024-12-23,OUT-04,Morning,54,84,327.75
2024-12-23,OUT-04,Midday,36,55,385.62
2024-12-23,OUT-04,Evening,42,59,424.77
2024-12-24,OUT-04,Morning,53,79,371.17
2024-12-24,OUT-04,Midday,40,60,439.67
2024-12-24,OUT-04,Evening,57,83,499.11
2024-12-25,OUT-04,Morning,35,49,246.33
2024-12-25,OUT-04,Midday,28,41,277.68
2024-12-25,OUT-04,Evening,39,57,335.69
2024-12-26,OUT-04,Morning,48,68,365.7
2024-12-26,OUT-04,Midday,36,50,373.67
2024-12-26,OUT-04,Evening,44,60,398.62
2024-12-27,OUT-04,Morning,61,95,387.14
2024-12-27,OUT-04,Midday,43,70,454.06
2024-12-27,OUT-04,Evening,43,64,398.98
2024-12-28,OUT-04,Morning,75,104,502.68
2024-12-28,OUT-04,Midday,61,86,597.74
2024-12-28,OUT-04,Evening,59,83,525.74
2024-12-29,OUT-04,Morning,54,76,372.35
2024-12-29,OUT-04,Midday,39,57,400.49
2024-12-29,OUT-04,Evening,46,69,414.84
2024-12-30,OUT-04,Morning,70,103,425.33
2024-12-30,OUT-04,Midday,42,59,440.95
2024-12-30,OUT-04,Evening,51,73,473.16
2024-12-31,OUT-04,Morning,65,92,403.94
2024-12-31,OUT-04,Midday,44,60,467.17
2024-12-31,OUT-04,Evening,50,74,473.34
2025-01-01,OUT-04,Morning,37,52,269.87
2025-01-01,OUT-04,Midday,26,37,293.39
2025-01-01,OUT-04,Evening,35,52,315.11
2025-01-02,OUT-04,Morning,56,85,381.98
2025-01-02,OUT-04,Midday,39,55,382.9
2025-01-02,OUT-04,Evening,43,61,415.5
2025-01-03,OUT-04,Morning,70,98,440.55
2025-01-03,OUT-04,Midday,48,69,513.31
2025-01-03,OUT-04,Evening,46,63,427.94
2025-01-04,OUT-04,Morning,73,107,461.4
2025-01-04,OUT-04,Midday,53,80,488.89
2025-01-04,OUT-04,Evening,66,98,586.26
2025-01-05,OUT-04,Morning,78,108,534.41
2025-01-05,OUT-04,Midday,63,93,570.81
2025-01-05,OUT-04,Evening,51,75,519.74
2025-01-06,OUT-04,Morning,46,64,297.63
2025-01-06,OUT-04,Midday,34,50,363.45
2025-01-06,OUT-04,Evening,43,63,387.17
2025-01-07,OUT-04,Morning,52,76,324.35
2025-01-07,OUT-04,Midday,34,48,349.74
2025-01-07,OUT-04,Evening,38,56,383.13
2025-01-08,OUT-04,Morning,55,80,364.12
2025-01-08,OUT-04,Midday,39,55,394.66
2025-01-08,OUT-04,Evening,42,62,382.4
2025-01-09,OUT-04,Morning,52,76,357.53
2025-01-09,OUT-04,Midday,35,51,357.26
2025-01-09,OUT-04,Evening,51,70,465.16
2025-01-10,OUT-04,Morning,60,87,394.49
2025-01-10,OUT-04,Midday,44,62,412.0
2025-01-10,OUT-04,Evening,44,65,408.93
2025-01-11,OUT-04,Morning,60,86,399.06
2025-01-11,OUT-04,Midday,47,68,486.24
2025-01-11,OUT-04,Evening,58,81,496.48
2025-01-12,OUT-04,Morning,50,71,337.77
2025-01-12,OUT-04,Midday,40,57,411.47
2025-01-12,OUT-04,Evening,48,66,452.25
2025-01-13,OUT-04,Morning,55,78,332.93
2025-01-13,OUT-04,Midday,34,50,371.4
2025-01-13,OUT-04,Evening,41,57,354.08
2025-01-14,OUT-04,Morning,57,75,382.36
2025-01-14,OUT-04,Midday,52,78,498.33
2025-01-14,OUT-04,Evening,52,71,491.33
2025-01-15,OUT-04,Morning,58,86,373.5
2025-01-15,OUT-04,Midday,33,47,353.58
2025-01-15,OUT-04,Evening,42,62,411.69
2025-01-16,OUT-04,Morning,52,76,346.15
2025-01-16,OUT-04,Midday,48,73,502.07
2025-01-16,OUT-04,Evening,46,63,444.55
2025-01-17,OUT-04,Morning,60,85,382.01
2025-01-17,OUT-04,Midday,42,61,451.69
2025-01-17,OUT-04,Evening,36,51,371.65
2025-01-18,OUT-04,Morning,75,105,497.04
2025-01-18,OUT-04,Midday,49,75,520.43
2025-01-18,OUT-04,Evening,55,81,512.3
2025-01-19,OUT-04,Morning,55,78,364.37
2025-01-19,OUT-04,Midday,45,65,470.32
2025-01-19,OUT-04,Evening,55,82,514.85
2025-01-20,OUT-04,Morning,53,76,340.65
2025-01-20,OUT-04,Midday,41,59,385.9
2025-01-20,OUT-04,Evening,44,65,409.82
2025-01-21,OUT-04,Morning,46,68,313.16
2025-01-21,OUT-04,Midday,36,53,389.01
2025-01-21,OUT-04,Evening,40,56,368.68
2025-01-22,OUT-04,Morning,51,75,335.54
2025-01-22,OUT-04,Midday,34,49,396.28
2025-01-22,OUT-04,Evening,49,72,460.39
2025-01-23,OUT-04,Morning,63,90,415.08
2025-01-23,OUT-04,Midday,45,64,468.67
2025-01-23,OUT-04,Evening,58,82,542.42
2025-01-24,OUT-04,Morning,64,96,414.45
2025-01-24,OUT-04,Midday,43,60,456.87
2025-01-24,OUT-04,Evening,51,74,426.46
2025-01-25,OUT-04,Morning,71,101,460.15
2025-01-25,OUT-04,Midday,40,60,456.83
2025-01-25,OUT-04,Evening,57,84,514.08
2025-01-26,OUT-04,Morning,67,94,454.31
2025-01-26,OUT-04,Midday,38,55,451.83
2025-01-26,OUT-04,Evening,56,81,551.46
2025-01-27,OUT-04,Morning,61,92,406.03
2025-01-27,OUT-04,Midday,40,56,409.49
2025-01-27,OUT-04,Evening,55,79,473.92
2025-01-28,OUT-04,Morning,55,82,375.95
2025-01-28,OUT-04,Midday,37,58,420.33
2025-01-28,OUT-04,Evening,47,72,433.43
2025-01-29,OUT-04,Morning,48,64,320.31
2025-01-29,OUT-04,Midday,37,51,370.15
2025-01-29,OUT-04,Evening,35,47,308.93
2025-01-30,OUT-04,Morning,38,51,243.99
2025-01-30,OUT-04,Midday,28,41,275.15
2025-01-30,OUT-04,Evening,33,47,298.7
2025-01-31,OUT-04,Morning,54,82,380.74
2025-01-31,OUT-04,Midday,42,56,424.87
2025-01-31,OUT-04,Evening,38,57,380.99
2025-02-01,OUT-04,Morning,63,92,405.14
2025-02-01,OUT-04,Midday,50,73,498.59
2025-02-01,OUT-04,Evening,49,67,479.74
2025-02-02,OUT-04,Morning,62,90,401.83
2025-02-02,OUT-04,Midday,45,59,471.27
2025-02-02,OUT-04,Evening,50,70,488.85
2025-02-03,OUT-04,Morning,63,91,358.92
2025-02-03,OUT-04,Midday,44,67,457.03
2025-02-03,OUT-04,Evening,53,73,438.1
2025-02-04,OUT-04,Morning,65,88,430.13
2025-02-04,OUT-04,Midday,44,67,510.92
2025-02-04,OUT-04,Evening,59,85,541.13
2025-02-05,OUT-04,Morning,62,91,411.22
2025-02-05,OUT-04,Midday,40,59,406.61
2025-02-05,OUT-04,Evening,46,63,464.77
2025-02-06,OUT-04,Morning,48,73,293.79
2025-02-06,OUT-04,Midday,31,48,337.57
2025-02-06,OUT-04,Evening,38,54,367.57
2025-02-07,OUT-04,Morning,78,118,528.71
2025-02-07,OUT-04,Midday,49,73,538.73
2025-02-07,OUT-04,Evening,67,98,634.23
2025-02-08,OUT-04,Morning,77,115,480.7
2025-02-08,OUT-04,Midday,56,77,558.64
2025-02-08,OUT-04,Evening,71,102,682.91
2025-02-09,OUT-04,Morning,62,84,404.37
2025-02-09,OUT-04,Midday,53,77,539.98
2025-02-09,OUT-04,Evening,53,75,481.76
2025-02-10,OUT-04,Morning,39,58,258.32
2025-02-10,OUT-04,Midday,34,50,337.31
2025-02-10,OUT-04,Evening,38,56,344.33
2025-02-11,OUT-04,Morning,44,60,302.76
2025-02-11,OUT-04,Midday,38,56,378.86
2025-02-11,OUT-04,Evening,41,64,363.28
2025-02-12,OUT-04,Morning,73,107,444.56
2025-02-12,OUT-04,Midday,44,61,472.05
2025-02-12,OUT-04,Evening,56,87,501.12
2025-02-13,OUT-04,Morning,47,70,335.27
2025-02-13,OUT-04,Midday,30,44,305.7
2025-02-13,OUT-04,Evening,41,55,354.97
2025-02-14,OUT-04,Morning,71,100,465.67
2025-02-14,OUT-04,Midday,50,68,535.15
2025-02-14,OUT-04,Evening,70,98,613.7
2025-02-15,OUT-04,Morning,60,91,450.68
2025-02-15,OUT-04,Midday,55,77,547.88
2025-02-15,OUT-04,Evening,57,81,528.12
2025-02-16,OUT-04,Morning,75,105,537.24
2025-02-16,OUT-04,Midday,53,75,553.0
2025-02-16,OUT-04,Evening,63,92,644.26
2025-02-17,OUT-04,Morning,63,99,444.79
2025-02-17,OUT-04,Midday,40,55,459.01
2025-02-17,OUT-04,Evening,54,84,532.78
2025-02-18,OUT-04,Morning,62,91,386.65
2025-02-18,OUT-04,Midday,40,56,406.75
2025-02-18,OUT-04,Evening,50,70,457.44
2025-02-19,OUT-04,Morning,81,108,483.51
2025-02-19,OUT-04,Midday,48,71,521.63
2025-02-19,OUT-04,Evening,54,81,523.81
2025-02-20,OUT-04,Morning,66,97,427.45
2025-02-20,OUT-04,Midday,41,58,442.87
2025-02-20,OUT-04,Evening,54,78,474.04
2025-02-21,OUT-04,Morning,62,83,468.79
2025-02-21,OUT-04,Midday,52,78,552.47
2025-02-21,OUT-04,Evening,57,84,532.37
2025-02-22,OUT-04,Morning,67,89,444.8
2025-02-22,OUT-04,Midday,46,68,473.33
2025-02-22,OUT-04,Evening,64,89,586.32
2025-02-23,OUT-04,Morning,65,90,414.28
2025-02-23,OUT-04,Midday,45,65,501.82
2025-02-23,OUT-04,Evening,59,85,534.74
2025-02-24,OUT-04,Morning,47,70,322.0
2025-02-24,OUT-04,Midday,35,51,356.4
2025-02-24,OUT-04,Evening,44,66,443.86
2025-02-25,OUT-04,Morning,55,73,377.39
2025-02-25,OUT-04,Midday,37,53,431.98
2025-02-25,OUT-04,Evening,51,72,439.18
2025-02-26,OUT-04,Morning,58,82,409.66
2025-02-26,OUT-04,Midday,41,56,447.66
2025-02-26,OUT-04,Evening,48,68,497.15
2025-02-27,OUT-04,Morning,64,97,403.88
2025-02-27,OUT-04,Midday,42,61,438.54
2025-02-27,OUT-04,Evening,63,96,553.25
2025-02-28,OUT-04,Morning,62,87,427.76
2025-02-28,OUT-04,Midday,49,67,507.47
2025-02-28,OUT-04,Evening,45,61,442.53
2025-03-01,OUT-04,Morning,80,114,530.38
2025-03-01,OUT-04,Midday,58,82,568.51
2025-03-01,OUT-04,Evening,67,104,660.82
2025-03-02,OUT-04,Morning,62,87,421.57
2025-03-02,OUT-04,Midday,42,61,452.1
2025-03-02,OUT-04,Evening,53,75,472.89
2025-03-03,OUT-04,Morning,57,83,383.36
2025-03-03,OUT-04,Midday,44,65,458.91
2025-03-03,OUT-04,Evening,40,57,405.45
2025-03-04,OUT-04,Morning,46,72,335.93
2025-03-04,OUT-04,Midday,42,61,411.56
2025-03-04,OUT-04,Evening,42,66,381.24
2025-03-05,OUT-04,Morning,62,91,434.17
2025-03-05,OUT-04,Midday,46,65,467.5
2025-03-05,OUT-04,Evening,55,80,485.58
2025-03-06,OUT-04,Morning,79,118,498.62
2025-03-06,OUT-04,Midday,48,67,553.33
2025-03-06,OUT-04,Evening,68,100,647.31
2025-03-07,OUT-04,Morning,81,114,510.57
2025-03-07,OUT-04,Midday,56,82,630.33
2025-03-07,OUT-04,Evening,64,91,598.56
2025-03-08,OUT-04,Morning,70,105,458.26
2025-03-08,OUT-04,Midday,51,74,585.12
2025-03-08,OUT-04,Evening,73,109,674.76
2025-03-09,OUT-04,Morning,83,128,543.87
2025-03-09,OUT-04,Midday,56,83,587.5
2025-03-09,OUT-04,Evening,67,97,619.51
2025-03-10,OUT-04,Morning,54,75,334.75
2025-03-10,OUT-04,Midday,38,54,389.42
2025-03-10,OUT-04,Evening,40,57,359.6
2025-03-11,OUT-04,Morning,70,107,454.34
2025-03-11,OUT-04,Midday,45,66,467.57
2025-03-11,OUT-04,Evening,56,83,481.58
2025-03-12,OUT-04,Morning,54,81,370.03
2025-03-12,OUT-04,Midday,40,61,443.39
2025-03-12,OUT-04,Evening,50,75,465.69
2025-03-13,OUT-04,Morning,62,87,413.77
2025-03-13,OUT-04,Midday,37,55,412.8
2025-03-13,OUT-04,Evening,48,74,473.71
2025-03-14,OUT-04,Morning,72,99,482.97
2025-03-14,OUT-04,Midday,45,68,486.25
2025-03-14,OUT-04,Evening,61,90,558.88
2025-03-15,OUT-04,Morning,96,135,635.52
2025-03-15,OUT-04,Midday,63,89,682.24
2025-03-15,OUT-04,Evening,70,106,640.48
2025-03-16,OUT-04,Morning,80,111,507.75
2025-03-16,OUT-04,Midday,52,77,617.81
2025-03-16,OUT-04,Evening,69,96,618.15
2025-03-17,OUT-04,Morning,58,86,375.81
2025-03-17,OUT-04,Midday,45,67,488.91
2025-03-17,OUT-04,Evening,53,80,491.0
2025-03-18,OUT-04,Morning,65,93,421.11
2025-03-18,OUT-04,Midday,50,69,517.8
2025-03-18,OUT-04,Evening,56,84,516.21
2025-03-19,OUT-04,Morning,53,76,356.42
2025-03-19,OUT-04,Midday,42,61,424.53
2025-03-19,OUT-04,Evening,41,57,396.95
2025-03-20,OUT-04,Morning,69,103,443.06
2025-03-20,OUT-04,Midday,48,70,532.86
2025-03-20,OUT-04,Evening,54,80,526.92
2025-03-21,OUT-04,Morning,62,94,369.79
2025-03-21,OUT-04,Midday,50,71,512.36
2025-03-21,OUT-04,Evening,49,71,463.14
2025-03-22,OUT-04,Morning,84,119,578.62
2025-03-22,OUT-04,Midday,59,94,628.27
2025-03-22,OUT-04,Evening,73,101,735.45
2025-03-23,OUT-04,Morning,80,114,491.74
2025-03-23,OUT-04,Midday,65,96,610.23
2025-03-23,OUT-04,Evening,67,94,585.99
2025-03-24,OUT-04,Morning,64,98,414.1
2025-03-24,OUT-04,Midday,36,53,387.25
2025-03-24,OUT-04,Evening,54,82,461.78
2025-03-25,OUT-04,Morning,58,84,393.74
2025-03-25,OUT-04,Midday,40,54,399.96
2025-03-25,OUT-04,Evening,49,72,434.85
2025-03-26,OUT-04,Morning,60,86,401.6
2025-03-26,OUT-04,Midday,33,50,388.57
2025-03-26,OUT-04,Evening,50,75,453.31
2025-03-27,OUT-04,Morning,64,85,414.36
2025-03-27,OUT-04,Midday,47,68,477.89
2025-03-27,OUT-04,Evening,54,79,535.35
2025-03-28,OUT-04,Morning,65,93,445.73
2025-03-28,OUT-04,Midday,52,78,536.92
2025-03-28,OUT-04,Evening,63,91,601.57
2025-03-29,OUT-04,Morning,86,123,540.62
2025-03-29,OUT-04,Midday,62,89,621.59
2025-03-29,OUT-04,Evening,72,106,687.22
2025-03-30,OUT-04,Morning,65,88,455.55
2025-03-30,OUT-04,Midday,61,83,619.85
2025-03-30,OUT-04,Evening,76,107,672.72
2025-03-31,OUT-04,Morning,53,76,344.04
2025-03-31,OUT-04,Midday,33,46,355.25
2025-03-31,OUT-04,Evening,43,66,384.9
2025-04-01,OUT-04,Morning,58,78,356.86
2025-04-01,OUT-04,Midday,44,67,444.35
2025-04-01,OUT-04,Evening,52,75,453.81
2025-04-02,OUT-04,Morning,49,69,327.68
2025-04-02,OUT-04,Midday,34,52,409.84
2025-04-02,OUT-04,Evening,49,72,440.97
2025-04-03,OUT-04,Morning,61,90,394.9
2025-04-03,OUT-04,Midday,45,67,479.23
2025-04-03,OUT-04,Evening,53,75,525.81
2025-04-04,OUT-04,Morning,64,92,428.54
2025-04-04,OUT-04,Midday,47,66,489.5
2025-04-04,OUT-04,Evening,59,82,573.12
2025-04-05,OUT-04,Morning,71,103,428.48
2025-04-05,OUT-04,Midday,51,80,506.06
2025-04-05,OUT-04,Evening,55,87,460.9
2025-04-06,OUT-04,Morning,65,95,426.58
2025-04-06,OUT-04,Midday,49,73,540.55
2025-04-06,OUT-04,Evening,61,93,589.37
2025-04-07,OUT-04,Morning,57,85,399.12
2025-04-07,OUT-04,Midday,38,51,403.72
2025-04-07,OUT-04,Evening,44,64,424.17
2025-04-08,OUT-04,Morning,66,100,460.03
2025-04-08,OUT-04,Midday,52,77,553.4
2025-04-08,OUT-04,Evening,57,82,541.56
2025-04-09,OUT-04,Morning,54,82,354.84
2025-04-09,OUT-04,Midday,41,61,407.26
2025-04-09,OUT-04,Evening,51,76,468.22
2025-04-10,OUT-04,Morning,62,88,398.85
2025-04-10,OUT-04,Midday,46,65,461.92
2025-04-10,OUT-04,Evening,50,69,483.25
2025-04-11,OUT-04,Morning,82,114,552.87
2025-04-11,OUT-04,Midday,61,84,591.61
2025-04-11,OUT-04,Evening,72,97,695.98
2025-04-12,OUT-04,Morning,87,119,513.0
2025-04-12,OUT-04,Midday,48,72,536.87
2025-04-12,OUT-04,Evening,57,86,572.87
2025-04-13,OUT-04,Morning,73,105,479.71
2025-04-13,OUT-04,Midday,45,64,504.51
2025-04-13,OUT-04,Evening,62,95,569.91
2025-04-14,OUT-04,Morning,61,86,404.58
2025-04-14,OUT-04,Midday,41,59,416.68
2025-04-14,OUT-04,Evening,52,73,494.5
2025-04-15,OUT-04,Morning,45,67,306.98
2025-04-15,OUT-04,Midday,38,54,374.86
2025-04-15,OUT-04,Evening,33,49,348.5
2025-04-16,OUT-04,Morning,63,98,411.09
2025-04-16,OUT-04,Midday,44,62,446.48
2025-04-16,OUT-04,Evening,57,82,507.4
2025-04-17,OUT-04,Morning,63,91,398.37
2025-04-17,OUT-04,Midday,49,67,478.61
2025-04-17,OUT-04,Evening,51,77,478.82
2025-04-18,OUT-04,Morning,50,68,367.48
2025-04-18,OUT-04,Midday,46,65,446.59
2025-04-18,OUT-04,Evening,43,61,440.0
2025-04-19,OUT-04,Morning,102,153,622.18
2025-04-19,OUT-04,Midday,62,93,636.5
2025-04-19,OUT-04,Evening,76,113,650.95
2025-04-20,OUT-04,Morning,58,90,399.14
2025-04-20,OUT-04,Midday,40,56,425.1
2025-04-20,OUT-04,Evening,56,81,481.83
2025-04-21,OUT-04,Morning,62,91,387.07
2025-04-21,OUT-04,Midday,46,67,501.97
2025-04-21,OUT-04,Evening,58,76,524.79
2025-04-22,OUT-04,Morning,66,93,466.11
2025-04-22,OUT-04,Midday,57,85,629.38
2025-04-22,OUT-04,Evening,61,89,580.03
2025-04-23,OUT-04,Morning,58,78,392.07
2025-04-23,OUT-04,Midday,40,58,400.3
2025-04-23,OUT-04,Evening,47,69,445.11
2025-04-24,OUT-04,Morning,61,91,390.06
2025-04-24,OUT-04,Midday,42,59,454.87
2025-04-24,OUT-04,Evening,47,72,417.91
2025-04-25,OUT-04,Morning,59,86,406.83
2025-04-25,OUT-04,Midday,45,64,466.67
2025-04-25,OUT-04,Evening,52,81,467.69
2025-04-26,OUT-04,Morning,88,140,553.65
2025-04-26,OUT-04,Midday,55,84,628.84
2025-04-26,OUT-04,Evening,68,100,630.48
2025-04-27,OUT-04,Morning,62,95,420.44
2025-04-27,OUT-04,Midday,54,82,565.75
2025-04-27,OUT-04,Evening,59,88,536.04
2025-04-28,OUT-04,Morning,47,67,321.91
2025-04-28,OUT-04,Midday,34,47,352.65
2025-04-28,OUT-04,Evening,43,62,379.27
2025-04-29,OUT-04,Morning,46,69,319.52
2025-04-29,OUT-04,Midday,36,56,370.93
2025-04-29,OUT-04,Evening,39,58,350.72
2025-04-30,OUT-04,Morning,60,82,390.5
2025-04-30,OUT-04,Midday,44,63,457.76
2025-04-30,OUT-04,Evening,53,72,495.57
2025-05-01,OUT-04,Morning,43,64,270.12
2025-05-01,OUT-04,Midday,27,39,291.53
2025-05-01,OUT-04,Evening,35,50,316.74
2025-05-02,OUT-04,Morning,71,102,498.27
2025-05-02,OUT-04,Midday,52,76,563.27
2025-05-02,OUT-04,Evening,57,81,548.48
2025-05-03,OUT-04,Morning,78,113,512.94
2025-05-03,OUT-04,Midday,61,94,651.72
2025-05-03,OUT-04,Evening,71,102,639.64
2025-05-04,OUT-04,Morning,83,126,492.43
2025-05-04,OUT-04,Midday,51,69,564.98
2025-05-04,OUT-04,Evening,72,107,619.65
2025-05-05,OUT-04,Morning,50,71,376.99
2025-05-05,OUT-04,Midday,43,67,481.93
2025-05-05,OUT-04,Evening,55,82,502.26
2025-05-06,OUT-04,Morning,58,81,400.29
2025-05-06,OUT-04,Midday,46,67,475.86
2025-05-06,OUT-04,Evening,46,66,421.24
2025-05-07,OUT-04,Morning,62,91,415.54
2025-05-07,OUT-04,Midday,50,74,499.73
2025-05-07,OUT-04,Evening,53,78,482.68
2025-05-08,OUT-04,Morning,62,95,399.3
2025-05-08,OUT-04,Midday,40,59,449.03
2025-05-08,OUT-04,Evening,55,82,475.05
2025-05-09,OUT-04,Morning,76,114,511.06
2025-05-09,OUT-04,Midday,51,82,568.37
2025-05-09,OUT-04,Evening,57,85,577.2
2025-05-10,OUT-04,Morning,66,96,522.35
2025-05-10,OUT-04,Midday,61,96,622.55
2025-05-10,OUT-04,Evening,73,101,666.69
2025-05-11,OUT-04,Morning,79,127,509.12
2025-05-11,OUT-04,Midday,57,89,658.75
2025-05-11,OUT-04,Evening,73,118,697.17
2025-05-12,OUT-04,Morning,40,64,251.61
2025-05-12,OUT-04,Midday,27,38,276.97
2025-05-12,OUT-04,Evening,30,42,287.28
2025-05-13,OUT-04,Morning,48,69,294.73
2025-05-13,OUT-04,Midday,34,48,362.55
2025-05-13,OUT-04,Evening,45,63,405.15
2025-05-14,OUT-04,Morning,53,78,349.83
2025-05-14,OUT-04,Midday,37,53,390.34
2025-05-14,OUT-04,Evening,57,83,501.82
2025-05-15,OUT-04,Morning,51,69,315.19
2025-05-15,OUT-04,Midday,37,55,379.5
2025-05-15,OUT-04,Evening,37,50,358.97
2025-05-16,OUT-04,Morning,61,80,400.36
2025-05-16,OUT-04,Midday,45,68,484.28
2025-05-16,OUT-04,Evening,55,73,522.57
2025-05-17,OUT-04,Morning,68,97,495.25
2025-05-17,OUT-04,Midday,54,77,570.38
2025-05-17,OUT-04,Evening,70,103,650.26
2025-05-18,OUT-04,Morning,61,83,350.18
2025-05-18,OUT-04,Midday,45,67,436.32
2025-05-18,OUT-04,Evening,45,66,439.27
2025-05-19,OUT-04,Morning,57,79,379.09
2025-05-19,OUT-04,Midday,42,58,444.27
2025-05-19,OUT-04,Evening,41,62,436.07
2025-05-20,OUT-04,Morning,73,103,441.37
2025-05-20,OUT-04,Midday,42,58,444.49
2025-05-20,OUT-04,Evening,48,72,455.66
2025-05-21,OUT-04,Morning,51,76,328.75
2025-05-21,OUT-04,Midday,36,53,363.44
2025-05-21,OUT-04,Evening,47,71,415.87
2025-05-22,OUT-04,Morning,54,83,378.9
2025-05-22,OUT-04,Midday,34,48,417.21
2025-05-22,OUT-04,Evening,56,87,484.07
2025-05-23,OUT-04,Morning,75,106,548.02
2025-05-23,OUT-04,Midday,57,90,623.09
2025-05-23,OUT-04,Evening,70,101,640.27
2025-05-24,OUT-04,Morning,79,123,495.87
2025-05-24,OUT-04,Midday,52,78,528.69
2025-05-24,OUT-04,Evening,59,83,549.85
2025-05-25,OUT-04,Morning,92,134,575.04
2025-05-25,OUT-04,Midday,48,70,528.79
2025-05-25,OUT-04,Evening,71,104,664.3
2025-05-26,OUT-04,Morning,60,86,364.17
2025-05-26,OUT-04,Midday,39,53,427.59
2025-05-26,OUT-04,Evening,49,68,481.84
2025-05-27,OUT-04,Morning,57,82,376.83
2025-05-27,OUT-04,Midday,35,50,382.25
2025-05-27,OUT-04,Evening,49,71,429.82
2025-05-28,OUT-04,Morning,71,105,478.13
2025-05-28,OUT-04,Midday,48,70,489.64
2025-05-28,OUT-04,Evening,66,89,559.55
2025-05-29,OUT-04,Morning,62,89,385.91
2025-05-29,OUT-04,Midday,36,54,413.95
2025-05-29,OUT-04,Evening,48,72,459.58
2025-05-30,OUT-04,Morning,89,133,585.61
2025-05-30,OUT-04,Midday,70,100,727.53
2025-05-30,OUT-04,Evening,71,107,686.25
2025-05-31,OUT-04,Morning,80,106,494.48
2025-05-31,OUT-04,Midday,50,73,517.66
2025-05-31,OUT-04,Evening,55,84,513.79
2025-06-01,OUT-04,Morning,75,106,478.6
2025-06-01,OUT-04,Midday,57,82,608.41
2025-06-01,OUT-04,Evening,69,96,613.92
2025-06-02,OUT-04,Morning,59,92,357.44
2025-06-02,OUT-04,Midday,41,59,424.62
2025-06-02,OUT-04,Evening,48,70,434.69
2025-06-03,OUT-04,Morning,50,69,310.23
2025-06-03,OUT-04,Midday,31,46,304.36
2025-06-03,OUT-04,Evening,39,57,373.33
2025-06-04,OUT-04,Morning,76,110,482.78
2025-06-04,OUT-04,Midday,44,64,465.09
2025-06-04,OUT-04,Evening,65,88,582.21
2025-06-05,OUT-04,Morning,67,100,407.81
2025-06-05,OUT-04,Midday,51,70,510.46
2025-06-05,OUT-04,Evening,59,87,528.62
2025-06-06,OUT-04,Morning,80,111,547.73
2025-06-06,OUT-04,Midday,52,74,562.8
2025-06-06,OUT-04,Evening,65,89,638.06
2025-06-07,OUT-04,Morning,59,82,409.37
2025-06-07,OUT-04,Midday,45,63,445.45
2025-06-07,OUT-04,Evening,54,78,501.9
2025-06-08,OUT-04,Morning,62,95,422.72
2025-06-08,OUT-04,Midday,41,57,498.4
2025-06-08,OUT-04,Evening,60,83,544.23
2025-06-09,OUT-04,Morning,71,99,450.21
2025-06-09,OUT-04,Midday,50,71,504.82
2025-06-09,OUT-04,Evening,51,74,469.85
2025-06-10,OUT-04,Morning,53,73,343.5
2025-06-10,OUT-04,Midday,43,67,442.68
2025-06-10,OUT-04,Evening,50,69,472.76
2025-06-11,OUT-04,Morning,55,82,377.33
2025-06-11,OUT-04,Midday,43,60,472.45
2025-06-11,OUT-04,Evening,54,77,465.34
2025-06-12,OUT-04,Morning,63,95,411.46
2025-06-12,OUT-04,Midday,43,67,486.14
2025-06-12,OUT-04,Evening,48,67,451.53
2025-06-13,OUT-04,Morning,83,125,522.63
2025-06-13,OUT-04,Midday,59,79,596.17
2025-06-13,OUT-04,Evening,65,92,621.32
2025-06-14,OUT-04,Morning,77,115,501.85
2025-06-14,OUT-04,Midday,51,73,562.34
2025-06-14,OUT-04,Evening,73,110,648.27
2025-06-15,OUT-04,Morning,78,112,464.28
2025-06-15,OUT-04,Midday,54,76,576.51
2025-06-15,OUT-04,Evening,53,76,490.3
2025-06-16,OUT-04,Morning,55,82,418.04
2025-06-16,OUT-04,Midday,46,67,507.5
2025-06-16,OUT-04,Evening,61,89,579.18
2025-06-17,OUT-04,Morning,59,82,373.49
2025-06-17,OUT-04,Midday,46,67,527.9
2025-06-17,OUT-04,Evening,61,88,585.11
2025-06-18,OUT-04,Morning,60,90,393.14
2025-06-18,OUT-04,Midday,42,61,446.58
2025-06-18,OUT-04,Evening,50,75,446.29
2025-06-19,OUT-04,Morning,75,101,469.38
2025-06-19,OUT-04,Midday,39,54,417.46
2025-06-19,OUT-04,Evening,50,71,467.39
2025-06-20,OUT-04,Morning,67,94,467.99
2025-06-20,OUT-04,Midday,49,68,532.82
2025-06-20,OUT-04,Evening,69,94,587.54
2025-06-21,OUT-04,Morning,75,109,494.44
2025-06-21,OUT-04,Midday,61,86,600.36
2025-06-21,OUT-04,Evening,59,84,568.38
2025-06-22,OUT-04,Morning,63,92,439.45
2025-06-22,OUT-04,Midday,51,79,545.08
2025-06-22,OUT-04,Evening,61,86,595.04
2025-06-23,OUT-04,Morning,70,101,453.22
2025-06-23,OUT-04,Midday,45,69,466.62
2025-06-23,OUT-04,Evening,60,91,568.43
2025-06-24,OUT-04,Morning,63,95,416.64
2025-06-24,OUT-04,Midday,43,66,442.11
2025-06-24,OUT-04,Evening,51,72,476.54
2025-06-25,OUT-04,Morning,60,90,401.77
2025-06-25,OUT-04,Midday,41,58,430.0
2025-06-25,OUT-04,Evening,57,84,495.36
2025-06-26,OUT-04,Morning,71,99,488.1
2025-06-26,OUT-04,Midday,50,68,529.96
2025-06-26,OUT-04,Evening,53,76,521.9
2025-06-27,OUT-04,Morning,88,138,554.3
2025-06-27,OUT-04,Midday,56,84,590.99
2025-06-27,OUT-04,Evening,73,110,673.22
2025-06-28,OUT-04,Morning,65,96,443.37
2025-06-28,OUT-04,Midday,58,89,626.98
2025-06-28,OUT-04,Evening,66,98,552.38
2025-06-29,OUT-04,Morning,76,112,511.81
2025-06-29,OUT-04,Midday,54,76,588.18
2025-06-29,OUT-04,Evening,70,101,629.83
2025-06-30,OUT-04,Morning,68,103,455.32
2025-06-30,OUT-04,Midday,50,75,515.76
2025-06-30,OUT-04,Evening,66,91,619.51
2025-03-01,OUT-05,Morning,38,54,245.13
2025-03-01,OUT-05,Midday,26,40,293.82
2025-03-01,OUT-05,Evening,17,25,156.16
2025-03-02,OUT-05,Morning,38,55,251.1
2025-03-02,OUT-05,Midday,29,43,287.77
2025-03-02,OUT-05,Evening,18,27,158.4
2025-03-03,OUT-05,Morning,31,45,222.5
2025-03-03,OUT-05,Midday,23,33,243.35
2025-03-03,OUT-05,Evening,16,23,147.5
2025-03-04,OUT-05,Morning,31,46,198.2
2025-03-04,OUT-05,Midday,31,47,318.71
2025-03-04,OUT-05,Evening,16,24,151.18
2025-03-05,OUT-05,Morning,33,48,232.01
2025-03-05,OUT-05,Midday,27,41,290.58
2025-03-05,OUT-05,Evening,15,21,136.94
2025-03-06,OUT-05,Morning,38,52,253.5
2025-03-06,OUT-05,Midday,28,40,299.85
2025-03-06,OUT-05,Evening,17,26,159.09
2025-03-07,OUT-05,Morning,38,53,243.07
2025-03-07,OUT-05,Midday,29,43,294.89
2025-03-07,OUT-05,Evening,17,24,157.42
2025-03-08,OUT-05,Morning,38,53,240.04
2025-03-08,OUT-05,Midday,29,44,301.27
2025-03-08,OUT-05,Evening,21,32,190.76
2025-03-09,OUT-05,Morning,33,45,216.45
2025-03-09,OUT-05,Midday,26,36,260.8
2025-03-09,OUT-05,Evening,17,24,157.05
2025-03-10,OUT-05,Morning,31,42,217.58
2025-03-10,OUT-05,Midday,29,41,296.91
2025-03-10,OUT-05,Evening,15,21,151.31
2025-03-11,OUT-05,Morning,38,52,249.52
2025-03-11,OUT-05,Midday,34,48,316.29
2025-03-11,OUT-05,Evening,18,27,164.27
2025-03-12,OUT-05,Morning,31,47,208.47
2025-03-12,OUT-05,Midday,28,38,268.89
2025-03-12,OUT-05,Evening,18,28,158.73
2025-03-13,OUT-05,Morning,29,42,177.72
2025-03-13,OUT-05,Midday,20,31,220.85
2025-03-13,OUT-05,Evening,14,19,133.51
2025-03-14,OUT-05,Morning,38,52,244.7
2025-03-14,OUT-05,Midday,31,44,344.43
2025-03-14,OUT-05,Evening,19,29,177.69
2025-03-15,OUT-05,Morning,33,49,222.83
2025-03-15,OUT-05,Midday,26,38,283.95
2025-03-15,OUT-05,Evening,18,25,175.5
2025-03-16,OUT-05,Morning,37,52,235.27
2025-03-16,OUT-05,Midday,29,40,317.45
2025-03-16,OUT-05,Evening,17,24,148.97
2025-03-17,OUT-05,Morning,35,52,241.96
2025-03-17,OUT-05,Midday,26,37,275.92
2025-03-17,OUT-05,Evening,13,19,137.14
2025-03-18,OUT-05,Morning,27,42,191.77
2025-03-18,OUT-05,Midday,22,34,223.58
2025-03-18,OUT-05,Evening,15,22,135.94
2025-03-19,OUT-05,Morning,43,60,273.41
2025-03-19,OUT-05,Midday,38,55,385.71
2025-03-19,OUT-05,Evening,19,26,161.17
2025-03-20,OUT-05,Morning,37,54,245.54
2025-03-20,OUT-05,Midday,33,45,316.71
2025-03-20,OUT-05,Evening,22,33,193.84
2025-03-21,OUT-05,Morning,38,55,261.01
2025-03-21,OUT-05,Midday,27,38,295.24
2025-03-21,OUT-05,Evening,18,27,165.63
2025-03-22,OUT-05,Morning,30,43,206.32
2025-03-22,OUT-05,Midday,23,31,266.22
2025-03-22,OUT-05,Evening,19,27,160.53
2025-03-23,OUT-05,Morning,36,50,222.07
2025-03-23,OUT-05,Midday,25,38,262.27
2025-03-23,OUT-05,Evening,15,23,139.78
2025-03-24,OUT-05,Morning,29,42,191.93
2025-03-24,OUT-05,Midday,26,38,258.22
2025-03-24,OUT-05,Evening,16,24,139.35
2025-03-25,OUT-05,Morning,27,43,171.96
2025-03-25,OUT-05,Midday,17,24,181.11
2025-03-25,OUT-05,Evening,12,17,115.31
2025-03-26,OUT-05,Morning,34,49,214.61
2025-03-26,OUT-05,Midday,25,35,255.62
2025-03-26,OUT-05,Evening,15,21,140.03
2025-03-27,OUT-05,Morning,38,53,245.24
2025-03-27,OUT-05,Midday,35,50,335.12
2025-03-27,OUT-05,Evening,18,25,168.16
2025-03-28,OUT-05,Morning,30,40,202.64
2025-03-28,OUT-05,Midday,24,37,279.29
2025-03-28,OUT-05,Evening,16,23,148.02
2025-03-29,OUT-05,Morning,39,57,253.85
2025-03-29,OUT-05,Midday,28,40,289.82
2025-03-29,OUT-05,Evening,19,28,167.1
2025-03-30,OUT-05,Morning,38,57,237.91
2025-03-30,OUT-05,Midday,27,39,277.2
2025-03-30,OUT-05,Evening,20,31,178.0
2025-03-31,OUT-05,Morning,23,31,154.12
2025-03-31,OUT-05,Midday,17,25,184.67
2025-03-31,OUT-05,Evening,14,20,119.59
2025-04-01,OUT-05,Morning,41,57,269.11
2025-04-01,OUT-05,Midday,22,32,229.36
2025-04-01,OUT-05,Evening,19,28,173.25
2025-04-02,OUT-05,Morning,29,42,195.32
2025-04-02,OUT-05,Midday,28,39,273.09
2025-04-02,OUT-05,Evening,16,23,151.71
2025-04-03,OUT-05,Morning,33,46,227.27
2025-04-03,OUT-05,Midday,25,35,254.31
2025-04-03,OUT-05,Evening,20,30,167.79
2025-04-04,OUT-05,Morning,35,53,240.93
2025-04-04,OUT-05,Midday,27,40,265.76
2025-04-04,OUT-05,Evening,17,24,159.64
2025-04-05,OUT-05,Morning,33,46,215.89
2025-04-05,OUT-05,Midday,30,43,313.7
2025-04-05,OUT-05,Evening,18,25,153.89
2025-04-06,OUT-05,Morning,37,54,235.19
2025-04-06,OUT-05,Midday,30,43,331.33
2025-04-06,OUT-05,Evening,19,29,182.5
2025-04-07,OUT-05,Morning,34,49,206.89
2025-04-07,OUT-05,Midday,25,36,275.64
2025-04-07,OUT-05,Evening,15,21,138.67
2025-04-08,OUT-05,Morning,39,58,246.91
2025-04-08,OUT-05,Midday,27,37,302.01
2025-04-08,OUT-05,Evening,18,27,157.31
2025-04-09,OUT-05,Morning,39,52,234.62
2025-04-09,OUT-05,Midday,20,29,244.7
2025-04-09,OUT-05,Evening,15,21,142.49
2025-04-10,OUT-05,Morning,31,50,207.27
2025-04-10,OUT-05,Midday,26,38,268.54
2025-04-10,OUT-05,Evening,17,25,149.37
2025-04-11,OUT-05,Morning,36,55,233.06
2025-04-11,OUT-05,Midday,33,46,322.39
2025-04-11,OUT-05,Evening,17,26,173.85
2025-04-12,OUT-05,Morning,31,46,221.67
2025-04-12,OUT-05,Midday,29,43,289.58
2025-04-12,OUT-05,Evening,17,23,160.56
2025-04-13,OUT-05,Morning,37,53,248.38
2025-04-13,OUT-05,Midday,23,33,244.96
2025-04-13,OUT-05,Evening,15,21,137.62
2025-04-14,OUT-05,Morning,29,38,187.68
2025-04-14,OUT-05,Midday,22,32,239.77
2025-04-14,OUT-05,Evening,13,18,124.91
2025-04-15,OUT-05,Morning,33,51,217.73
2025-04-15,OUT-05,Midday,32,42,313.53
2025-04-15,OUT-05,Evening,24,33,207.76
2025-04-16,OUT-05,Morning,38,53,248.26
2025-04-16,OUT-05,Midday,26,41,263.28
2025-04-16,OUT-05,Evening,19,27,165.51
2025-04-17,OUT-05,Morning,27,40,184.69
2025-04-17,OUT-05,Midday,23,33,246.07
2025-04-17,OUT-05,Evening,14,20,135.05
2025-04-18,OUT-05,Morning,26,37,163.04
2025-04-18,OUT-05,Midday,17,25,181.96
2025-04-18,OUT-05,Evening,14,22,122.13
2025-04-19,OUT-05,Morning,33,48,214.55
2025-04-19,OUT-05,Midday,21,31,240.69
2025-04-19,OUT-05,Evening,15,24,147.35
2025-04-20,OUT-05,Morning,35,53,223.36
2025-04-20,OUT-05,Midday,29,39,300.38
2025-04-20,OUT-05,Evening,17,25,151.34
2025-04-21,OUT-05,Morning,28,41,179.78
2025-04-21,OUT-05,Midday,23,33,251.01
2025-04-21,OUT-05,Evening,15,20,135.24
2025-04-22,OUT-05,Morning,36,55,243.6
2025-04-22,OUT-05,Midday,29,44,295.27
2025-04-22,OUT-05,Evening,20,29,180.62
2025-04-23,OUT-05,Morning,25,38,162.42
2025-04-23,OUT-05,Midday,18,27,197.57
2025-04-23,OUT-05,Evening,11,16,108.35
2025-04-24,OUT-05,Morning,33,45,228.45
2025-04-24,OUT-05,Midday,28,41,295.37
2025-04-24,OUT-05,Evening,16,23,161.52
2025-04-25,OUT-05,Morning,40,58,273.48
2025-04-25,OUT-05,Midday,31,43,352.21
2025-04-25,OUT-05,Evening,21,31,197.65
2025-04-26,OUT-05,Morning,47,70,339.43
2025-04-26,OUT-05,Midday,41,57,383.22
2025-04-26,OUT-05,Evening,25,37,238.23
2025-04-27,OUT-05,Morning,36,51,223.8
2025-04-27,OUT-05,Midday,29,40,300.38
2025-04-27,OUT-05,Evening,18,26,160.95
2025-04-28,OUT-05,Morning,29,42,179.42
2025-04-28,OUT-05,Midday,20,29,224.85
2025-04-28,OUT-05,Evening,12,17,115.66
2025-04-29,OUT-05,Morning,27,39,185.0
2025-04-29,OUT-05,Midday,26,36,256.73
2025-04-29,OUT-05,Evening,18,26,153.59
2025-04-30,OUT-05,Morning,35,52,228.8
2025-04-30,OUT-05,Midday,27,39,276.51
2025-04-30,OUT-05,Evening,16,22,140.73
2025-05-01,OUT-05,Morning,26,37,177.78
2025-05-01,OUT-05,Midday,20,31,198.34
2025-05-01,OUT-05,Evening,11,17,108.11
2025-05-02,OUT-05,Morning,34,50,231.17
2025-05-02,OUT-05,Midday,29,42,276.25
2025-05-02,OUT-05,Evening,19,27,173.12
2025-05-03,OUT-05,Morning,42,61,253.15
2025-05-03,OUT-05,Midday,28,40,316.51
2025-05-03,OUT-05,Evening,21,29,196.03
2025-05-04,OUT-05,Morning,37,54,242.96
2025-05-04,OUT-05,Midday,30,43,316.44
2025-05-04,OUT-05,Evening,19,28,173.6
2025-05-05,OUT-05,Morning,44,61,284.32
2025-05-05,OUT-05,Midday,27,40,282.6
2025-05-05,OUT-05,Evening,21,29,171.21
2025-05-06,OUT-05,Morning,33,47,238.82
2025-05-06,OUT-05,Midday,30,46,321.99
2025-05-06,OUT-05,Evening,16,24,161.34
2025-05-07,OUT-05,Morning,42,59,287.71
2025-05-07,OUT-05,Midday,36,53,359.83
2025-05-07,OUT-05,Evening,20,30,191.14
2025-05-08,OUT-05,Morning,35,52,231.46
2025-05-08,OUT-05,Midday,24,34,273.41
2025-05-08,OUT-05,Evening,14,18,159.26
2025-05-09,OUT-05,Morning,34,47,239.58
2025-05-09,OUT-05,Midday,38,56,395.1
2025-05-09,OUT-05,Evening,22,32,205.31
2025-05-10,OUT-05,Morning,40,56,270.51
2025-05-10,OUT-05,Midday,30,46,324.01
2025-05-10,OUT-05,Evening,18,25,179.65
2025-05-11,OUT-05,Morning,39,55,237.94
2025-05-11,OUT-05,Midday,32,47,327.2
2025-05-11,OUT-05,Evening,16,23,162.76
2025-05-12,OUT-05,Morning,20,28,138.82
2025-05-12,OUT-05,Midday,16,22,177.02
2025-05-12,OUT-05,Evening,13,19,110.15
2025-05-13,OUT-05,Morning,32,46,211.38
2025-05-13,OUT-05,Midday,29,41,298.19
2025-05-13,OUT-05,Evening,19,28,167.0
2025-05-14,OUT-05,Morning,33,47,222.09
2025-05-14,OUT-05,Midday,27,39,309.35
2025-05-14,OUT-05,Evening,18,26,170.76
2025-05-15,OUT-05,Morning,36,53,240.78
2025-05-15,OUT-05,Midday,28,41,312.23
2025-05-15,OUT-05,Evening,17,26,167.52
2025-05-16,OUT-05,Morning,37,52,256.72
2025-05-16,OUT-05,Midday,29,40,310.76
2025-05-16,OUT-05,Evening,15,21,141.96
2025-05-17,OUT-05,Morning,32,47,194.07
2025-05-17,OUT-05,Midday,28,39,272.32
2025-05-17,OUT-05,Evening,17,24,150.24
2025-05-18,OUT-05,Morning,39,55,250.57
2025-05-18,OUT-05,Midday,25,38,278.16
2025-05-18,OUT-05,Evening,16,23,149.61
2025-05-19,OUT-05,Morning,30,42,194.43
2025-05-19,OUT-05,Midday,26,34,300.53
2025-05-19,OUT-05,Evening,18,27,168.29
2025-05-20,OUT-05,Morning,30,41,199.5
2025-05-20,OUT-05,Midday,26,38,272.12
2025-05-20,OUT-05,Evening,19,28,163.14
2025-05-21,OUT-05,Morning,39,54,248.42
2025-05-21,OUT-05,Midday,25,38,275.88
2025-05-21,OUT-05,Evening,22,33,186.91
2025-05-22,OUT-05,Morning,41,58,257.68
2025-05-22,OUT-05,Midday,28,40,294.59
2025-05-22,OUT-05,Evening,18,27,160.74
2025-05-23,OUT-05,Morning,35,49,220.84
2025-05-23,OUT-05,Midday,36,50,378.45
2025-05-23,OUT-05,Evening,21,30,199.42
2025-05-24,OUT-05,Morning,36,53,235.0
2025-05-24,OUT-05,Midday,28,41,287.43
2025-05-24,OUT-05,Evening,19,28,183.57
2025-05-25,OUT-05,Morning,27,36,178.98
2025-05-25,OUT-05,Midday,25,38,252.16
2025-05-25,OUT-05,Evening,14,19,138.51
2025-05-26,OUT-05,Morning,35,50,239.86
2025-05-26,OUT-05,Midday,26,38,282.92
2025-05-26,OUT-05,Evening,17,26,155.24
2025-05-27,OUT-05,Morning,36,52,223.35
2025-05-27,OUT-05,Midday,23,31,224.05
2025-05-27,OUT-05,Evening,15,21,136.4
2025-05-28,OUT-05,Morning,31,43,198.41
2025-05-28,OUT-05,Midday,25,36,249.47
2025-05-28,OUT-05,Evening,15,22,135.68
2025-05-29,OUT-05,Morning,27,37,192.75
2025-05-29,OUT-05,Midday,28,42,288.78
2025-05-29,OUT-05,Evening,17,24,152.8
2025-05-30,OUT-05,Morning,37,54,235.45
2025-05-30,OUT-05,Midday,27,40,282.34
2025-05-30,OUT-05,Evening,17,26,168.19
2025-05-31,OUT-05,Morning,45,65,281.58
2025-05-31,OUT-05,Midday,30,46,307.21
2025-05-31,OUT-05,Evening,17,25,171.72
