txn_id,txn_datetime,outlet_id,daypart,category,items,amount_sgd,payment_method
T502810,2025-06-16 07:00,OUT-03,Morning,Pastry,1,4.84,PayNow
T502747,2025-06-16 07:00,OUT-03,Morning,Coffee,1,5.71,Card
T501542,2025-06-16 07:01,OUT-02,Morning,Coffee,1,6.81,PayNow
T500019,2025-06-16 07:01,OUT-01,Morning,Pastry,1,4.83,Card
T502827,2025-06-16 07:01,OUT-03,Morning,Coffee,1,4.97,Cash
T503720,2025-06-16 07:02,OUT-04,Morning,Pastry,1,5.65,Card
T500132,2025-06-16 07:04,OUT-01,Morning,Beans (retail),1,23.92,Card
T501499,2025-06-16 07:06,OUT-02,Morning,Coffee,1,7.24,Card
T500068,2025-06-16 07:07,OUT-01,Morning,Coffee,1,5.57,Wallet
T500065,2025-06-16 07:08,OUT-01,Morning,Coffee,1,6.53,Card
T501498,2025-06-16 07:08,OUT-02,Morning,Coffee,1,4.94,PayNow
T501532,2025-06-16 07:08,OUT-02,Morning,Coffee,1,6.55,PayNow
T500156,2025-06-16 07:09,OUT-01,Morning,Pastry,1,5.7,PayNow
T500118,2025-06-16 07:09,OUT-01,Morning,Coffee,1,7.05,Wallet
T502774,2025-06-16 07:10,OUT-03,Morning,Coffee,1,5.52,Cash
T500083,2025-06-16 07:10,OUT-01,Morning,Pastry,1,4.81,Card
T500102,2025-06-16 07:10,OUT-01,Morning,Pastry,1,4.57,PayNow
T501543,2025-06-16 07:12,OUT-02,Morning,Pastry,1,6.69,PayNow
T501504,2025-06-16 07:12,OUT-02,Morning,Pastry,1,3.7,PayNow
T502761,2025-06-16 07:13,OUT-03,Morning,Coffee,1,9.22,Card
T503755,2025-06-16 07:13,OUT-04,Morning,Pastry,1,5.04,Card
T502779,2025-06-16 07:13,OUT-03,Morning,Pastry,1,6.25,PayNow
T500036,2025-06-16 07:13,OUT-01,Morning,Coffee,1,4.85,PayNow
T503752,2025-06-16 07:16,OUT-04,Morning,Coffee,1,8.76,Cash
T500007,2025-06-16 07:16,OUT-01,Morning,Coffee,1,6.97,Wallet
T502776,2025-06-16 07:17,OUT-03,Morning,Coffee,1,6.9,PayNow
T500073,2025-06-16 07:17,OUT-01,Morning,Pastry,1,5.67,PayNow
T501510,2025-06-16 07:17,OUT-02,Morning,Coffee,1,6.65,PayNow
T500079,2025-06-16 07:18,OUT-01,Morning,Pastry,1,5.84,PayNow
T500035,2025-06-16 07:18,OUT-01,Morning,Beans (retail),1,25.18,PayNow
T502766,2025-06-16 07:18,OUT-03,Morning,Tea,1,5.0,PayNow
T500051,2025-06-16 07:19,OUT-01,Morning,Coffee,1,6.24,PayNow
T500141,2025-06-16 07:19,OUT-01,Morning,Tea,1,4.11,Card
T500133,2025-06-16 07:19,OUT-01,Morning,Coffee,1,6.07,Card
T500130,2025-06-16 07:19,OUT-01,Morning,Coffee,1,7.06,PayNow
T502745,2025-06-16 07:19,OUT-03,Morning,Tea,1,5.84,Card
T500107,2025-06-16 07:19,OUT-01,Morning,Pastry,1,4.55,Card
T502796,2025-06-16 07:20,OUT-03,Morning,Coffee,1,6.94,Card
T501548,2025-06-16 07:21,OUT-02,Morning,Pastry,1,5.34,Card
T502818,2025-06-16 07:25,OUT-03,Morning,Coffee,1,6.18,Card
T500127,2025-06-16 07:25,OUT-01,Morning,Beans (retail),1,19.94,PayNow
T502789,2025-06-16 07:26,OUT-03,Morning,Coffee,1,6.58,PayNow
T503739,2025-06-16 07:26,OUT-04,Morning,Coffee,2,10.23,Cash
T502822,2025-06-16 07:27,OUT-03,Morning,Pastry,1,4.49,PayNow
T500030,2025-06-16 07:27,OUT-01,Morning,Coffee,1,6.59,Card
T500085,2025-06-16 07:28,OUT-01,Morning,Coffee,1,6.21,Cash
T501518,2025-06-16 07:28,OUT-02,Morning,Pastry,1,3.72,Card
T500020,2025-06-16 07:30,OUT-01,Morning,Tea,1,4.75,Card
T502767,2025-06-16 07:30,OUT-03,Morning,Pastry,1,6.87,Card
T500128,2025-06-16 07:31,OUT-01,Morning,Pastry,1,4.66,PayNow
T502820,2025-06-16 07:31,OUT-03,Morning,Beans (retail),1,24.29,Card
T500134,2025-06-16 07:32,OUT-01,Morning,Coffee,1,5.79,Card
T502798,2025-06-16 07:32,OUT-03,Morning,Coffee,1,5.3,PayNow
T500122,2025-06-16 07:33,OUT-01,Morning,Coffee,1,6.8,PayNow
T500135,2025-06-16 07:33,OUT-01,Morning,Food,1,14.09,PayNow
T502797,2025-06-16 07:33,OUT-03,Morning,Coffee,1,6.4,Card
T501502,2025-06-16 07:33,OUT-02,Morning,Coffee,1,7.5,Card
T500039,2025-06-16 07:34,OUT-01,Morning,Coffee,1,4.83,Wallet
T500006,2025-06-16 07:34,OUT-01,Morning,Pastry,1,7.59,PayNow
T500144,2025-06-16 07:34,OUT-01,Morning,Pastry,1,4.91,Wallet
T500081,2025-06-16 07:35,OUT-01,Morning,Coffee,1,7.4,Cash
T503723,2025-06-16 07:35,OUT-04,Morning,Tea,1,6.97,PayNow
T500038,2025-06-16 07:35,OUT-01,Morning,Coffee,1,5.63,PayNow
T500082,2025-06-16 07:35,OUT-01,Morning,Coffee,1,7.3,Card
T501497,2025-06-16 07:35,OUT-02,Morning,Coffee,1,5.58,PayNow
T503736,2025-06-16 07:38,OUT-04,Morning,Coffee,1,6.08,Wallet
T503744,2025-06-16 07:38,OUT-04,Morning,Tea,1,6.36,PayNow
T500119,2025-06-16 07:38,OUT-01,Morning,Coffee,1,6.9,Wallet
T500150,2025-06-16 07:39,OUT-01,Morning,Pastry,1,3.52,PayNow
T502755,2025-06-16 07:39,OUT-03,Morning,Coffee,1,6.11,Cash
T501544,2025-06-16 07:39,OUT-02,Morning,Coffee,1,5.53,Card
T501495,2025-06-16 07:40,OUT-02,Morning,Food,1,13.82,Card
T502795,2025-06-16 07:40,OUT-03,Morning,Coffee,1,6.22,Card
T501534,2025-06-16 07:41,OUT-02,Morning,Coffee,1,5.36,Wallet
T500129,2025-06-16 07:42,OUT-01,Morning,Pastry,1,4.62,Wallet
T500106,2025-06-16 07:42,OUT-01,Morning,Food,1,16.82,Card
T500025,2025-06-16 07:42,OUT-01,Morning,Tea,1,6.11,PayNow
T500055,2025-06-16 07:42,OUT-01,Morning,Coffee,1,7.23,Card
T500053,2025-06-16 07:44,OUT-01,Morning,Coffee,1,5.06,Card
T502751,2025-06-16 07:44,OUT-03,Morning,Coffee,1,6.63,PayNow
T500056,2025-06-16 07:44,OUT-01,Morning,Pastry,1,4.73,PayNow
T503746,2025-06-16 07:46,OUT-04,Morning,Pastry,1,5.73,Card
T503727,2025-06-16 07:46,OUT-04,Morning,Pastry,1,6.02,Wallet
T502762,2025-06-16 07:47,OUT-03,Morning,Coffee,1,5.77,PayNow
T500105,2025-06-16 07:47,OUT-01,Morning,Coffee,1,5.06,Card
T500060,2025-06-16 07:47,OUT-01,Morning,Coffee,1,5.2,Card
T503738,2025-06-16 07:49,OUT-04,Morning,Coffee,1,6.93,Card
T500142,2025-06-16 07:50,OUT-01,Morning,Coffee,1,5.9,Card
T500092,2025-06-16 07:50,OUT-01,Morning,Tea,1,5.37,Card
T502771,2025-06-16 07:51,OUT-03,Morning,Tea,1,4.64,Card
T500024,2025-06-16 07:51,OUT-01,Morning,Coffee,1,6.35,Wallet
T500049,2025-06-16 07:51,OUT-01,Morning,Coffee,1,7.33,Card
T503758,2025-06-16 07:53,OUT-04,Morning,Coffee,1,8.72,Card
T503770,2025-06-16 07:53,OUT-04,Morning,Coffee,1,9.22,Wallet
T503751,2025-06-16 07:53,OUT-04,Morning,Tea,1,6.6,Wallet
T500139,2025-06-16 07:55,OUT-01,Morning,Pastry,1,4.81,PayNow
T500145,2025-06-16 07:55,OUT-01,Morning,Tea,1,5.63,Cash
T502782,2025-06-16 07:57,OUT-03,Morning,Coffee,1,3.49,Wallet
T500013,2025-06-16 07:58,OUT-01,Morning,Coffee,1,6.28,Wallet
T500112,2025-06-16 07:59,OUT-01,Morning,Coffee,1,6.44,PayNow
T500143,2025-06-16 07:59,OUT-01,Morning,Pastry,1,5.51,PayNow
T500029,2025-06-16 08:02,OUT-01,Morning,Coffee,1,5.02,Wallet
T502816,2025-06-16 08:03,OUT-03,Morning,Coffee,1,6.97,Wallet
T501545,2025-06-16 08:03,OUT-02,Morning,Pastry,1,5.75,Card
T503725,2025-06-16 08:04,OUT-04,Morning,Coffee,1,6.07,Card
T501493,2025-06-16 08:05,OUT-02,Morning,Coffee,1,7.27,Cash
T503730,2025-06-16 08:05,OUT-04,Morning,Tea,1,4.18,Wallet
T500121,2025-06-16 08:06,OUT-01,Morning,Coffee,1,5.7,Card
T500096,2025-06-16 08:10,OUT-01,Morning,Pastry,1,2.71,Card
T501530,2025-06-16 08:10,OUT-02,Morning,Coffee,1,6.17,Card
T502826,2025-06-16 08:12,OUT-03,Morning,Coffee,1,5.36,Card
T502829,2025-06-16 08:12,OUT-03,Morning,Pastry,1,6.57,PayNow
T500115,2025-06-16 08:13,OUT-01,Morning,Coffee,1,6.46,Wallet
T501546,2025-06-16 08:14,OUT-02,Morning,Coffee,1,6.07,PayNow
T500072,2025-06-16 08:14,OUT-01,Morning,Pastry,1,6.66,Wallet
T502808,2025-06-16 08:15,OUT-03,Morning,Coffee,1,6.18,PayNow
T500088,2025-06-16 08:16,OUT-01,Morning,Pastry,1,6.15,Cash
T500152,2025-06-16 08:18,OUT-01,Morning,Tea,1,4.86,Wallet
T503768,2025-06-16 08:18,OUT-04,Morning,Coffee,1,8.37,Cash
T503718,2025-06-16 08:18,OUT-04,Morning,Coffee,1,8.47,PayNow
T500155,2025-06-16 08:20,OUT-01,Morning,Pastry,1,3.94,PayNow
T500063,2025-06-16 08:20,OUT-01,Morning,Coffee,1,5.78,Wallet
T500062,2025-06-16 08:20,OUT-01,Morning,Tea,1,4.98,Card
T500044,2025-06-16 08:23,OUT-01,Morning,Pastry,1,5.06,Wallet
T503731,2025-06-16 08:24,OUT-04,Morning,Coffee,1,7.27,Wallet
T500149,2025-06-16 08:25,OUT-01,Morning,Pastry,1,5.39,Cash
T501536,2025-06-16 08:26,OUT-02,Morning,Coffee,1,4.85,Wallet
T500099,2025-06-16 08:26,OUT-01,Morning,Food,1,16.71,Cash
T502809,2025-06-16 08:26,OUT-03,Morning,Pastry,1,4.93,PayNow
T500026,2025-06-16 08:28,OUT-01,Morning,Beans (retail),1,30.93,Card
T501527,2025-06-16 08:28,OUT-02,Morning,Coffee,1,6.18,PayNow
T502780,2025-06-16 08:29,OUT-03,Morning,Coffee,1,6.5,PayNow
T503749,2025-06-16 08:29,OUT-04,Morning,Coffee,1,9.5,Wallet
T503721,2025-06-16 08:33,OUT-04,Morning,Pastry,1,4.19,Card
T501529,2025-06-16 08:33,OUT-02,Morning,Coffee,1,5.78,PayNow
T500045,2025-06-16 08:36,OUT-01,Morning,Beans (retail),1,17.16,PayNow
T503761,2025-06-16 08:36,OUT-04,Morning,Pastry,1,7.3,Cash
T502830,2025-06-16 08:37,OUT-03,Morning,Coffee,1,4.12,Wallet
T502823,2025-06-16 08:37,OUT-03,Morning,Pastry,1,6.58,Card
T500103,2025-06-16 08:38,OUT-01,Morning,Pastry,1,5.09,Wallet
T503760,2025-06-16 08:38,OUT-04,Morning,Coffee,1,8.67,Cash
T501519,2025-06-16 08:38,OUT-02,Morning,Coffee,1,5.53,Cash
T500091,2025-06-16 08:39,OUT-01,Morning,Tea,1,4.76,Cash
T500110,2025-06-16 08:39,OUT-01,Morning,Coffee,1,4.77,PayNow
T500147,2025-06-16 08:39,OUT-01,Morning,Pastry,1,5.92,PayNow
T501524,2025-06-16 08:40,OUT-02,Morning,Coffee,1,5.57,Card
T503732,2025-06-16 08:40,OUT-04,Morning,Coffee,1,9.33,Wallet
T500067,2025-06-16 08:40,OUT-01,Morning,Coffee,1,6.93,PayNow
T502812,2025-06-16 08:41,OUT-03,Morning,Pastry,1,5.04,PayNow
T502794,2025-06-16 08:41,OUT-03,Morning,Pastry,1,5.87,PayNow
T500005,2025-06-16 08:41,OUT-01,Morning,Coffee,1,6.78,Cash
T501533,2025-06-16 08:41,OUT-02,Morning,Coffee,1,7.16,Card
T502742,2025-06-16 08:42,OUT-03,Morning,Coffee,1,3.49,Card
T501547,2025-06-16 08:45,OUT-02,Morning,Pastry,1,5.48,Card
T503754,2025-06-16 08:46,OUT-04,Morning,Coffee,1,7.63,PayNow
T500037,2025-06-16 08:48,OUT-01,Morning,Pastry,1,4.8,PayNow
T500125,2025-06-16 08:48,OUT-01,Morning,Pastry,1,5.56,Card
T502772,2025-06-16 08:48,OUT-03,Morning,Pastry,1,5.08,Wallet
T500080,2025-06-16 08:49,OUT-01,Morning,Coffee,1,6.19,Cash
T500008,2025-06-16 08:49,OUT-01,Morning,Coffee,1,6.97,Cash
T502768,2025-06-16 08:50,OUT-03,Morning,Coffee,1,5.66,PayNow
T501535,2025-06-16 08:50,OUT-02,Morning,Pastry,1,5.09,PayNow
T500087,2025-06-16 08:50,OUT-01,Morning,Pastry,1,5.98,Card
T503745,2025-06-16 08:51,OUT-04,Morning,Coffee,1,6.41,PayNow
T502781,2025-06-16 08:52,OUT-03,Morning,Coffee,1,6.75,Wallet
T502770,2025-06-16 08:52,OUT-03,Morning,Coffee,1,5.43,Cash
T500047,2025-06-16 08:54,OUT-01,Morning,Food,1,9.3,PayNow
T500076,2025-06-16 08:55,OUT-01,Morning,Coffee,1,6.41,Wallet
T501513,2025-06-16 08:55,OUT-02,Morning,Tea,1,5.01,PayNow
T500137,2025-06-16 08:56,OUT-01,Morning,Tea,1,4.59,Wallet
T502813,2025-06-16 08:56,OUT-03,Morning,Coffee,1,6.53,Wallet
T500004,2025-06-16 08:56,OUT-01,Morning,Tea,1,7.06,Card
T500070,2025-06-16 08:56,OUT-01,Morning,Tea,1,5.01,PayNow
T500014,2025-06-16 08:56,OUT-01,Morning,Food,1,12.75,Card
T500123,2025-06-16 08:57,OUT-01,Morning,Coffee,1,6.42,Cash
T502769,2025-06-16 08:57,OUT-03,Morning,Tea,1,7.0,Card
T503763,2025-06-16 08:58,OUT-04,Morning,Coffee,2,10.64,Card
T502749,2025-06-16 08:58,OUT-03,Morning,Tea,1,5.34,Card
T500104,2025-06-16 08:58,OUT-01,Morning,Pastry,1,4.48,PayNow
T500157,2025-06-16 08:58,OUT-01,Morning,Tea,1,5.44,Card
T500124,2025-06-16 08:59,OUT-01,Morning,Coffee,1,8.92,Card
T500131,2025-06-16 08:59,OUT-01,Morning,Coffee,1,5.73,PayNow
T500089,2025-06-16 09:00,OUT-01,Morning,Beans (retail),1,18.06,Cash
T500077,2025-06-16 09:00,OUT-01,Morning,Pastry,1,3.24,Cash
T502752,2025-06-16 09:00,OUT-03,Morning,Coffee,1,5.87,Card
T500031,2025-06-16 09:00,OUT-01,Morning,Coffee,1,6.48,PayNow
T503772,2025-06-16 09:00,OUT-04,Morning,Tea,1,5.66,Wallet
T503764,2025-06-16 09:02,OUT-04,Morning,Coffee,2,9.68,Wallet
T501539,2025-06-16 09:02,OUT-02,Morning,Pastry,1,4.32,PayNow
T500117,2025-06-16 09:03,OUT-01,Morning,Pastry,1,3.89,PayNow
T503726,2025-06-16 09:03,OUT-04,Morning,Coffee,1,8.72,Card
T503729,2025-06-16 09:05,OUT-04,Morning,Pastry,1,5.27,Card
T502828,2025-06-16 09:07,OUT-03,Morning,Beans (retail),1,23.79,Card
T500148,2025-06-16 09:07,OUT-01,Morning,Coffee,1,5.87,PayNow
T503766,2025-06-16 09:08,OUT-04,Morning,Tea,1,4.93,PayNow
T501511,2025-06-16 09:09,OUT-02,Morning,Coffee,1,6.77,Cash
T500061,2025-06-16 09:10,OUT-01,Morning,Coffee,1,5.89,PayNow
T502790,2025-06-16 09:10,OUT-03,Morning,Tea,1,6.1,PayNow
T500153,2025-06-16 09:11,OUT-01,Morning,Coffee,1,6.82,Card
T500114,2025-06-16 09:11,OUT-01,Morning,Pastry,1,5.09,Card
T500022,2025-06-16 09:11,OUT-01,Morning,Pastry,1,6.36,Card
T501523,2025-06-16 09:12,OUT-02,Morning,Coffee,1,7.25,Card
T503722,2025-06-16 09:13,OUT-04,Morning,Tea,1,7.59,Card
T500151,2025-06-16 09:14,OUT-01,Morning,Coffee,1,7.53,Card
T500017,2025-06-16 09:15,OUT-01,Morning,Tea,1,3.93,PayNow
T502800,2025-06-16 09:15,OUT-03,Morning,Pastry,1,6.05,Card
T502773,2025-06-16 09:15,OUT-03,Morning,Food,1,13.55,PayNow
T502799,2025-06-16 09:17,OUT-03,Morning,Coffee,1,6.51,Cash
T500095,2025-06-16 09:18,OUT-01,Morning,Pastry,1,4.33,PayNow
T501507,2025-06-16 09:19,OUT-02,Morning,Pastry,1,5.34,PayNow
T503765,2025-06-16 09:20,OUT-04,Morning,Coffee,1,9.16,PayNow
T502743,2025-06-16 09:20,OUT-03,Morning,Tea,1,5.94,Wallet
T500002,2025-06-16 09:20,OUT-01,Morning,Tea,1,5.26,Card
T502792,2025-06-16 09:22,OUT-03,Morning,Coffee,1,7.01,Wallet
T502815,2025-06-16 09:22,OUT-03,Morning,Coffee,1,6.64,PayNow
T502777,2025-06-16 09:22,OUT-03,Morning,Coffee,1,6.06,Card
T500050,2025-06-16 09:22,OUT-01,Morning,Pastry,1,5.79,Cash
T502750,2025-06-16 09:24,OUT-03,Morning,Food,1,17.35,Cash
T502758,2025-06-16 09:25,OUT-03,Morning,Pastry,1,5.94,Card
T502807,2025-06-16 09:26,OUT-03,Morning,Coffee,1,7.1,PayNow
T502791,2025-06-16 09:26,OUT-03,Morning,Coffee,1,7.75,Cash
T500086,2025-06-16 09:26,OUT-01,Morning,Coffee,1,6.36,Card
T502831,2025-06-16 09:27,OUT-03,Morning,Pastry,1,6.01,Wallet
T500040,2025-06-16 09:27,OUT-01,Morning,Coffee,1,5.62,PayNow
T500098,2025-06-16 09:27,OUT-01,Morning,Pastry,1,4.69,Card
T501522,2025-06-16 09:27,OUT-02,Morning,Tea,1,5.23,Card
T500009,2025-06-16 09:27,OUT-01,Morning,Coffee,1,6.7,Card
T502753,2025-06-16 09:28,OUT-03,Morning,Coffee,1,5.96,PayNow
T503724,2025-06-16 09:29,OUT-04,Morning,Coffee,1,7.24,Wallet
T501509,2025-06-16 09:30,OUT-02,Morning,Pastry,1,4.39,Card
T500126,2025-06-16 09:30,OUT-01,Morning,Coffee,1,5.29,Card
T500023,2025-06-16 09:30,OUT-01,Morning,Coffee,1,6.64,Cash
T500071,2025-06-16 09:30,OUT-01,Morning,Coffee,1,6.99,PayNow
T500021,2025-06-16 09:31,OUT-01,Morning,Pastry,1,6.68,Card
T501514,2025-06-16 09:31,OUT-02,Morning,Tea,1,4.75,PayNow
T500138,2025-06-16 09:33,OUT-01,Morning,Tea,1,4.19,PayNow
T503759,2025-06-16 09:35,OUT-04,Morning,Coffee,1,8.0,Card
T503735,2025-06-16 09:35,OUT-04,Morning,Coffee,1,6.83,PayNow
T503740,2025-06-16 09:36,OUT-04,Morning,Coffee,1,8.88,Card
T501538,2025-06-16 09:38,OUT-02,Morning,Tea,1,5.65,Wallet
T500058,2025-06-16 09:38,OUT-01,Morning,Pastry,1,4.88,Card
T500116,2025-06-16 09:39,OUT-01,Morning,Pastry,1,5.85,PayNow
T502819,2025-06-16 09:40,OUT-03,Morning,Food,1,14.45,Cash
T502759,2025-06-16 09:42,OUT-03,Morning,Coffee,1,5.99,Card
T503728,2025-06-16 09:42,OUT-04,Morning,Coffee,2,10.61,Wallet
T500101,2025-06-16 09:42,OUT-01,Morning,Coffee,1,4.77,PayNow
T500064,2025-06-16 09:42,OUT-01,Morning,Coffee,1,6.76,PayNow
T500146,2025-06-16 09:42,OUT-01,Morning,Coffee,1,6.54,Card
T502805,2025-06-16 09:42,OUT-03,Morning,Pastry,1,3.41,PayNow
T502746,2025-06-16 09:42,OUT-03,Morning,Pastry,1,5.85,Card
T500109,2025-06-16 09:43,OUT-01,Morning,Pastry,1,3.95,Card
T502821,2025-06-16 09:43,OUT-03,Morning,Pastry,1,5.7,PayNow
T502786,2025-06-16 09:43,OUT-03,Morning,Coffee,1,7.03,PayNow
T502801,2025-06-16 09:49,OUT-03,Morning,Pastry,1,5.49,Card
T503737,2025-06-16 09:49,OUT-04,Morning,Tea,1,6.51,Card
T501537,2025-06-16 09:50,OUT-02,Morning,Food,1,13.17,PayNow
T500120,2025-06-16 09:50,OUT-01,Morning,Tea,1,5.73,Wallet
T500010,2025-06-16 09:51,OUT-01,Morning,Coffee,1,6.2,Card
T500094,2025-06-16 09:51,OUT-01,Morning,Pastry,1,5.67,PayNow
T502814,2025-06-16 09:52,OUT-03,Morning,Pastry,1,5.8,PayNow
T503734,2025-06-16 09:53,OUT-04,Morning,Coffee,2,10.0,Card
T500048,2025-06-16 09:53,OUT-01,Morning,Coffee,1,7.71,PayNow
T500028,2025-06-16 09:54,OUT-01,Morning,Food,1,16.88,PayNow
T501501,2025-06-16 09:57,OUT-02,Morning,Pastry,1,6.76,PayNow
T502763,2025-06-16 09:57,OUT-03,Morning,Coffee,1,4.55,Card
T503747,2025-06-16 09:57,OUT-04,Morning,Tea,1,7.29,Card
T500052,2025-06-16 09:58,OUT-01,Morning,Coffee,1,7.25,PayNow
T501517,2025-06-16 09:59,OUT-02,Morning,Pastry,1,5.5,Card
T502832,2025-06-16 09:59,OUT-03,Morning,Coffee,1,7.42,Card
T503757,2025-06-16 10:00,OUT-04,Morning,Tea,1,6.96,PayNow
T500097,2025-06-16 10:01,OUT-01,Morning,Coffee,1,6.27,Card
T500033,2025-06-16 10:02,OUT-01,Morning,Coffee,1,5.93,Card
T501503,2025-06-16 10:02,OUT-02,Morning,Beans (retail),1,21.54,PayNow
T503762,2025-06-16 10:02,OUT-04,Morning,Coffee,1,9.14,Cash
T501531,2025-06-16 10:02,OUT-02,Morning,Beans (retail),1,22.71,Card
T503742,2025-06-16 10:02,OUT-04,Morning,Coffee,1,7.06,Cash
T501516,2025-06-16 10:03,OUT-02,Morning,Pastry,1,5.72,Wallet
T503753,2025-06-16 10:03,OUT-04,Morning,Coffee,1,8.44,Card
T500100,2025-06-16 10:04,OUT-01,Morning,Coffee,1,6.08,Card
T502756,2025-06-16 10:05,OUT-03,Morning,Coffee,1,8.27,Wallet
T503750,2025-06-16 10:06,OUT-04,Morning,Pastry,1,6.58,PayNow
T502811,2025-06-16 10:06,OUT-03,Morning,Coffee,1,6.54,PayNow
T503756,2025-06-16 10:06,OUT-04,Morning,Coffee,1,7.31,Cash
T502783,2025-06-16 10:06,OUT-03,Morning,Pastry,1,4.15,PayNow
T502757,2025-06-16 10:07,OUT-03,Morning,Coffee,1,4.67,Cash
T502775,2025-06-16 10:08,OUT-03,Morning,Coffee,1,7.84,Card
T503741,2025-06-16 10:08,OUT-04,Morning,Food,1,17.58,Card
T500027,2025-06-16 10:09,OUT-01,Morning,Pastry,1,5.42,PayNow
T500041,2025-06-16 10:09,OUT-01,Morning,Coffee,1,6.54,PayNow
T500113,2025-06-16 10:09,OUT-01,Morning,Coffee,1,6.27,Card
T501526,2025-06-16 10:10,OUT-02,Morning,Coffee,1,4.85,PayNow
T500003,2025-06-16 10:11,OUT-01,Morning,Pastry,1,5.47,Cash
T502817,2025-06-16 10:13,OUT-03,Morning,Coffee,1,6.83,Card
T502806,2025-06-16 10:14,OUT-03,Morning,Coffee,1,4.16,PayNow
T500093,2025-06-16 10:14,OUT-01,Morning,Coffee,1,7.31,Card
T502760,2025-06-16 10:15,OUT-03,Morning,Coffee,1,7.17,Card
T502825,2025-06-16 10:15,OUT-03,Morning,Beans (retail),1,24.22,Card
T500046,2025-06-16 10:16,OUT-01,Morning,Coffee,1,7.14,Card
T501506,2025-06-16 10:18,OUT-02,Morning,Pastry,1,3.33,Wallet
T501508,2025-06-16 10:18,OUT-02,Morning,Coffee,1,5.2,Cash
T502785,2025-06-16 10:18,OUT-03,Morning,Coffee,1,6.62,PayNow
T503743,2025-06-16 10:20,OUT-04,Morning,Tea,1,7.56,Cash
T500066,2025-06-16 10:20,OUT-01,Morning,Coffee,1,6.31,Card
T500018,2025-06-16 10:22,OUT-01,Morning,Coffee,1,5.98,PayNow
T501521,2025-06-16 10:22,OUT-02,Morning,Coffee,1,7.59,PayNow
T502754,2025-06-16 10:22,OUT-03,Morning,Pastry,1,3.64,Wallet
T500043,2025-06-16 10:22,OUT-01,Morning,Coffee,1,7.69,Wallet
T502748,2025-06-16 10:22,OUT-03,Morning,Tea,1,5.84,PayNow
T501500,2025-06-16 10:22,OUT-02,Morning,Coffee,1,9.04,PayNow
T501492,2025-06-16 10:24,OUT-02,Morning,Coffee,1,6.74,PayNow
T500078,2025-06-16 10:25,OUT-01,Morning,Coffee,1,5.46,Card
T501494,2025-06-16 10:25,OUT-02,Morning,Tea,1,5.05,PayNow
T500136,2025-06-16 10:25,OUT-01,Morning,Coffee,1,6.21,Wallet
T502787,2025-06-16 10:26,OUT-03,Morning,Tea,1,5.95,PayNow
T502803,2025-06-16 10:26,OUT-03,Morning,Tea,1,5.53,Cash
T503771,2025-06-16 10:27,OUT-04,Morning,Pastry,1,6.24,PayNow
T502788,2025-06-16 10:27,OUT-03,Morning,Pastry,1,5.16,Card
T500074,2025-06-16 10:27,OUT-01,Morning,Pastry,1,6.05,Card
T500042,2025-06-16 10:27,OUT-01,Morning,Pastry,1,6.34,PayNow
T501540,2025-06-16 10:28,OUT-02,Morning,Tea,1,4.56,Card
T500016,2025-06-16 10:29,OUT-01,Morning,Coffee,1,4.86,PayNow
T500140,2025-06-16 10:30,OUT-01,Morning,Coffee,1,5.74,Card
T501525,2025-06-16 10:31,OUT-02,Morning,Pastry,1,7.05,Card
T503733,2025-06-16 10:31,OUT-04,Morning,Tea,1,5.62,Cash
T502784,2025-06-16 10:32,OUT-03,Morning,Pastry,1,5.4,Card
T500054,2025-06-16 10:33,OUT-01,Morning,Pastry,1,5.04,Card
T500011,2025-06-16 10:34,OUT-01,Morning,Coffee,1,5.87,Card
T500084,2025-06-16 10:35,OUT-01,Morning,Pastry,1,6.18,PayNow
T500075,2025-06-16 10:36,OUT-01,Morning,Coffee,1,5.68,PayNow
T500108,2025-06-16 10:36,OUT-01,Morning,Coffee,1,5.42,Cash
T502744,2025-06-16 10:37,OUT-03,Morning,Coffee,1,7.71,PayNow
T500090,2025-06-16 10:37,OUT-01,Morning,Pastry,1,4.95,Card
T503719,2025-06-16 10:37,OUT-04,Morning,Coffee,1,6.44,PayNow
T500111,2025-06-16 10:38,OUT-01,Morning,Food,1,12.0,Card
T502764,2025-06-16 10:39,OUT-03,Morning,Pastry,1,3.83,PayNow
T502804,2025-06-16 10:39,OUT-03,Morning,Coffee,1,6.25,Card
T501512,2025-06-16 10:40,OUT-02,Morning,Pastry,1,4.71,Card
T500015,2025-06-16 10:41,OUT-01,Morning,Tea,1,5.2,Wallet
T502824,2025-06-16 10:42,OUT-03,Morning,Coffee,1,6.41,PayNow
T501528,2025-06-16 10:42,OUT-02,Morning,Coffee,1,6.6,Card
T502778,2025-06-16 10:43,OUT-03,Morning,Pastry,1,6.49,PayNow
T503767,2025-06-16 10:43,OUT-04,Morning,Coffee,1,7.36,Card
T500034,2025-06-16 10:44,OUT-01,Morning,Pastry,1,5.99,PayNow
T501505,2025-06-16 10:45,OUT-02,Morning,Pastry,1,4.9,Card
T500057,2025-06-16 10:45,OUT-01,Morning,Tea,1,5.28,Card
T500069,2025-06-16 10:45,OUT-01,Morning,Pastry,1,4.77,Cash
T500001,2025-06-16 10:46,OUT-01,Morning,Tea,1,6.21,Cash
T501515,2025-06-16 10:47,OUT-02,Morning,Tea,1,5.36,Card
T503769,2025-06-16 10:47,OUT-04,Morning,Coffee,1,6.07,Cash
T502793,2025-06-16 10:47,OUT-03,Morning,Coffee,1,6.7,PayNow
T502765,2025-06-16 10:47,OUT-03,Morning,Coffee,1,6.2,PayNow
T501520,2025-06-16 10:49,OUT-02,Morning,Coffee,1,7.03,Wallet
T500154,2025-06-16 10:50,OUT-01,Morning,Coffee,1,5.15,PayNow
T500032,2025-06-16 10:51,OUT-01,Morning,Coffee,1,4.95,Card
T501496,2025-06-16 10:54,OUT-02,Morning,Coffee,1,5.89,Cash
T500012,2025-06-16 10:54,OUT-01,Morning,Coffee,1,8.0,PayNow
T501541,2025-06-16 10:55,OUT-02,Morning,Pastry,1,6.94,PayNow
T502802,2025-06-16 10:57,OUT-03,Morning,Coffee,1,6.68,PayNow
T500059,2025-06-16 10:58,OUT-01,Morning,Coffee,1,6.57,Card
T503748,2025-06-16 10:59,OUT-04,Morning,Coffee,1,8.96,Card
T501564,2025-06-16 11:00,OUT-02,Midday,Food,1,16.46,Wallet
T501595,2025-06-16 11:02,OUT-02,Midday,Food,1,19.23,Card
T503807,2025-06-16 11:04,OUT-04,Midday,Coffee,1,7.13,Card
T501568,2025-06-16 11:07,OUT-02,Midday,Food,1,18.94,Cash
T503798,2025-06-16 11:07,OUT-04,Midday,Food,1,15.68,Card
T500176,2025-06-16 11:07,OUT-01,Midday,Coffee,1,7.58,Card
T501597,2025-06-16 11:11,OUT-02,Midday,Food,1,13.94,Card
T500211,2025-06-16 11:12,OUT-01,Midday,Beans (retail),1,25.27,PayNow
T503773,2025-06-16 11:13,OUT-04,Midday,Coffee,1,4.99,Wallet
T500203,2025-06-16 11:15,OUT-01,Midday,Coffee,1,6.73,Wallet
T501601,2025-06-16 11:16,OUT-02,Midday,Food,1,17.9,Card
T502854,2025-06-16 11:19,OUT-03,Midday,Food,1,11.84,Cash
T503796,2025-06-16 11:20,OUT-04,Midday,Food,1,17.46,Card
T502846,2025-06-16 11:20,OUT-03,Midday,Food,1,11.56,Card
T502877,2025-06-16 11:21,OUT-03,Midday,Food,1,11.93,Card
T500166,2025-06-16 11:21,OUT-01,Midday,Coffee,1,5.96,Cash
T500213,2025-06-16 11:21,OUT-01,Midday,Food,1,16.33,Wallet
T502848,2025-06-16 11:22,OUT-03,Midday,Food,1,12.69,PayNow
T501550,2025-06-16 11:22,OUT-02,Midday,Pastry,1,5.57,Card
T502876,2025-06-16 11:23,OUT-03,Midday,Food,1,13.44,Wallet
T503816,2025-06-16 11:23,OUT-04,Midday,Tea,1,6.56,PayNow
T500164,2025-06-16 11:23,OUT-01,Midday,Food,1,14.82,Wallet
T502845,2025-06-16 11:25,OUT-03,Midday,Food,1,13.6,Card
T500160,2025-06-16 11:25,OUT-01,Midday,Beans (retail),1,24.13,Card
T503793,2025-06-16 11:28,OUT-04,Midday,Coffee,1,7.1,PayNow
T501567,2025-06-16 11:30,OUT-02,Midday,Coffee,1,7.42,Card
T500192,2025-06-16 11:30,OUT-01,Midday,Coffee,1,4.97,PayNow
T500186,2025-06-16 11:31,OUT-01,Midday,Coffee,1,7.87,Card
T503818,2025-06-16 11:32,OUT-04,Midday,Food,1,16.37,Card
T500190,2025-06-16 11:33,OUT-01,Midday,Coffee,1,5.54,Card
T503790,2025-06-16 11:34,OUT-04,Midday,Food,1,14.89,PayNow
T502857,2025-06-16 11:35,OUT-03,Midday,Coffee,1,5.24,Card
T500191,2025-06-16 11:35,OUT-01,Midday,Coffee,1,7.09,Cash
T503786,2025-06-16 11:36,OUT-04,Midday,Coffee,1,5.4,Cash
T501552,2025-06-16 11:36,OUT-02,Midday,Coffee,1,8.6,Card
T503774,2025-06-16 11:37,OUT-04,Midday,Coffee,1,7.64,Card
T502863,2025-06-16 11:40,OUT-03,Midday,Coffee,1,7.06,PayNow
T500158,2025-06-16 11:40,OUT-01,Midday,Coffee,1,4.5,PayNow
T501557,2025-06-16 11:41,OUT-02,Midday,Tea,1,5.58,Card
T502861,2025-06-16 11:41,OUT-03,Midday,Food,1,11.24,Card
T500182,2025-06-16 11:42,OUT-01,Midday,Food,1,16.95,Cash
T501580,2025-06-16 11:44,OUT-02,Midday,Food,1,15.19,Wallet
T501589,2025-06-16 11:45,OUT-02,Midday,Coffee,1,7.59,Card
T500174,2025-06-16 11:46,OUT-01,Midday,Food,1,16.05,PayNow
T502849,2025-06-16 11:46,OUT-03,Midday,Food,1,13.0,Cash
T503799,2025-06-16 11:49,OUT-04,Midday,Food,1,15.56,Card
T500206,2025-06-16 11:51,OUT-01,Midday,Coffee,1,5.1,Card
T503809,2025-06-16 11:52,OUT-04,Midday,Food,1,18.45,PayNow
T502843,2025-06-16 11:52,OUT-03,Midday,Pastry,1,4.69,PayNow
T501583,2025-06-16 11:52,OUT-02,Midday,Pastry,1,6.51,PayNow
T501575,2025-06-16 11:54,OUT-02,Midday,Coffee,1,7.42,Cash
T500215,2025-06-16 11:58,OUT-01,Midday,Food,1,14.91,Card
T500163,2025-06-16 11:58,OUT-01,Midday,Food,1,15.16,Card
T502855,2025-06-16 11:58,OUT-03,Midday,Beans (retail),1,18.85,PayNow
T501584,2025-06-16 11:59,OUT-02,Midday,Coffee,1,7.58,Wallet
T500187,2025-06-16 11:59,OUT-01,Midday,Beans (retail),1,23.64,PayNow
T502850,2025-06-16 12:00,OUT-03,Midday,Pastry,1,4.56,PayNow
T501598,2025-06-16 12:00,OUT-02,Midday,Coffee,1,5.93,Cash
T500198,2025-06-16 12:00,OUT-01,Midday,Food,1,18.16,Card
T503800,2025-06-16 12:00,OUT-04,Midday,Coffee,1,7.66,Card
T501570,2025-06-16 12:01,OUT-02,Midday,Food,2,22.09,Card
T502878,2025-06-16 12:03,OUT-03,Midday,Food,1,10.03,Wallet
T501561,2025-06-16 12:04,OUT-02,Midday,Pastry,1,7.11,Card
T501562,2025-06-16 12:06,OUT-02,Midday,Coffee,1,5.79,PayNow
T500170,2025-06-16 12:06,OUT-01,Midday,Food,1,15.21,Card
T502870,2025-06-16 12:06,OUT-03,Midday,Food,1,12.31,PayNow
T501572,2025-06-16 12:11,OUT-02,Midday,Coffee,1,6.94,Card
T502864,2025-06-16 12:11,OUT-03,Midday,Food,1,8.06,PayNow
T503781,2025-06-16 12:11,OUT-04,Midday,Food,1,14.17,Card
T503785,2025-06-16 12:11,OUT-04,Midday,Food,1,15.15,Card
T503784,2025-06-16 12:12,OUT-04,Midday,Food,1,9.63,Card
T503778,2025-06-16 12:14,OUT-04,Midday,Food,1,15.87,PayNow
T503782,2025-06-16 12:14,OUT-04,Midday,Food,1,18.01,Card
T503792,2025-06-16 12:15,OUT-04,Midday,Food,1,14.18,Cash
T501590,2025-06-16 12:17,OUT-02,Midday,Food,1,16.51,PayNow
T501569,2025-06-16 12:18,OUT-02,Midday,Food,1,11.85,PayNow
T503789,2025-06-16 12:19,OUT-04,Midday,Food,1,16.6,Card
T503808,2025-06-16 12:19,OUT-04,Midday,Food,1,17.84,Card
T501608,2025-06-16 12:20,OUT-02,Midday,Coffee,1,8.24,Card
T500212,2025-06-16 12:20,OUT-01,Midday,Pastry,1,5.15,Card
T502851,2025-06-16 12:23,OUT-03,Midday,Food,1,11.96,Card
T502837,2025-06-16 12:23,OUT-03,Midday,Food,1,13.04,Card
T501577,2025-06-16 12:24,OUT-02,Midday,Coffee,1,6.89,Wallet
T502859,2025-06-16 12:24,OUT-03,Midday,Coffee,1,6.89,Cash
T501582,2025-06-16 12:24,OUT-02,Midday,Food,1,18.95,Card
T500159,2025-06-16 12:26,OUT-01,Midday,Food,1,12.95,PayNow
T500202,2025-06-16 12:27,OUT-01,Midday,Coffee,1,8.17,Wallet
T500216,2025-06-16 12:27,OUT-01,Midday,Coffee,1,6.93,Card
T502838,2025-06-16 12:29,OUT-03,Midday,Pastry,1,4.6,Card
T502834,2025-06-16 12:30,OUT-03,Midday,Coffee,1,6.72,Card
T502867,2025-06-16 12:31,OUT-03,Midday,Beans (retail),1,17.53,Card
T500168,2025-06-16 12:32,OUT-01,Midday,Food,1,11.56,Cash
T501593,2025-06-16 12:32,OUT-02,Midday,Pastry,1,5.81,Card
T501585,2025-06-16 12:34,OUT-02,Midday,Food,1,14.19,PayNow
T503806,2025-06-16 12:34,OUT-04,Midday,Food,1,13.43,Card
T501554,2025-06-16 12:34,OUT-02,Midday,Pastry,1,5.33,Card
T503788,2025-06-16 12:35,OUT-04,Midday,Food,1,13.99,PayNow
T502865,2025-06-16 12:35,OUT-03,Midday,Food,1,11.25,Card
T502844,2025-06-16 12:35,OUT-03,Midday,Food,1,15.17,PayNow
T501600,2025-06-16 12:36,OUT-02,Midday,Pastry,1,5.02,PayNow
T503815,2025-06-16 12:37,OUT-04,Midday,Coffee,1,5.94,Card
T502875,2025-06-16 12:38,OUT-03,Midday,Coffee,1,5.78,Card
T503797,2025-06-16 12:41,OUT-04,Midday,Coffee,1,5.8,Cash
T500200,2025-06-16 12:42,OUT-01,Midday,Food,1,17.49,PayNow
T501587,2025-06-16 12:43,OUT-02,Midday,Coffee,1,7.23,Card
T502869,2025-06-16 12:44,OUT-03,Midday,Food,1,12.49,Card
T502879,2025-06-16 12:45,OUT-03,Midday,Food,1,12.08,PayNow
T500175,2025-06-16 12:47,OUT-01,Midday,Food,1,9.42,PayNow
T503812,2025-06-16 12:49,OUT-04,Midday,Coffee,1,5.97,Card
T501565,2025-06-16 12:50,OUT-02,Midday,Food,1,14.2,PayNow
T500188,2025-06-16 12:50,OUT-01,Midday,Food,1,10.79,Card
T503814,2025-06-16 12:50,OUT-04,Midday,Food,1,13.25,Cash
T502881,2025-06-16 12:52,OUT-03,Midday,Food,1,12.41,PayNow
T501578,2025-06-16 12:54,OUT-02,Midday,Coffee,1,8.82,Card
T501574,2025-06-16 12:54,OUT-02,Midday,Food,1,15.75,Wallet
T500185,2025-06-16 12:55,OUT-01,Midday,Coffee,1,7.03,Card
T502860,2025-06-16 12:57,OUT-03,Midday,Tea,1,3.48,Cash
T500180,2025-06-16 12:58,OUT-01,Midday,Coffee,1,8.38,PayNow
T502862,2025-06-16 13:00,OUT-03,Midday,Food,1,12.3,PayNow
T501553,2025-06-16 13:00,OUT-02,Midday,Food,1,9.12,Cash
T503780,2025-06-16 13:00,OUT-04,Midday,Coffee,1,5.43,Cash
T503775,2025-06-16 13:04,OUT-04,Midday,Food,1,14.48,PayNow
T502882,2025-06-16 13:04,OUT-03,Midday,Food,1,12.71,Card
T500184,2025-06-16 13:05,OUT-01,Midday,Food,1,13.19,PayNow
T502880,2025-06-16 13:05,OUT-03,Midday,Beans (retail),1,21.44,Cash
T502871,2025-06-16 13:06,OUT-03,Midday,Coffee,1,5.66,Card
T502868,2025-06-16 13:07,OUT-03,Midday,Food,1,11.0,PayNow
T501551,2025-06-16 13:09,OUT-02,Midday,Pastry,1,7.26,Card
T502856,2025-06-16 13:11,OUT-03,Midday,Coffee,1,5.28,PayNow
T503810,2025-06-16 13:12,OUT-04,Midday,Food,1,14.44,Card
T501596,2025-06-16 13:13,OUT-02,Midday,Food,1,9.29,Cash
T502840,2025-06-16 13:16,OUT-03,Midday,Pastry,1,3.93,PayNow
T502835,2025-06-16 13:16,OUT-03,Midday,Food,1,9.2,Wallet
T500197,2025-06-16 13:16,OUT-01,Midday,Tea,1,6.15,Card
T500208,2025-06-16 13:17,OUT-01,Midday,Food,1,15.36,Card
T500162,2025-06-16 13:18,OUT-01,Midday,Food,1,17.55,PayNow
T502839,2025-06-16 13:19,OUT-03,Midday,Beans (retail),1,16.89,Card
T503795,2025-06-16 13:20,OUT-04,Midday,Food,1,13.13,Card
T500181,2025-06-16 13:24,OUT-01,Midday,Food,1,14.09,Card
T500171,2025-06-16 13:27,OUT-01,Midday,Food,1,13.71,Card
T500204,2025-06-16 13:27,OUT-01,Midday,Food,1,13.19,Card
T502853,2025-06-16 13:31,OUT-03,Midday,Food,1,15.78,PayNow
T502836,2025-06-16 13:32,OUT-03,Midday,Coffee,1,5.32,Card
T501588,2025-06-16 13:32,OUT-02,Midday,Food,1,16.58,PayNow
T503817,2025-06-16 13:35,OUT-04,Midday,Tea,1,5.78,Wallet
T501602,2025-06-16 13:36,OUT-02,Midday,Coffee,1,8.7,Card
T501606,2025-06-16 13:38,OUT-02,Midday,Food,1,14.9,Card
T500210,2025-06-16 13:38,OUT-01,Midday,Tea,1,4.7,Card
T500167,2025-06-16 13:39,OUT-01,Midday,Food,1,13.11,Wallet
T500178,2025-06-16 13:41,OUT-01,Midday,Tea,1,6.45,PayNow
T503777,2025-06-16 13:42,OUT-04,Midday,Coffee,1,7.01,PayNow
T502866,2025-06-16 13:42,OUT-03,Midday,Food,1,9.7,PayNow
T500183,2025-06-16 13:47,OUT-01,Midday,Food,1,14.85,Card
T500169,2025-06-16 13:47,OUT-01,Midday,Tea,1,3.52,PayNow
T501592,2025-06-16 13:48,OUT-02,Midday,Food,1,17.52,Cash
T502847,2025-06-16 13:48,OUT-03,Midday,Food,1,14.74,Wallet
T501609,2025-06-16 13:50,OUT-02,Midday,Tea,1,5.2,Card
T501566,2025-06-16 13:50,OUT-02,Midday,Coffee,1,6.69,Card
T502874,2025-06-16 13:51,OUT-03,Midday,Tea,1,5.06,PayNow
T501560,2025-06-16 13:52,OUT-02,Midday,Coffee,1,7.77,PayNow
T500172,2025-06-16 13:52,OUT-01,Midday,Tea,1,6.43,Card
T501573,2025-06-16 13:52,OUT-02,Midday,Coffee,1,9.04,Card
T500193,2025-06-16 13:52,OUT-01,Midday,Food,1,15.54,Card
T500209,2025-06-16 13:52,OUT-01,Midday,Food,1,13.56,Cash
T501581,2025-06-16 13:53,OUT-02,Midday,Food,1,17.49,PayNow
T500207,2025-06-16 13:54,OUT-01,Midday,Pastry,1,6.71,Cash
T501599,2025-06-16 13:54,OUT-02,Midday,Coffee,1,5.3,PayNow
T503776,2025-06-16 13:56,OUT-04,Midday,Food,1,13.79,PayNow
T501594,2025-06-16 13:57,OUT-02,Midday,Food,1,15.07,PayNow
T503804,2025-06-16 13:57,OUT-04,Midday,Food,1,17.78,Card
T502841,2025-06-16 13:58,OUT-03,Midday,Food,1,11.8,Card
T501558,2025-06-16 13:59,OUT-02,Midday,Coffee,1,7.31,PayNow
T501563,2025-06-16 14:00,OUT-02,Midday,Coffee,1,5.9,PayNow
T503794,2025-06-16 14:00,OUT-04,Midday,Food,1,11.29,Card
T502858,2025-06-16 14:00,OUT-03,Midday,Coffee,1,4.57,PayNow
T503787,2025-06-16 14:01,OUT-04,Midday,Tea,1,5.85,Card
T502872,2025-06-16 14:01,OUT-03,Midday,Pastry,1,3.95,PayNow
T501605,2025-06-16 14:02,OUT-02,Midday,Coffee,1,6.77,PayNow
T502873,2025-06-16 14:04,OUT-03,Midday,Food,1,12.23,PayNow
T503805,2025-06-16 14:04,OUT-04,Midday,Food,1,13.22,PayNow
T500214,2025-06-16 14:07,OUT-01,Midday,Tea,1,4.57,PayNow
T502852,2025-06-16 14:10,OUT-03,Midday,Food,1,10.86,PayNow
T501607,2025-06-16 14:10,OUT-02,Midday,Coffee,1,5.24,Card
T501586,2025-06-16 14:12,OUT-02,Midday,Food,1,14.13,PayNow
T501603,2025-06-16 14:12,OUT-02,Midday,Food,1,14.12,Cash
T500205,2025-06-16 14:13,OUT-01,Midday,Food,1,10.1,Wallet
T501604,2025-06-16 14:13,OUT-02,Midday,Food,1,20.17,Card
T503783,2025-06-16 14:15,OUT-04,Midday,Pastry,1,7.12,PayNow
T500173,2025-06-16 14:16,OUT-01,Midday,Coffee,1,5.53,Cash
T501555,2025-06-16 14:17,OUT-02,Midday,Beans (retail),1,22.32,Card
T501576,2025-06-16 14:18,OUT-02,Midday,Food,1,14.76,PayNow
T500165,2025-06-16 14:20,OUT-01,Midday,Food,1,16.69,Card
T503811,2025-06-16 14:24,OUT-04,Midday,Coffee,1,4.88,PayNow
T502833,2025-06-16 14:24,OUT-03,Midday,Food,1,13.22,Card
T503779,2025-06-16 14:25,OUT-04,Midday,Coffee,1,4.79,Card
T500199,2025-06-16 14:31,OUT-01,Midday,Food,1,13.8,Card
T501556,2025-06-16 14:32,OUT-02,Midday,Coffee,1,5.94,Card
T501591,2025-06-16 14:33,OUT-02,Midday,Coffee,1,5.0,PayNow
T503803,2025-06-16 14:37,OUT-04,Midday,Coffee,1,5.91,PayNow
T500201,2025-06-16 14:41,OUT-01,Midday,Tea,1,6.06,Card
T500195,2025-06-16 14:41,OUT-01,Midday,Food,1,16.82,Card
T500177,2025-06-16 14:41,OUT-01,Midday,Food,1,13.18,Card
T501549,2025-06-16 14:46,OUT-02,Midday,Tea,1,5.44,PayNow
T503813,2025-06-16 14:47,OUT-04,Midday,Food,1,14.04,PayNow
T500194,2025-06-16 14:49,OUT-01,Midday,Pastry,1,5.2,PayNow
T501579,2025-06-16 14:50,OUT-02,Midday,Food,1,14.38,Cash
T503802,2025-06-16 14:50,OUT-04,Midday,Pastry,1,5.92,Wallet
T503791,2025-06-16 14:50,OUT-04,Midday,Pastry,1,6.58,Card
T500189,2025-06-16 14:53,OUT-01,Midday,Tea,1,4.87,PayNow
T502842,2025-06-16 14:53,OUT-03,Midday,Beans (retail),1,23.6,PayNow
T500196,2025-06-16 14:54,OUT-01,Midday,Pastry,1,5.02,Card
T503801,2025-06-16 14:55,OUT-04,Midday,Food,1,11.37,Wallet
T500161,2025-06-16 14:55,OUT-01,Midday,Food,1,14.54,Card
T500179,2025-06-16 14:58,OUT-01,Midday,Coffee,1,8.2,PayNow
T501571,2025-06-16 14:59,OUT-02,Midday,Food,1,11.28,Card
T501559,2025-06-16 14:59,OUT-02,Midday,Food,1,16.1,Wallet
T503863,2025-06-16 15:03,OUT-04,Evening,Coffee,1,7.67,Wallet
T502891,2025-06-16 15:06,OUT-03,Evening,Food,1,19.36,Card
T503859,2025-06-16 15:06,OUT-04,Evening,Coffee,1,8.42,PayNow
T501649,2025-06-16 15:11,OUT-02,Evening,Beans (retail),1,16.82,Card
T501631,2025-06-16 15:14,OUT-02,Evening,Pastry,1,3.91,Cash
T503850,2025-06-16 15:21,OUT-04,Evening,Food,1,14.29,PayNow
T500239,2025-06-16 15:22,OUT-01,Evening,Food,1,17.35,Card
T501623,2025-06-16 15:27,OUT-02,Evening,Beans (retail),1,16.79,PayNow
T501652,2025-06-16 15:28,OUT-02,Evening,Coffee,1,6.21,Card
T503841,2025-06-16 15:30,OUT-04,Evening,Coffee,1,7.63,Card
T503858,2025-06-16 15:34,OUT-04,Evening,Pastry,1,5.89,Cash
T503865,2025-06-16 15:34,OUT-04,Evening,Tea,1,6.84,Card
T501650,2025-06-16 15:34,OUT-02,Evening,Pastry,1,5.07,Card
T503840,2025-06-16 15:35,OUT-04,Evening,Food,1,17.57,PayNow
T501610,2025-06-16 15:36,OUT-02,Evening,Beans (retail),1,13.22,Card
T503873,2025-06-16 15:38,OUT-04,Evening,Coffee,1,8.52,Cash
T500242,2025-06-16 15:39,OUT-01,Evening,Coffee,1,5.4,PayNow
T503833,2025-06-16 15:42,OUT-04,Evening,Coffee,1,7.85,Wallet
T500226,2025-06-16 15:42,OUT-01,Evening,Coffee,1,5.61,Wallet
T501638,2025-06-16 15:44,OUT-02,Evening,Coffee,1,6.21,Cash
T501644,2025-06-16 15:51,OUT-02,Evening,Tea,1,5.82,PayNow
T501637,2025-06-16 15:53,OUT-02,Evening,Coffee,1,7.35,Cash
T503861,2025-06-16 15:56,OUT-04,Evening,Coffee,1,7.61,PayNow
T503870,2025-06-16 15:57,OUT-04,Evening,Coffee,1,6.85,PayNow
T501651,2025-06-16 15:58,OUT-02,Evening,Food,1,14.6,Card
T503851,2025-06-16 15:59,OUT-04,Evening,Food,1,17.63,PayNow
T503828,2025-06-16 16:02,OUT-04,Evening,Tea,1,6.81,PayNow
T503831,2025-06-16 16:05,OUT-04,Evening,Food,1,16.38,Wallet
T503853,2025-06-16 16:06,OUT-04,Evening,Tea,1,7.88,Card
T500243,2025-06-16 16:06,OUT-01,Evening,Pastry,1,4.52,PayNow
T500244,2025-06-16 16:07,OUT-01,Evening,Tea,1,6.36,Wallet
T501633,2025-06-16 16:11,OUT-02,Evening,Food,1,16.19,Cash
T503842,2025-06-16 16:11,OUT-04,Evening,Pastry,1,4.98,Wallet
T500217,2025-06-16 16:14,OUT-01,Evening,Coffee,1,6.95,PayNow
T500245,2025-06-16 16:14,OUT-01,Evening,Coffee,1,5.21,PayNow
T503826,2025-06-16 16:14,OUT-04,Evening,Coffee,1,8.07,Card
T503879,2025-06-16 16:15,OUT-04,Evening,Pastry,1,6.25,PayNow
T500230,2025-06-16 16:16,OUT-01,Evening,Coffee,1,6.37,Card
T501636,2025-06-16 16:17,OUT-02,Evening,Tea,1,5.46,Card
T501622,2025-06-16 16:22,OUT-02,Evening,Coffee,1,5.77,PayNow
T500221,2025-06-16 16:29,OUT-01,Evening,Coffee,1,7.08,PayNow
T503832,2025-06-16 16:29,OUT-04,Evening,Pastry,1,4.89,PayNow
T502898,2025-06-16 16:29,OUT-03,Evening,Tea,1,8.06,Cash
T501647,2025-06-16 16:29,OUT-02,Evening,Coffee,1,5.22,Wallet
T503855,2025-06-16 16:33,OUT-04,Evening,Coffee,1,7.45,PayNow
T503846,2025-06-16 16:34,OUT-04,Evening,Pastry,1,4.47,PayNow
T503822,2025-06-16 16:34,OUT-04,Evening,Tea,1,7.15,PayNow
T502887,2025-06-16 16:37,OUT-03,Evening,Pastry,1,7.23,Card
T501611,2025-06-16 16:40,OUT-02,Evening,Pastry,1,5.42,Card
T501618,2025-06-16 16:46,OUT-02,Evening,Food,1,17.49,Card
T502888,2025-06-16 16:47,OUT-03,Evening,Coffee,1,7.96,PayNow
T503839,2025-06-16 16:49,OUT-04,Evening,Tea,1,6.59,Wallet
T500240,2025-06-16 16:50,OUT-01,Evening,Coffee,1,6.63,Wallet
T503825,2025-06-16 16:53,OUT-04,Evening,Coffee,1,7.79,PayNow
T503847,2025-06-16 17:03,OUT-04,Evening,Pastry,1,5.86,PayNow
T503874,2025-06-16 17:03,OUT-04,Evening,Food,1,15.18,Card
T503862,2025-06-16 17:05,OUT-04,Evening,Pastry,1,6.67,PayNow
T500229,2025-06-16 17:08,OUT-01,Evening,Beans (retail),1,16.42,PayNow
T503860,2025-06-16 17:09,OUT-04,Evening,Food,1,10.25,Wallet
T500225,2025-06-16 17:10,OUT-01,Evening,Food,1,20.22,Cash
T501621,2025-06-16 17:11,OUT-02,Evening,Pastry,1,4.36,Cash
T502903,2025-06-16 17:11,OUT-03,Evening,Pastry,1,5.62,Cash
T502883,2025-06-16 17:12,OUT-03,Evening,Food,1,20.99,Card
T502886,2025-06-16 17:16,OUT-03,Evening,Coffee,1,8.84,PayNow
T501630,2025-06-16 17:17,OUT-02,Evening,Food,1,12.74,Card
T503876,2025-06-16 17:21,OUT-04,Evening,Coffee,1,6.53,Card
T503843,2025-06-16 17:23,OUT-04,Evening,Coffee,1,8.25,Cash
T503868,2025-06-16 17:23,OUT-04,Evening,Coffee,1,7.24,Cash
T503838,2025-06-16 17:24,OUT-04,Evening,Coffee,1,8.14,Card
T500219,2025-06-16 17:31,OUT-01,Evening,Coffee,1,7.68,Card
T502902,2025-06-16 17:31,OUT-03,Evening,Food,1,12.08,Wallet
T501642,2025-06-16 17:32,OUT-02,Evening,Coffee,1,6.17,Card
T500241,2025-06-16 17:34,OUT-01,Evening,Tea,1,7.84,Card
T502894,2025-06-16 17:35,OUT-03,Evening,Pastry,1,6.54,PayNow
T501643,2025-06-16 17:38,OUT-02,Evening,Coffee,1,6.59,PayNow
T503835,2025-06-16 17:39,OUT-04,Evening,Food,1,12.66,PayNow
T501634,2025-06-16 17:40,OUT-02,Evening,Pastry,1,4.66,Card
T502892,2025-06-16 17:41,OUT-03,Evening,Pastry,1,6.53,Wallet
T501625,2025-06-16 17:41,OUT-02,Evening,Tea,1,3.46,Cash
T503848,2025-06-16 17:51,OUT-04,Evening,Coffee,1,5.98,Card
T502899,2025-06-16 17:57,OUT-03,Evening,Coffee,1,8.26,Wallet
T503869,2025-06-16 17:57,OUT-04,Evening,Coffee,1,5.79,Card
T500224,2025-06-16 18:04,OUT-01,Evening,Food,1,12.96,Card
T503827,2025-06-16 18:08,OUT-04,Evening,Food,1,18.09,Card
T503875,2025-06-16 18:09,OUT-04,Evening,Food,1,12.29,Cash
T502890,2025-06-16 18:11,OUT-03,Evening,Coffee,1,6.99,Card
T501624,2025-06-16 18:13,OUT-02,Evening,Pastry,1,4.95,PayNow
T501629,2025-06-16 18:17,OUT-02,Evening,Food,1,12.01,Card
T502901,2025-06-16 18:17,OUT-03,Evening,Food,1,14.79,PayNow
T500220,2025-06-16 18:18,OUT-01,Evening,Tea,1,6.35,Card
T503864,2025-06-16 18:23,OUT-04,Evening,Coffee,1,7.18,Card
T501628,2025-06-16 18:27,OUT-02,Evening,Coffee,1,5.4,Card
T503866,2025-06-16 18:30,OUT-04,Evening,Beans (retail),1,24.92,PayNow
T501632,2025-06-16 18:30,OUT-02,Evening,Pastry,1,5.17,Card
T503830,2025-06-16 18:32,OUT-04,Evening,Tea,1,7.24,Wallet
T501613,2025-06-16 18:38,OUT-02,Evening,Coffee,1,5.44,PayNow
T503837,2025-06-16 18:38,OUT-04,Evening,Food,1,16.03,PayNow
T503820,2025-06-16 18:41,OUT-04,Evening,Coffee,1,6.32,Wallet
T502885,2025-06-16 18:42,OUT-03,Evening,Pastry,1,6.91,Card
T503844,2025-06-16 18:46,OUT-04,Evening,Coffee,1,6.87,PayNow
T501635,2025-06-16 18:47,OUT-02,Evening,Pastry,1,6.26,PayNow
T501640,2025-06-16 18:48,OUT-02,Evening,Food,1,14.31,Card
T501627,2025-06-16 18:52,OUT-02,Evening,Pastry,1,5.29,Cash
T501646,2025-06-16 18:54,OUT-02,Evening,Food,1,13.25,PayNow
T501612,2025-06-16 18:55,OUT-02,Evening,Coffee,1,5.09,Cash
T500227,2025-06-16 18:55,OUT-01,Evening,Coffee,1,4.84,Cash
T503819,2025-06-16 18:58,OUT-04,Evening,Food,1,18.88,PayNow
T503836,2025-06-16 19:00,OUT-04,Evening,Pastry,1,6.3,Card
T503871,2025-06-16 19:01,OUT-04,Evening,Food,1,20.23,Card
T501639,2025-06-16 19:02,OUT-02,Evening,Food,1,17.54,Card
T500222,2025-06-16 19:03,OUT-01,Evening,Food,1,16.41,Cash
T500223,2025-06-16 19:15,OUT-01,Evening,Coffee,1,5.83,Cash
T503845,2025-06-16 19:16,OUT-04,Evening,Pastry,1,7.4,Card
T500234,2025-06-16 19:17,OUT-01,Evening,Coffee,1,6.31,PayNow
T500237,2025-06-16 19:24,OUT-01,Evening,Coffee,1,6.94,Wallet
T501615,2025-06-16 19:25,OUT-02,Evening,Beans (retail),1,20.79,Card
T503877,2025-06-16 19:26,OUT-04,Evening,Food,1,15.76,Cash
T501614,2025-06-16 19:28,OUT-02,Evening,Food,1,12.89,PayNow
T503872,2025-06-16 19:28,OUT-04,Evening,Food,1,16.84,Wallet
T500236,2025-06-16 19:29,OUT-01,Evening,Coffee,1,6.64,PayNow
T503852,2025-06-16 19:30,OUT-04,Evening,Tea,1,6.55,Cash
T502893,2025-06-16 19:30,OUT-03,Evening,Coffee,1,8.47,PayNow
T503854,2025-06-16 19:31,OUT-04,Evening,Pastry,1,4.93,Card
T500231,2025-06-16 19:32,OUT-01,Evening,Pastry,1,6.03,Card
T500232,2025-06-16 19:32,OUT-01,Evening,Coffee,1,7.2,PayNow
T503821,2025-06-16 19:41,OUT-04,Evening,Pastry,1,6.06,PayNow
T501619,2025-06-16 19:44,OUT-02,Evening,Coffee,1,7.23,Card
T501626,2025-06-16 19:44,OUT-02,Evening,Coffee,1,5.6,PayNow
T503823,2025-06-16 19:44,OUT-04,Evening,Food,1,15.17,Wallet
T500235,2025-06-16 19:47,OUT-01,Evening,Tea,1,5.27,PayNow
T501641,2025-06-16 19:51,OUT-02,Evening,Pastry,1,4.74,PayNow
T502895,2025-06-16 19:53,OUT-03,Evening,Pastry,1,6.78,Cash
T501617,2025-06-16 19:56,OUT-02,Evening,Food,1,13.71,Cash
T500233,2025-06-16 19:59,OUT-01,Evening,Food,1,14.38,Cash
T503834,2025-06-16 19:59,OUT-04,Evening,Tea,1,6.02,PayNow
T501648,2025-06-16 20:00,OUT-02,Evening,Tea,1,3.24,Card
T503878,2025-06-16 20:02,OUT-04,Evening,Coffee,1,6.69,Cash
T503849,2025-06-16 20:03,OUT-04,Evening,Coffee,1,9.4,Card
T502896,2025-06-16 20:04,OUT-03,Evening,Pastry,2,8.69,PayNow
T503824,2025-06-16 20:06,OUT-04,Evening,Coffee,1,6.64,Card
T501645,2025-06-16 20:08,OUT-02,Evening,Tea,1,5.78,PayNow
T503867,2025-06-16 20:14,OUT-04,Evening,Food,1,17.05,PayNow
T502884,2025-06-16 20:16,OUT-03,Evening,Coffee,1,7.46,Wallet
T503857,2025-06-16 20:20,OUT-04,Evening,Tea,1,5.14,PayNow
T502897,2025-06-16 20:21,OUT-03,Evening,Food,1,11.9,Wallet
T502889,2025-06-16 20:22,OUT-03,Evening,Coffee,1,7.67,PayNow
T503856,2025-06-16 20:23,OUT-04,Evening,Pastry,1,5.42,PayNow
T502900,2025-06-16 20:27,OUT-03,Evening,Coffee,1,9.51,Card
T503829,2025-06-16 20:32,OUT-04,Evening,Coffee,1,7.72,Card
T500228,2025-06-16 20:35,OUT-01,Evening,Beans (retail),1,20.15,Card
T501616,2025-06-16 20:37,OUT-02,Evening,Coffee,1,4.97,Card
T500238,2025-06-16 20:51,OUT-01,Evening,Coffee,1,6.76,Cash
T501620,2025-06-16 20:52,OUT-02,Evening,Food,1,14.28,PayNow
T501653,2025-06-16 20:53,OUT-02,Evening,Food,1,13.56,Card
T500218,2025-06-16 20:59,OUT-01,Evening,Food,1,15.66,PayNow
T500257,2025-06-17 07:00,OUT-01,Morning,Coffee,1,6.79,PayNow
T500249,2025-06-17 07:00,OUT-01,Morning,Coffee,1,4.5,Cash
T500253,2025-06-17 07:00,OUT-01,Morning,Tea,1,5.53,Wallet
T500305,2025-06-17 07:01,OUT-01,Morning,Coffee,1,6.73,Card
T502911,2025-06-17 07:02,OUT-03,Morning,Pastry,1,5.93,PayNow
T501710,2025-06-17 07:02,OUT-02,Morning,Coffee,1,6.44,PayNow
T503927,2025-06-17 07:02,OUT-04,Morning,Pastry,1,4.62,Cash
T503938,2025-06-17 07:03,OUT-04,Morning,Pastry,1,4.2,Wallet
T500380,2025-06-17 07:03,OUT-01,Morning,Coffee,1,7.56,Card
T500365,2025-06-17 07:05,OUT-01,Morning,Coffee,1,6.34,Cash
T500369,2025-06-17 07:06,OUT-01,Morning,Coffee,1,6.76,Card
T502963,2025-06-17 07:07,OUT-03,Morning,Coffee,1,5.15,Cash
T501656,2025-06-17 07:07,OUT-02,Morning,Coffee,1,7.07,Card
T501658,2025-06-17 07:07,OUT-02,Morning,Coffee,1,4.09,Cash
T502953,2025-06-17 07:08,OUT-03,Morning,Pastry,1,5.19,PayNow
T502960,2025-06-17 07:09,OUT-03,Morning,Coffee,1,5.98,Card
T503906,2025-06-17 07:09,OUT-04,Morning,Coffee,1,5.63,PayNow
T503923,2025-06-17 07:10,OUT-04,Morning,Pastry,1,4.69,PayNow
T500363,2025-06-17 07:10,OUT-01,Morning,Pastry,1,4.25,PayNow
T500386,2025-06-17 07:11,OUT-01,Morning,Coffee,1,6.32,Card
T500251,2025-06-17 07:11,OUT-01,Morning,Coffee,1,4.93,PayNow
T502970,2025-06-17 07:12,OUT-03,Morning,Pastry,1,6.4,Card
T500422,2025-06-17 07:13,OUT-01,Morning,Pastry,1,5.83,PayNow
T500435,2025-06-17 07:14,OUT-01,Morning,Food,1,16.75,Cash
T503910,2025-06-17 07:14,OUT-04,Morning,Tea,1,5.5,Card
T502975,2025-06-17 07:15,OUT-03,Morning,Pastry,1,4.58,PayNow
T500342,2025-06-17 07:16,OUT-01,Morning,Tea,1,5.3,PayNow
T500340,2025-06-17 07:17,OUT-01,Morning,Pastry,1,4.68,PayNow
T500381,2025-06-17 07:17,OUT-01,Morning,Coffee,1,6.49,PayNow
T501700,2025-06-17 07:18,OUT-02,Morning,Coffee,1,5.29,Card
T503890,2025-06-17 07:20,OUT-04,Morning,Coffee,1,5.47,PayNow
T500277,2025-06-17 07:21,OUT-01,Morning,Coffee,1,5.67,Cash
T500362,2025-06-17 07:22,OUT-01,Morning,Coffee,1,6.98,Cash
T501689,2025-06-17 07:23,OUT-02,Morning,Coffee,1,4.2,Cash
T500401,2025-06-17 07:24,OUT-01,Morning,Tea,1,4.93,PayNow
T502922,2025-06-17 07:24,OUT-03,Morning,Tea,1,6.4,Cash
T500351,2025-06-17 07:26,OUT-01,Morning,Food,1,11.87,Cash
T500354,2025-06-17 07:26,OUT-01,Morning,Coffee,1,6.47,Card
T500371,2025-06-17 07:26,OUT-01,Morning,Coffee,1,6.47,Wallet
T501716,2025-06-17 07:27,OUT-02,Morning,Pastry,1,3.96,PayNow
T501677,2025-06-17 07:29,OUT-02,Morning,Coffee,1,7.24,PayNow
T500334,2025-06-17 07:30,OUT-01,Morning,Coffee,1,5.72,PayNow
T501712,2025-06-17 07:30,OUT-02,Morning,Coffee,1,5.2,Card
T500331,2025-06-17 07:30,OUT-01,Morning,Coffee,1,8.29,Card
T503883,2025-06-17 07:31,OUT-04,Morning,Coffee,1,5.0,PayNow
T501694,2025-06-17 07:31,OUT-02,Morning,Tea,1,6.11,Cash
T500252,2025-06-17 07:33,OUT-01,Morning,Coffee,1,8.8,Card
T500254,2025-06-17 07:33,OUT-01,Morning,Coffee,1,6.48,Card
T501660,2025-06-17 07:34,OUT-02,Morning,Pastry,1,4.8,Card
T500432,2025-06-17 07:34,OUT-01,Morning,Pastry,1,3.95,Card
T500328,2025-06-17 07:37,OUT-01,Morning,Coffee,1,5.45,Card
T500394,2025-06-17 07:37,OUT-01,Morning,Coffee,1,6.35,Card
T500317,2025-06-17 07:37,OUT-01,Morning,Tea,1,4.87,PayNow
T500267,2025-06-17 07:39,OUT-01,Morning,Coffee,1,6.78,Cash
T500276,2025-06-17 07:40,OUT-01,Morning,Pastry,1,3.88,Wallet
T500269,2025-06-17 07:40,OUT-01,Morning,Coffee,1,6.95,Card
T500411,2025-06-17 07:40,OUT-01,Morning,Coffee,1,6.58,Cash
T502952,2025-06-17 07:40,OUT-03,Morning,Pastry,1,5.5,Card
T502951,2025-06-17 07:41,OUT-03,Morning,Coffee,1,6.03,Wallet
T500408,2025-06-17 07:41,OUT-01,Morning,Pastry,1,5.65,Cash
T500367,2025-06-17 07:42,OUT-01,Morning,Pastry,1,6.41,PayNow
T500263,2025-06-17 07:42,OUT-01,Morning,Coffee,1,6.16,Cash
T500284,2025-06-17 07:42,OUT-01,Morning,Coffee,1,6.2,PayNow
T503905,2025-06-17 07:42,OUT-04,Morning,Pastry,1,5.0,Card
T500396,2025-06-17 07:42,OUT-01,Morning,Pastry,1,4.23,PayNow
T502904,2025-06-17 07:43,OUT-03,Morning,Coffee,1,8.91,PayNow
T502939,2025-06-17 07:43,OUT-03,Morning,Coffee,1,6.79,PayNow
T502906,2025-06-17 07:44,OUT-03,Morning,Pastry,1,6.17,Card
T502923,2025-06-17 07:46,OUT-03,Morning,Tea,1,6.32,Cash
T500285,2025-06-17 07:46,OUT-01,Morning,Coffee,1,7.51,Card
T501665,2025-06-17 07:46,OUT-02,Morning,Coffee,1,4.81,Cash
T501701,2025-06-17 07:48,OUT-02,Morning,Pastry,1,5.53,Cash
T502908,2025-06-17 07:48,OUT-03,Morning,Coffee,1,7.78,Card
T500301,2025-06-17 07:48,OUT-01,Morning,Coffee,1,6.55,Card
T500291,2025-06-17 07:48,OUT-01,Morning,Coffee,1,6.72,Card
T502919,2025-06-17 07:48,OUT-03,Morning,Coffee,1,7.71,Cash
T501676,2025-06-17 07:49,OUT-02,Morning,Coffee,1,5.79,Card
T500326,2025-06-17 07:50,OUT-01,Morning,Tea,1,4.68,Card
T502967,2025-06-17 07:51,OUT-03,Morning,Coffee,1,7.96,Card
T501706,2025-06-17 07:51,OUT-02,Morning,Coffee,1,7.71,Card
T501662,2025-06-17 07:52,OUT-02,Morning,Beans (retail),1,17.53,PayNow
T503915,2025-06-17 07:52,OUT-04,Morning,Pastry,1,4.47,Wallet
T502920,2025-06-17 07:53,OUT-03,Morning,Pastry,1,4.12,PayNow
T500423,2025-06-17 07:53,OUT-01,Morning,Tea,1,5.53,Cash
T500338,2025-06-17 07:53,OUT-01,Morning,Pastry,1,6.12,PayNow
T501682,2025-06-17 07:54,OUT-02,Morning,Coffee,1,6.35,Wallet
T500247,2025-06-17 07:54,OUT-01,Morning,Coffee,1,6.72,PayNow
T500440,2025-06-17 07:54,OUT-01,Morning,Pastry,1,6.09,Cash
T503892,2025-06-17 07:55,OUT-04,Morning,Coffee,1,5.78,Cash
T500312,2025-06-17 07:55,OUT-01,Morning,Coffee,1,5.76,Card
T500373,2025-06-17 07:56,OUT-01,Morning,Pastry,1,5.49,PayNow
T503903,2025-06-17 07:56,OUT-04,Morning,Coffee,1,4.5,PayNow
T500439,2025-06-17 07:56,OUT-01,Morning,Coffee,1,6.82,Card
T501657,2025-06-17 07:57,OUT-02,Morning,Coffee,1,6.31,Card
T500319,2025-06-17 07:57,OUT-01,Morning,Coffee,1,6.16,PayNow
T500256,2025-06-17 07:58,OUT-01,Morning,Pastry,1,3.97,PayNow
T500292,2025-06-17 07:58,OUT-01,Morning,Pastry,1,6.57,PayNow
T500409,2025-06-17 07:58,OUT-01,Morning,Coffee,1,6.66,Cash
T500431,2025-06-17 07:58,OUT-01,Morning,Tea,1,5.07,Cash
T503901,2025-06-17 07:58,OUT-04,Morning,Pastry,1,4.03,Cash
T502924,2025-06-17 07:59,OUT-03,Morning,Pastry,1,5.38,Cash
T500297,2025-06-17 07:59,OUT-01,Morning,Food,1,16.91,Card
T500307,2025-06-17 07:59,OUT-01,Morning,Tea,1,4.58,PayNow
T502930,2025-06-17 08:01,OUT-03,Morning,Coffee,1,6.88,Wallet
T502915,2025-06-17 08:01,OUT-03,Morning,Food,1,19.65,Card
T500425,2025-06-17 08:01,OUT-01,Morning,Food,1,11.22,PayNow
T502916,2025-06-17 08:02,OUT-03,Morning,Tea,1,4.6,Card
T502910,2025-06-17 08:03,OUT-03,Morning,Coffee,1,5.81,Card
T500376,2025-06-17 08:03,OUT-01,Morning,Pastry,1,6.8,Card
T501685,2025-06-17 08:04,OUT-02,Morning,Pastry,1,4.72,Card
T503891,2025-06-17 08:05,OUT-04,Morning,Coffee,1,5.2,PayNow
T502925,2025-06-17 08:05,OUT-03,Morning,Coffee,1,7.88,PayNow
T500293,2025-06-17 08:05,OUT-01,Morning,Beans (retail),1,18.82,PayNow
T500391,2025-06-17 08:06,OUT-01,Morning,Coffee,1,6.48,Wallet
T501673,2025-06-17 08:08,OUT-02,Morning,Coffee,1,5.99,Cash
T501705,2025-06-17 08:09,OUT-02,Morning,Coffee,1,5.85,Cash
T501664,2025-06-17 08:10,OUT-02,Morning,Pastry,1,3.95,Card
T500264,2025-06-17 08:10,OUT-01,Morning,Coffee,1,6.77,Cash
T503886,2025-06-17 08:10,OUT-04,Morning,Tea,1,4.43,Wallet
T500311,2025-06-17 08:11,OUT-01,Morning,Food,1,15.51,Card
T503935,2025-06-17 08:11,OUT-04,Morning,Tea,1,4.16,Card
T500437,2025-06-17 08:11,OUT-01,Morning,Coffee,1,6.87,PayNow
T502948,2025-06-17 08:12,OUT-03,Morning,Coffee,1,7.57,PayNow
T501695,2025-06-17 08:12,OUT-02,Morning,Coffee,1,5.21,Card
T500348,2025-06-17 08:13,OUT-01,Morning,Coffee,1,7.67,Card
T500385,2025-06-17 08:14,OUT-01,Morning,Coffee,1,5.41,PayNow
T500288,2025-06-17 08:14,OUT-01,Morning,Coffee,1,7.39,Cash
T500397,2025-06-17 08:14,OUT-01,Morning,Coffee,1,6.81,PayNow
T503908,2025-06-17 08:14,OUT-04,Morning,Coffee,1,3.22,Wallet
T501680,2025-06-17 08:15,OUT-02,Morning,Coffee,1,5.06,Cash
T501692,2025-06-17 08:15,OUT-02,Morning,Coffee,1,5.32,Card
T500308,2025-06-17 08:16,OUT-01,Morning,Beans (retail),1,21.53,Card
T501663,2025-06-17 08:17,OUT-02,Morning,Coffee,1,6.42,PayNow
T503930,2025-06-17 08:17,OUT-04,Morning,Food,1,14.59,Cash
T500415,2025-06-17 08:18,OUT-01,Morning,Tea,1,4.62,Card
T501669,2025-06-17 08:18,OUT-02,Morning,Pastry,1,4.09,PayNow
T500296,2025-06-17 08:18,OUT-01,Morning,Coffee,1,6.36,Cash
T500250,2025-06-17 08:19,OUT-01,Morning,Tea,1,5.34,Card
T500274,2025-06-17 08:20,OUT-01,Morning,Coffee,1,4.92,PayNow
T500370,2025-06-17 08:21,OUT-01,Morning,Coffee,1,5.86,PayNow
T502956,2025-06-17 08:21,OUT-03,Morning,Coffee,1,7.89,Card
T500346,2025-06-17 08:22,OUT-01,Morning,Coffee,1,7.22,Wallet
T502935,2025-06-17 08:22,OUT-03,Morning,Tea,1,6.72,PayNow
T500268,2025-06-17 08:23,OUT-01,Morning,Coffee,1,5.09,PayNow
T500273,2025-06-17 08:23,OUT-01,Morning,Coffee,1,7.62,Cash
T500322,2025-06-17 08:24,OUT-01,Morning,Coffee,1,7.67,Card
T502927,2025-06-17 08:24,OUT-03,Morning,Pastry,1,4.32,PayNow
T503889,2025-06-17 08:27,OUT-04,Morning,Pastry,1,4.51,Card
T502937,2025-06-17 08:28,OUT-03,Morning,Pastry,1,5.51,PayNow
T502931,2025-06-17 08:31,OUT-03,Morning,Pastry,1,5.58,PayNow
T500374,2025-06-17 08:31,OUT-01,Morning,Pastry,1,5.82,Card
T500387,2025-06-17 08:31,OUT-01,Morning,Coffee,1,5.29,Card
T500335,2025-06-17 08:33,OUT-01,Morning,Coffee,1,7.42,PayNow
T503911,2025-06-17 08:34,OUT-04,Morning,Coffee,1,5.57,Wallet
T500375,2025-06-17 08:35,OUT-01,Morning,Coffee,1,6.5,PayNow
T502918,2025-06-17 08:36,OUT-03,Morning,Coffee,1,7.24,Card
T502968,2025-06-17 08:36,OUT-03,Morning,Food,1,14.14,Cash
T500272,2025-06-17 08:37,OUT-01,Morning,Tea,1,5.84,Card
T501671,2025-06-17 08:38,OUT-02,Morning,Coffee,1,5.5,PayNow
T500327,2025-06-17 08:38,OUT-01,Morning,Pastry,1,5.85,Card
T500419,2025-06-17 08:40,OUT-01,Morning,Coffee,1,6.86,PayNow
T502961,2025-06-17 08:40,OUT-03,Morning,Coffee,1,6.49,Card
T500318,2025-06-17 08:41,OUT-01,Morning,Coffee,1,6.43,Card
T500429,2025-06-17 08:41,OUT-01,Morning,Coffee,1,8.18,Card
T500372,2025-06-17 08:42,OUT-01,Morning,Coffee,1,6.35,Card
T500324,2025-06-17 08:43,OUT-01,Morning,Pastry,1,5.3,Card
T500379,2025-06-17 08:43,OUT-01,Morning,Pastry,1,4.28,Card
T502912,2025-06-17 08:44,OUT-03,Morning,Coffee,1,7.63,Cash
T501668,2025-06-17 08:44,OUT-02,Morning,Coffee,1,5.8,Card
T502957,2025-06-17 08:44,OUT-03,Morning,Coffee,1,4.8,Card
T501717,2025-06-17 08:45,OUT-02,Morning,Tea,1,5.37,Cash
T502955,2025-06-17 08:46,OUT-03,Morning,Tea,1,4.47,Card
T502980,2025-06-17 08:47,OUT-03,Morning,Pastry,2,7.89,PayNow
T500278,2025-06-17 08:47,OUT-01,Morning,Pastry,1,5.51,PayNow
T500377,2025-06-17 08:47,OUT-01,Morning,Pastry,1,5.45,Card
T502966,2025-06-17 08:47,OUT-03,Morning,Coffee,1,8.1,Card
T500388,2025-06-17 08:49,OUT-01,Morning,Pastry,1,4.61,PayNow
T503882,2025-06-17 08:49,OUT-04,Morning,Coffee,1,5.67,Card
T503899,2025-06-17 08:50,OUT-04,Morning,Coffee,1,6.68,PayNow
T503937,2025-06-17 08:50,OUT-04,Morning,Food,1,9.82,Cash
T500282,2025-06-17 08:51,OUT-01,Morning,Coffee,1,4.65,Wallet
T503896,2025-06-17 08:52,OUT-04,Morning,Coffee,1,5.91,PayNow
T500309,2025-06-17 08:52,OUT-01,Morning,Tea,1,4.69,PayNow
T501661,2025-06-17 08:52,OUT-02,Morning,Coffee,1,6.45,Cash
T502976,2025-06-17 08:53,OUT-03,Morning,Coffee,1,5.23,Card
T500438,2025-06-17 08:53,OUT-01,Morning,Coffee,1,7.93,Card
T503909,2025-06-17 08:53,OUT-04,Morning,Coffee,1,5.18,Cash
T500320,2025-06-17 08:53,OUT-01,Morning,Coffee,1,4.12,Wallet
T500321,2025-06-17 08:53,OUT-01,Morning,Coffee,1,6.78,Wallet
T503894,2025-06-17 08:54,OUT-04,Morning,Pastry,1,3.28,PayNow
T503902,2025-06-17 08:54,OUT-04,Morning,Coffee,1,5.67,PayNow
T503884,2025-06-17 08:55,OUT-04,Morning,Coffee,1,6.62,Cash
T503921,2025-06-17 08:55,OUT-04,Morning,Coffee,1,5.28,Card
T500353,2025-06-17 08:56,OUT-01,Morning,Coffee,1,7.35,Card
T502945,2025-06-17 08:56,OUT-03,Morning,Coffee,1,6.89,PayNow
T500329,2025-06-17 09:01,OUT-01,Morning,Coffee,1,6.34,PayNow
T500407,2025-06-17 09:02,OUT-01,Morning,Coffee,1,5.62,PayNow
T500283,2025-06-17 09:02,OUT-01,Morning,Pastry,1,4.71,Card
T502974,2025-06-17 09:02,OUT-03,Morning,Coffee,1,5.64,PayNow
T500414,2025-06-17 09:03,OUT-01,Morning,Coffee,1,5.21,Cash
T502972,2025-06-17 09:03,OUT-03,Morning,Coffee,1,6.67,PayNow
T502965,2025-06-17 09:04,OUT-03,Morning,Coffee,1,7.09,Card
T500430,2025-06-17 09:06,OUT-01,Morning,Tea,1,5.26,Cash
T500436,2025-06-17 09:06,OUT-01,Morning,Coffee,1,7.01,Card
T501684,2025-06-17 09:08,OUT-02,Morning,Coffee,1,6.24,Cash
T501687,2025-06-17 09:09,OUT-02,Morning,Coffee,1,5.61,PayNow
T500368,2025-06-17 09:11,OUT-01,Morning,Tea,1,5.59,PayNow
T502942,2025-06-17 09:11,OUT-03,Morning,Coffee,1,7.58,PayNow
T502949,2025-06-17 09:11,OUT-03,Morning,Pastry,2,8.35,PayNow
T503887,2025-06-17 09:11,OUT-04,Morning,Pastry,1,3.24,Cash
T500393,2025-06-17 09:12,OUT-01,Morning,Pastry,1,5.98,Card
T500300,2025-06-17 09:12,OUT-01,Morning,Coffee,1,6.96,Card
T502917,2025-06-17 09:13,OUT-03,Morning,Pastry,1,6.8,Card
T502962,2025-06-17 09:13,OUT-03,Morning,Food,1,16.17,PayNow
T500428,2025-06-17 09:14,OUT-01,Morning,Coffee,1,6.41,Wallet
T500325,2025-06-17 09:14,OUT-01,Morning,Pastry,1,4.54,Cash
T501718,2025-06-17 09:15,OUT-02,Morning,Coffee,1,6.7,Card
T501702,2025-06-17 09:17,OUT-02,Morning,Coffee,1,6.13,Card
T500294,2025-06-17 09:18,OUT-01,Morning,Coffee,1,5.78,PayNow
T500304,2025-06-17 09:18,OUT-01,Morning,Pastry,1,5.13,Wallet
T503932,2025-06-17 09:18,OUT-04,Morning,Coffee,1,4.87,Cash
T501654,2025-06-17 09:19,OUT-02,Morning,Pastry,1,6.67,Card
T500433,2025-06-17 09:20,OUT-01,Morning,Coffee,1,6.67,Cash
T500289,2025-06-17 09:20,OUT-01,Morning,Coffee,1,4.82,Card
T502921,2025-06-17 09:20,OUT-03,Morning,Pastry,1,6.63,PayNow
T500356,2025-06-17 09:20,OUT-01,Morning,Coffee,1,6.62,Wallet
T503920,2025-06-17 09:20,OUT-04,Morning,Coffee,1,6.56,Wallet
T500392,2025-06-17 09:20,OUT-01,Morning,Coffee,1,6.74,Card
T500270,2025-06-17 09:21,OUT-01,Morning,Coffee,1,6.4,Card
T501699,2025-06-17 09:21,OUT-02,Morning,Coffee,1,6.81,PayNow
T502940,2025-06-17 09:22,OUT-03,Morning,Pastry,1,5.79,Cash
T503919,2025-06-17 09:22,OUT-04,Morning,Coffee,1,5.22,Cash
T502928,2025-06-17 09:23,OUT-03,Morning,Pastry,1,5.92,PayNow
T501708,2025-06-17 09:23,OUT-02,Morning,Tea,1,4.41,PayNow
T502946,2025-06-17 09:24,OUT-03,Morning,Pastry,1,7.79,Wallet
T500403,2025-06-17 09:24,OUT-01,Morning,Coffee,1,7.1,Card
T500255,2025-06-17 09:24,OUT-01,Morning,Coffee,1,5.94,Card
T500420,2025-06-17 09:25,OUT-01,Morning,Coffee,1,6.3,PayNow
T500398,2025-06-17 09:26,OUT-01,Morning,Coffee,1,6.47,PayNow
T503917,2025-06-17 09:26,OUT-04,Morning,Coffee,1,4.7,Card
T500330,2025-06-17 09:26,OUT-01,Morning,Pastry,1,6.09,Card
T500279,2025-06-17 09:27,OUT-01,Morning,Pastry,1,5.04,PayNow
T503893,2025-06-17 09:27,OUT-04,Morning,Coffee,1,5.66,PayNow
T500271,2025-06-17 09:30,OUT-01,Morning,Tea,1,5.11,Card
T503880,2025-06-17 09:30,OUT-04,Morning,Pastry,1,4.05,Wallet
T501711,2025-06-17 09:31,OUT-02,Morning,Coffee,1,6.56,PayNow
T500364,2025-06-17 09:32,OUT-01,Morning,Coffee,1,8.37,PayNow
T500259,2025-06-17 09:32,OUT-01,Morning,Coffee,1,6.62,PayNow
T500417,2025-06-17 09:32,OUT-01,Morning,Pastry,1,5.92,PayNow
T503928,2025-06-17 09:32,OUT-04,Morning,Beans (retail),1,16.36,PayNow
T500265,2025-06-17 09:34,OUT-01,Morning,Coffee,1,5.96,Card
T502905,2025-06-17 09:36,OUT-03,Morning,Coffee,1,4.66,PayNow
T503934,2025-06-17 09:36,OUT-04,Morning,Coffee,1,5.26,Wallet
T502947,2025-06-17 09:38,OUT-03,Morning,Coffee,1,6.64,PayNow
T500360,2025-06-17 09:38,OUT-01,Morning,Pastry,1,5.55,Card
T502913,2025-06-17 09:38,OUT-03,Morning,Pastry,1,5.52,Card
T501674,2025-06-17 09:41,OUT-02,Morning,Coffee,1,6.98,Wallet
T500299,2025-06-17 09:41,OUT-01,Morning,Coffee,1,5.3,Cash
T500402,2025-06-17 09:41,OUT-01,Morning,Pastry,1,5.33,PayNow
T503929,2025-06-17 09:41,OUT-04,Morning,Coffee,1,4.54,Cash
T500295,2025-06-17 09:42,OUT-01,Morning,Coffee,1,6.85,Wallet
T500336,2025-06-17 09:42,OUT-01,Morning,Coffee,1,7.13,Cash
T503926,2025-06-17 09:42,OUT-04,Morning,Beans (retail),1,18.05,PayNow
T501713,2025-06-17 09:42,OUT-02,Morning,Pastry,1,4.81,Wallet
T502977,2025-06-17 09:43,OUT-03,Morning,Coffee,1,6.4,Card
T502929,2025-06-17 09:43,OUT-03,Morning,Coffee,1,8.42,Cash
T501690,2025-06-17 09:44,OUT-02,Morning,Coffee,1,6.47,Cash
T500332,2025-06-17 09:44,OUT-01,Morning,Coffee,1,6.01,PayNow
T503895,2025-06-17 09:45,OUT-04,Morning,Coffee,1,4.0,PayNow
T501686,2025-06-17 09:45,OUT-02,Morning,Pastry,1,4.66,Card
T501707,2025-06-17 09:46,OUT-02,Morning,Coffee,1,6.36,Card
T501675,2025-06-17 09:47,OUT-02,Morning,Coffee,1,6.35,Card
T502971,2025-06-17 09:48,OUT-03,Morning,Pastry,1,6.29,PayNow
T503918,2025-06-17 09:49,OUT-04,Morning,Food,1,14.68,PayNow
T501670,2025-06-17 09:50,OUT-02,Morning,Coffee,1,4.91,Wallet
T500314,2025-06-17 09:50,OUT-01,Morning,Pastry,1,6.59,Cash
T502964,2025-06-17 09:50,OUT-03,Morning,Pastry,1,5.7,PayNow
T501659,2025-06-17 09:50,OUT-02,Morning,Coffee,1,6.88,PayNow
T500261,2025-06-17 09:51,OUT-01,Morning,Pastry,1,5.41,PayNow
T503913,2025-06-17 09:51,OUT-04,Morning,Coffee,1,3.44,PayNow
T501703,2025-06-17 09:52,OUT-02,Morning,Coffee,1,6.44,Card
T502954,2025-06-17 09:53,OUT-03,Morning,Pastry,1,5.92,Card
T502979,2025-06-17 09:53,OUT-03,Morning,Tea,1,6.06,Card
T500246,2025-06-17 09:54,OUT-01,Morning,Tea,1,6.16,Wallet
T500344,2025-06-17 09:54,OUT-01,Morning,Pastry,1,4.54,PayNow
T503916,2025-06-17 09:56,OUT-04,Morning,Coffee,1,5.1,Card
T500405,2025-06-17 09:56,OUT-01,Morning,Pastry,1,6.54,PayNow
T500281,2025-06-17 09:56,OUT-01,Morning,Coffee,1,6.45,Card
T500421,2025-06-17 09:57,OUT-01,Morning,Tea,1,5.46,PayNow
T501693,2025-06-17 09:57,OUT-02,Morning,Coffee,1,6.96,Wallet
T500357,2025-06-17 09:58,OUT-01,Morning,Coffee,1,5.66,PayNow
T503914,2025-06-17 10:00,OUT-04,Morning,Beans (retail),1,22.92,PayNow
T500361,2025-06-17 10:01,OUT-01,Morning,Coffee,1,6.4,PayNow
T500355,2025-06-17 10:01,OUT-01,Morning,Coffee,1,6.33,Card
T502936,2025-06-17 10:01,OUT-03,Morning,Coffee,1,8.57,Card
T500275,2025-06-17 10:01,OUT-01,Morning,Coffee,1,6.53,Card
T500306,2025-06-17 10:02,OUT-01,Morning,Pastry,1,6.66,Card
T500333,2025-06-17 10:02,OUT-01,Morning,Coffee,1,6.97,PayNow
T500323,2025-06-17 10:02,OUT-01,Morning,Pastry,1,7.26,Wallet
T500441,2025-06-17 10:04,OUT-01,Morning,Coffee,1,7.39,Cash
T502932,2025-06-17 10:04,OUT-03,Morning,Beans (retail),1,24.19,PayNow
T501698,2025-06-17 10:05,OUT-02,Morning,Coffee,1,5.57,Wallet
T503922,2025-06-17 10:05,OUT-04,Morning,Coffee,1,5.08,PayNow
T502941,2025-06-17 10:05,OUT-03,Morning,Coffee,1,5.13,Card
T502969,2025-06-17 10:05,OUT-03,Morning,Coffee,1,5.9,Wallet
T500290,2025-06-17 10:06,OUT-01,Morning,Coffee,1,6.47,Card
T500313,2025-06-17 10:07,OUT-01,Morning,Tea,1,5.42,Wallet
T503897,2025-06-17 10:08,OUT-04,Morning,Pastry,1,5.22,Card
T500400,2025-06-17 10:08,OUT-01,Morning,Food,1,16.36,Card
T501697,2025-06-17 10:09,OUT-02,Morning,Pastry,1,4.42,PayNow
T501672,2025-06-17 10:09,OUT-02,Morning,Coffee,1,6.66,Card
T500399,2025-06-17 10:09,OUT-01,Morning,Coffee,1,5.77,Card
T502943,2025-06-17 10:10,OUT-03,Morning,Coffee,1,7.1,Wallet
T501691,2025-06-17 10:10,OUT-02,Morning,Tea,1,5.33,PayNow
T500298,2025-06-17 10:10,OUT-01,Morning,Coffee,1,6.72,Card
T500352,2025-06-17 10:10,OUT-01,Morning,Pastry,1,5.43,PayNow
T500390,2025-06-17 10:10,OUT-01,Morning,Pastry,1,5.59,Card
T503931,2025-06-17 10:10,OUT-04,Morning,Pastry,1,5.83,PayNow
T502950,2025-06-17 10:11,OUT-03,Morning,Pastry,1,5.8,Wallet
T500427,2025-06-17 10:12,OUT-01,Morning,Coffee,1,7.08,PayNow
T500316,2025-06-17 10:12,OUT-01,Morning,Coffee,1,8.24,Card
T500262,2025-06-17 10:13,OUT-01,Morning,Coffee,1,6.35,Wallet
T501719,2025-06-17 10:14,OUT-02,Morning,Tea,1,4.84,Card
T501715,2025-06-17 10:15,OUT-02,Morning,Coffee,1,5.28,Wallet
T500426,2025-06-17 10:15,OUT-01,Morning,Coffee,1,6.45,PayNow
T500347,2025-06-17 10:15,OUT-01,Morning,Tea,1,4.82,Wallet
T503907,2025-06-17 10:16,OUT-04,Morning,Coffee,1,6.25,PayNow
T500366,2025-06-17 10:17,OUT-01,Morning,Pastry,1,4.47,PayNow
T503898,2025-06-17 10:17,OUT-04,Morning,Pastry,1,6.06,PayNow
T500258,2025-06-17 10:17,OUT-01,Morning,Pastry,1,7.56,Cash
T503912,2025-06-17 10:17,OUT-04,Morning,Coffee,1,4.68,PayNow
T500266,2025-06-17 10:17,OUT-01,Morning,Pastry,1,4.66,Card
T503904,2025-06-17 10:19,OUT-04,Morning,Coffee,1,5.22,PayNow
T500416,2025-06-17 10:19,OUT-01,Morning,Coffee,1,5.25,Cash
T503888,2025-06-17 10:19,OUT-04,Morning,Pastry,1,4.61,Wallet
T503925,2025-06-17 10:19,OUT-04,Morning,Coffee,1,6.47,Cash
T500315,2025-06-17 10:20,OUT-01,Morning,Food,1,14.38,Wallet
T500280,2025-06-17 10:21,OUT-01,Morning,Tea,1,4.85,PayNow
T500358,2025-06-17 10:21,OUT-01,Morning,Tea,1,5.85,Wallet
T500384,2025-06-17 10:22,OUT-01,Morning,Tea,1,4.9,PayNow
T502973,2025-06-17 10:23,OUT-03,Morning,Coffee,1,6.57,PayNow
T502978,2025-06-17 10:23,OUT-03,Morning,Pastry,1,4.88,Card
T501666,2025-06-17 10:24,OUT-02,Morning,Pastry,1,5.2,Cash
T500413,2025-06-17 10:24,OUT-01,Morning,Coffee,1,5.66,PayNow
T502938,2025-06-17 10:25,OUT-03,Morning,Coffee,1,6.72,Wallet
T500310,2025-06-17 10:25,OUT-01,Morning,Coffee,1,6.54,PayNow
T500350,2025-06-17 10:25,OUT-01,Morning,Coffee,1,5.3,Wallet
T503885,2025-06-17 10:25,OUT-04,Morning,Coffee,1,4.88,PayNow
T500383,2025-06-17 10:26,OUT-01,Morning,Coffee,1,6.32,Wallet
T500389,2025-06-17 10:26,OUT-01,Morning,Coffee,1,5.1,Card
T501679,2025-06-17 10:26,OUT-02,Morning,Coffee,1,3.72,Card
T500302,2025-06-17 10:26,OUT-01,Morning,Beans (retail),1,27.35,PayNow
T503881,2025-06-17 10:26,OUT-04,Morning,Pastry,1,4.94,Card
T500260,2025-06-17 10:27,OUT-01,Morning,Pastry,1,5.35,Wallet
T502933,2025-06-17 10:27,OUT-03,Morning,Coffee,1,6.47,Card
T502959,2025-06-17 10:28,OUT-03,Morning,Coffee,1,6.35,PayNow
T501667,2025-06-17 10:30,OUT-02,Morning,Coffee,1,5.98,PayNow
T500339,2025-06-17 10:31,OUT-01,Morning,Coffee,1,6.88,Cash
T500349,2025-06-17 10:31,OUT-01,Morning,Pastry,1,5.06,Card
T500341,2025-06-17 10:32,OUT-01,Morning,Coffee,1,6.47,PayNow
T500303,2025-06-17 10:34,OUT-01,Morning,Tea,1,5.04,Card
T500345,2025-06-17 10:35,OUT-01,Morning,Pastry,1,7.44,Card
T500424,2025-06-17 10:36,OUT-01,Morning,Coffee,1,7.46,Card
T500248,2025-06-17 10:36,OUT-01,Morning,Coffee,1,6.65,PayNow
T500412,2025-06-17 10:37,OUT-01,Morning,Coffee,1,6.11,Wallet
T500287,2025-06-17 10:37,OUT-01,Morning,Coffee,1,7.63,Card
T501678,2025-06-17 10:37,OUT-02,Morning,Coffee,1,7.41,Card
T500406,2025-06-17 10:39,OUT-01,Morning,Coffee,1,5.84,PayNow
T501681,2025-06-17 10:40,OUT-02,Morning,Coffee,1,7.38,PayNow
T501688,2025-06-17 10:40,OUT-02,Morning,Pastry,1,5.42,Cash
T500378,2025-06-17 10:41,OUT-01,Morning,Coffee,1,6.81,Card
T502914,2025-06-17 10:42,OUT-03,Morning,Coffee,1,7.2,PayNow
T501683,2025-06-17 10:43,OUT-02,Morning,Coffee,1,6.17,Cash
T501704,2025-06-17 10:43,OUT-02,Morning,Tea,1,4.82,Cash
T503933,2025-06-17 10:43,OUT-04,Morning,Food,1,14.28,PayNow
T503936,2025-06-17 10:44,OUT-04,Morning,Coffee,1,6.21,PayNow
T502926,2025-06-17 10:44,OUT-03,Morning,Coffee,1,7.63,Card
T502958,2025-06-17 10:45,OUT-03,Morning,Pastry,1,6.06,PayNow
T502907,2025-06-17 10:45,OUT-03,Morning,Tea,1,4.69,PayNow
T500395,2025-06-17 10:45,OUT-01,Morning,Pastry,1,6.04,Card
T502934,2025-06-17 10:46,OUT-03,Morning,Coffee,1,6.44,Card
T500286,2025-06-17 10:48,OUT-01,Morning,Coffee,1,5.68,Card
T501714,2025-06-17 10:49,OUT-02,Morning,Beans (retail),1,20.73,PayNow
T500434,2025-06-17 10:49,OUT-01,Morning,Coffee,1,7.09,Wallet
T500359,2025-06-17 10:50,OUT-01,Morning,Coffee,1,7.1,Card
T502944,2025-06-17 10:50,OUT-03,Morning,Pastry,1,7.3,PayNow
T500410,2025-06-17 10:51,OUT-01,Morning,Coffee,1,5.9,Cash
T502909,2025-06-17 10:51,OUT-03,Morning,Coffee,1,6.91,Cash
T500337,2025-06-17 10:53,OUT-01,Morning,Coffee,1,5.95,Wallet
T501655,2025-06-17 10:53,OUT-02,Morning,Coffee,1,5.65,Cash
T503924,2025-06-17 10:55,OUT-04,Morning,Coffee,1,5.38,PayNow
T500343,2025-06-17 10:55,OUT-01,Morning,Pastry,1,5.7,Card
T501696,2025-06-17 10:56,OUT-02,Morning,Coffee,1,4.87,PayNow
T501709,2025-06-17 10:57,OUT-02,Morning,Tea,1,5.06,Card
T500382,2025-06-17 10:58,OUT-01,Morning,Tea,1,5.3,Card
T500404,2025-06-17 10:59,OUT-01,Morning,Coffee,1,5.51,Card
T500418,2025-06-17 10:59,OUT-01,Morning,Coffee,1,5.78,Cash
T503900,2025-06-17 10:59,OUT-04,Morning,Tea,1,5.02,PayNow
T500468,2025-06-17 11:02,OUT-01,Midday,Food,1,16.28,PayNow
T501731,2025-06-17 11:03,OUT-02,Midday,Tea,1,4.72,PayNow
T501738,2025-06-17 11:07,OUT-02,Midday,Food,1,10.65,Card
T500444,2025-06-17 11:08,OUT-01,Midday,Food,1,11.39,PayNow
T501761,2025-06-17 11:09,OUT-02,Midday,Coffee,1,5.27,PayNow
T500492,2025-06-17 11:09,OUT-01,Midday,Tea,1,5.25,Wallet
T500489,2025-06-17 11:10,OUT-01,Midday,Pastry,1,5.43,Card
T500479,2025-06-17 11:10,OUT-01,Midday,Coffee,1,6.65,Card
T500488,2025-06-17 11:11,OUT-01,Midday,Pastry,1,5.57,PayNow
T500461,2025-06-17 11:11,OUT-01,Midday,Food,1,13.84,PayNow
T503954,2025-06-17 11:12,OUT-04,Midday,Tea,1,5.34,PayNow
T500481,2025-06-17 11:12,OUT-01,Midday,Food,1,17.47,PayNow
T500517,2025-06-17 11:13,OUT-01,Midday,Food,1,20.73,Wallet
T500453,2025-06-17 11:13,OUT-01,Midday,Food,1,14.65,Card
T503957,2025-06-17 11:15,OUT-04,Midday,Food,1,13.01,Card
T501729,2025-06-17 11:15,OUT-02,Midday,Tea,1,4.92,PayNow
T503939,2025-06-17 11:15,OUT-04,Midday,Food,1,16.5,Card
T500471,2025-06-17 11:15,OUT-01,Midday,Food,1,14.09,Card
T500495,2025-06-17 11:15,OUT-01,Midday,Beans (retail),1,18.52,PayNow
T502987,2025-06-17 11:17,OUT-03,Midday,Food,1,16.12,Card
T500459,2025-06-17 11:17,OUT-01,Midday,Food,1,15.16,Card
T503003,2025-06-17 11:19,OUT-03,Midday,Pastry,1,3.84,PayNow
T500451,2025-06-17 11:19,OUT-01,Midday,Coffee,1,6.16,PayNow
T503012,2025-06-17 11:19,OUT-03,Midday,Food,1,13.72,Wallet
T503002,2025-06-17 11:21,OUT-03,Midday,Tea,1,4.47,Card
T500472,2025-06-17 11:21,OUT-01,Midday,Food,1,17.74,PayNow
T500448,2025-06-17 11:22,OUT-01,Midday,Food,1,15.15,PayNow
T500483,2025-06-17 11:22,OUT-01,Midday,Food,1,13.78,Card
T503973,2025-06-17 11:24,OUT-04,Midday,Tea,1,5.35,Wallet
T501770,2025-06-17 11:25,OUT-02,Midday,Pastry,1,3.13,PayNow
T500512,2025-06-17 11:26,OUT-01,Midday,Food,1,11.0,Card
T501721,2025-06-17 11:27,OUT-02,Midday,Tea,1,5.73,PayNow
T501758,2025-06-17 11:27,OUT-02,Midday,Food,1,14.0,Card
T500523,2025-06-17 11:27,OUT-01,Midday,Coffee,1,6.98,Cash
T500467,2025-06-17 11:28,OUT-01,Midday,Food,1,12.63,PayNow
T503001,2025-06-17 11:28,OUT-03,Midday,Coffee,1,5.31,Wallet
T501734,2025-06-17 11:29,OUT-02,Midday,Coffee,1,7.03,Cash
T502985,2025-06-17 11:30,OUT-03,Midday,Coffee,1,5.78,Wallet
T501744,2025-06-17 11:30,OUT-02,Midday,Beans (retail),1,23.29,PayNow
T503971,2025-06-17 11:30,OUT-04,Midday,Food,1,15.24,Card
T500522,2025-06-17 11:31,OUT-01,Midday,Coffee,1,6.58,Cash
T500508,2025-06-17 11:31,OUT-01,Midday,Tea,1,5.89,PayNow
T503941,2025-06-17 11:32,OUT-04,Midday,Food,1,17.05,PayNow
T503962,2025-06-17 11:34,OUT-04,Midday,Food,1,12.99,PayNow
T500455,2025-06-17 11:35,OUT-01,Midday,Food,1,18.61,Card
T500490,2025-06-17 11:36,OUT-01,Midday,Food,1,18.07,Card
T501769,2025-06-17 11:37,OUT-02,Midday,Food,1,16.28,Card
T503005,2025-06-17 11:42,OUT-03,Midday,Food,1,9.04,PayNow
T503958,2025-06-17 11:42,OUT-04,Midday,Coffee,1,8.54,Card
T503978,2025-06-17 11:43,OUT-04,Midday,Coffee,1,7.95,PayNow
T503019,2025-06-17 11:44,OUT-03,Midday,Pastry,1,5.17,Card
T503940,2025-06-17 11:44,OUT-04,Midday,Food,1,16.9,PayNow
T500480,2025-06-17 11:48,OUT-01,Midday,Food,1,10.58,Card
T503951,2025-06-17 11:48,OUT-04,Midday,Food,1,16.57,Cash
T500496,2025-06-17 11:48,OUT-01,Midday,Tea,1,4.44,Card
T503959,2025-06-17 11:49,OUT-04,Midday,Tea,1,5.35,Cash
T503014,2025-06-17 11:49,OUT-03,Midday,Food,1,12.91,Cash
T502997,2025-06-17 11:49,OUT-03,Midday,Food,1,12.79,Card
T500470,2025-06-17 11:50,OUT-01,Midday,Food,1,11.01,PayNow
T502991,2025-06-17 11:51,OUT-03,Midday,Beans (retail),1,22.57,Card
T503017,2025-06-17 11:52,OUT-03,Midday,Food,1,11.47,PayNow
T500452,2025-06-17 11:54,OUT-01,Midday,Coffee,1,4.28,Wallet
T501735,2025-06-17 11:56,OUT-02,Midday,Tea,1,4.83,PayNow
T501753,2025-06-17 11:59,OUT-02,Midday,Food,1,16.94,PayNow
T501749,2025-06-17 11:59,OUT-02,Midday,Food,1,15.84,PayNow
T500513,2025-06-17 12:00,OUT-01,Midday,Food,1,15.56,Card
T501733,2025-06-17 12:00,OUT-02,Midday,Food,1,12.8,PayNow
T503979,2025-06-17 12:00,OUT-04,Midday,Coffee,1,8.38,PayNow
T503016,2025-06-17 12:01,OUT-03,Midday,Food,1,10.77,PayNow
T503980,2025-06-17 12:01,OUT-04,Midday,Coffee,1,5.8,Cash
T503982,2025-06-17 12:02,OUT-04,Midday,Food,1,12.14,Card
T502982,2025-06-17 12:03,OUT-03,Midday,Coffee,1,5.11,Card
T503961,2025-06-17 12:04,OUT-04,Midday,Food,1,20.18,Wallet
T501762,2025-06-17 12:04,OUT-02,Midday,Food,1,11.81,Wallet
T502983,2025-06-17 12:04,OUT-03,Midday,Coffee,1,6.39,PayNow
T503944,2025-06-17 12:04,OUT-04,Midday,Pastry,1,6.18,PayNow
T501740,2025-06-17 12:06,OUT-02,Midday,Food,1,16.79,Card
T503013,2025-06-17 12:07,OUT-03,Midday,Food,1,10.1,Card
T502992,2025-06-17 12:08,OUT-03,Midday,Food,1,13.43,Card
T500515,2025-06-17 12:08,OUT-01,Midday,Food,1,15.27,Card
T500457,2025-06-17 12:08,OUT-01,Midday,Food,1,11.17,PayNow
T501747,2025-06-17 12:10,OUT-02,Midday,Tea,1,4.39,Wallet
T500482,2025-06-17 12:10,OUT-01,Midday,Food,1,14.01,Wallet
T503948,2025-06-17 12:11,OUT-04,Midday,Coffee,1,7.78,PayNow
T500497,2025-06-17 12:11,OUT-01,Midday,Coffee,1,4.71,Card
T502981,2025-06-17 12:15,OUT-03,Midday,Food,1,16.68,PayNow
T503977,2025-06-17 12:16,OUT-04,Midday,Food,1,18.69,PayNow
T503011,2025-06-17 12:19,OUT-03,Midday,Coffee,1,6.33,PayNow
T500442,2025-06-17 12:20,OUT-01,Midday,Food,1,13.45,Wallet
T501723,2025-06-17 12:21,OUT-02,Midday,Pastry,1,5.84,PayNow
T500506,2025-06-17 12:21,OUT-01,Midday,Coffee,1,6.03,Card
T501756,2025-06-17 12:24,OUT-02,Midday,Food,1,11.42,Card
T500504,2025-06-17 12:25,OUT-01,Midday,Coffee,1,6.18,Card
T503966,2025-06-17 12:26,OUT-04,Midday,Coffee,1,6.51,Card
T500510,2025-06-17 12:26,OUT-01,Midday,Coffee,1,7.19,Cash
T501751,2025-06-17 12:27,OUT-02,Midday,Food,1,8.75,PayNow
T500525,2025-06-17 12:28,OUT-01,Midday,Food,1,14.62,Wallet
T500445,2025-06-17 12:29,OUT-01,Midday,Coffee,1,6.26,Cash
T503018,2025-06-17 12:33,OUT-03,Midday,Food,1,14.76,PayNow
T503000,2025-06-17 12:34,OUT-03,Midday,Food,1,15.12,PayNow
T500511,2025-06-17 12:34,OUT-01,Midday,Coffee,1,4.84,Card
T500454,2025-06-17 12:35,OUT-01,Midday,Coffee,1,6.73,PayNow
T503963,2025-06-17 12:39,OUT-04,Midday,Food,1,10.87,Wallet
T501750,2025-06-17 12:42,OUT-02,Midday,Food,1,19.92,PayNow
T500499,2025-06-17 12:43,OUT-01,Midday,Pastry,1,6.15,PayNow
T503968,2025-06-17 12:43,OUT-04,Midday,Food,1,19.85,Card
T501725,2025-06-17 12:44,OUT-02,Midday,Tea,1,4.27,PayNow
T501757,2025-06-17 12:46,OUT-02,Midday,Pastry,1,5.44,Card
T500516,2025-06-17 12:47,OUT-01,Midday,Pastry,1,4.63,Card
T500505,2025-06-17 12:49,OUT-01,Midday,Food,1,13.1,PayNow
T500487,2025-06-17 12:49,OUT-01,Midday,Food,1,7.93,PayNow
T500491,2025-06-17 12:52,OUT-01,Midday,Coffee,1,8.5,Card
T503007,2025-06-17 12:52,OUT-03,Midday,Coffee,1,5.52,PayNow
T503015,2025-06-17 12:52,OUT-03,Midday,Beans (retail),1,26.04,Card
T501765,2025-06-17 12:52,OUT-02,Midday,Coffee,1,5.58,Card
T503009,2025-06-17 12:53,OUT-03,Midday,Coffee,1,4.99,PayNow
T500474,2025-06-17 12:54,OUT-01,Midday,Pastry,1,5.23,Card
T500520,2025-06-17 12:56,OUT-01,Midday,Coffee,1,4.14,Card
T503984,2025-06-17 13:00,OUT-04,Midday,Coffee,1,5.98,PayNow
T500498,2025-06-17 13:02,OUT-01,Midday,Food,1,18.65,PayNow
T502996,2025-06-17 13:03,OUT-03,Midday,Food,1,8.69,Wallet
T501720,2025-06-17 13:04,OUT-02,Midday,Food,1,12.15,Cash
T503955,2025-06-17 13:04,OUT-04,Midday,Coffee,1,6.7,Wallet
T500449,2025-06-17 13:05,OUT-01,Midday,Food,1,10.54,Cash
T503970,2025-06-17 13:06,OUT-04,Midday,Food,1,15.33,Card
T500484,2025-06-17 13:07,OUT-01,Midday,Pastry,1,4.38,Card
T501743,2025-06-17 13:07,OUT-02,Midday,Food,1,16.97,Card
T501763,2025-06-17 13:08,OUT-02,Midday,Tea,1,4.53,Card
T501746,2025-06-17 13:09,OUT-02,Midday,Coffee,1,6.61,PayNow
T500446,2025-06-17 13:10,OUT-01,Midday,Food,1,18.48,PayNow
T500465,2025-06-17 13:10,OUT-01,Midday,Food,1,18.37,Cash
T500473,2025-06-17 13:10,OUT-01,Midday,Tea,1,6.19,Cash
T501766,2025-06-17 13:11,OUT-02,Midday,Food,1,15.76,Wallet
T502984,2025-06-17 13:11,OUT-03,Midday,Coffee,1,6.85,Wallet
T503967,2025-06-17 13:12,OUT-04,Midday,Coffee,1,5.98,Wallet
T500518,2025-06-17 13:12,OUT-01,Midday,Food,1,8.98,Card
T502998,2025-06-17 13:13,OUT-03,Midday,Food,1,14.06,Cash
T500486,2025-06-17 13:13,OUT-01,Midday,Coffee,1,6.99,Card
T500458,2025-06-17 13:13,OUT-01,Midday,Tea,1,5.2,Card
T500509,2025-06-17 13:13,OUT-01,Midday,Coffee,1,8.29,Wallet
T502995,2025-06-17 13:15,OUT-03,Midday,Food,1,14.47,PayNow
T503981,2025-06-17 13:18,OUT-04,Midday,Food,1,14.16,Cash
T500527,2025-06-17 13:19,OUT-01,Midday,Coffee,1,4.5,Card
T501741,2025-06-17 13:22,OUT-02,Midday,Food,1,18.66,PayNow
T503942,2025-06-17 13:23,OUT-04,Midday,Pastry,1,5.47,Card
T503010,2025-06-17 13:24,OUT-03,Midday,Food,1,14.74,Card
T503946,2025-06-17 13:25,OUT-04,Midday,Beans (retail),1,20.17,Wallet
T500463,2025-06-17 13:25,OUT-01,Midday,Pastry,1,4.22,Card
T503949,2025-06-17 13:26,OUT-04,Midday,Coffee,1,7.27,Card
T503950,2025-06-17 13:27,OUT-04,Midday,Coffee,1,8.99,Cash
T501755,2025-06-17 13:27,OUT-02,Midday,Food,1,16.61,Card
T501728,2025-06-17 13:28,OUT-02,Midday,Beans (retail),1,19.91,Cash
T501774,2025-06-17 13:28,OUT-02,Midday,Coffee,1,6.43,Card
T503972,2025-06-17 13:28,OUT-04,Midday,Coffee,1,6.07,PayNow
T501759,2025-06-17 13:29,OUT-02,Midday,Beans (retail),1,20.11,Wallet
T500469,2025-06-17 13:33,OUT-01,Midday,Food,1,13.69,Wallet
T500460,2025-06-17 13:34,OUT-01,Midday,Food,1,11.62,PayNow
T500500,2025-06-17 13:34,OUT-01,Midday,Beans (retail),1,17.46,Cash
T501742,2025-06-17 13:34,OUT-02,Midday,Coffee,1,5.61,PayNow
T503006,2025-06-17 13:35,OUT-03,Midday,Coffee,1,5.29,PayNow
T500476,2025-06-17 13:35,OUT-01,Midday,Beans (retail),1,19.49,PayNow
T501773,2025-06-17 13:36,OUT-02,Midday,Tea,1,7.12,PayNow
T500514,2025-06-17 13:37,OUT-01,Midday,Food,1,18.14,Card
T500526,2025-06-17 13:40,OUT-01,Midday,Food,1,18.02,PayNow
T503964,2025-06-17 13:41,OUT-04,Midday,Tea,1,5.38,PayNow
T503969,2025-06-17 13:42,OUT-04,Midday,Food,1,14.47,PayNow
T500462,2025-06-17 13:42,OUT-01,Midday,Coffee,1,5.94,PayNow
T503975,2025-06-17 13:44,OUT-04,Midday,Coffee,1,7.14,PayNow
T500464,2025-06-17 13:45,OUT-01,Midday,Food,1,16.05,PayNow
T500524,2025-06-17 13:46,OUT-01,Midday,Food,1,13.82,PayNow
T501764,2025-06-17 13:47,OUT-02,Midday,Food,1,16.89,Card
T503945,2025-06-17 13:47,OUT-04,Midday,Food,1,16.61,PayNow
T500450,2025-06-17 13:48,OUT-01,Midday,Coffee,1,5.94,Cash
T501739,2025-06-17 13:50,OUT-02,Midday,Food,1,11.52,Card
T502993,2025-06-17 13:50,OUT-03,Midday,Food,1,12.51,PayNow
T502994,2025-06-17 13:50,OUT-03,Midday,Food,1,13.19,Card
T502986,2025-06-17 13:51,OUT-03,Midday,Food,1,13.38,PayNow
T502988,2025-06-17 13:51,OUT-03,Midday,Coffee,1,4.7,Cash
T501768,2025-06-17 13:52,OUT-02,Midday,Tea,1,5.0,Card
T503008,2025-06-17 13:53,OUT-03,Midday,Food,1,14.01,PayNow
T503943,2025-06-17 13:54,OUT-04,Midday,Food,1,13.24,PayNow
T503953,2025-06-17 13:57,OUT-04,Midday,Coffee,1,4.63,Card
T500447,2025-06-17 13:57,OUT-01,Midday,Food,1,19.29,PayNow
T501748,2025-06-17 13:58,OUT-02,Midday,Coffee,1,6.42,PayNow
T500477,2025-06-17 13:58,OUT-01,Midday,Pastry,1,5.51,Cash
T501722,2025-06-17 13:59,OUT-02,Midday,Food,1,15.32,Card
T500485,2025-06-17 13:59,OUT-01,Midday,Pastry,1,4.69,PayNow
T501772,2025-06-17 14:00,OUT-02,Midday,Beans (retail),1,22.57,PayNow
T501767,2025-06-17 14:00,OUT-02,Midday,Coffee,1,6.96,Wallet
T500503,2025-06-17 14:01,OUT-01,Midday,Food,1,18.12,Wallet
T501732,2025-06-17 14:03,OUT-02,Midday,Coffee,1,6.67,PayNow
T501754,2025-06-17 14:03,OUT-02,Midday,Food,1,14.32,Wallet
T503004,2025-06-17 14:05,OUT-03,Midday,Coffee,1,5.66,Wallet
T501771,2025-06-17 14:05,OUT-02,Midday,Coffee,1,5.86,PayNow
T503965,2025-06-17 14:06,OUT-04,Midday,Food,2,22.51,PayNow
T501726,2025-06-17 14:08,OUT-02,Midday,Coffee,1,5.25,PayNow
T503956,2025-06-17 14:09,OUT-04,Midday,Food,1,16.04,PayNow
T501760,2025-06-17 14:11,OUT-02,Midday,Coffee,1,6.41,Cash
T500466,2025-06-17 14:16,OUT-01,Midday,Pastry,1,6.61,Wallet
T500519,2025-06-17 14:17,OUT-01,Midday,Food,1,17.09,Wallet
T500478,2025-06-17 14:19,OUT-01,Midday,Food,1,16.07,Wallet
T500501,2025-06-17 14:21,OUT-01,Midday,Food,1,13.88,PayNow
T503976,2025-06-17 14:21,OUT-04,Midday,Food,1,12.12,PayNow
T501745,2025-06-17 14:24,OUT-02,Midday,Food,1,14.58,PayNow
T500443,2025-06-17 14:25,OUT-01,Midday,Coffee,1,5.44,Card
T501727,2025-06-17 14:26,OUT-02,Midday,Coffee,1,5.6,PayNow
T500502,2025-06-17 14:28,OUT-01,Midday,Tea,1,5.07,Card
T500494,2025-06-17 14:29,OUT-01,Midday,Food,1,16.97,Card
T501752,2025-06-17 14:32,OUT-02,Midday,Food,1,12.37,Card
T501737,2025-06-17 14:35,OUT-02,Midday,Coffee,1,7.19,Wallet
T502989,2025-06-17 14:37,OUT-03,Midday,Food,1,10.49,Card
T503952,2025-06-17 14:37,OUT-04,Midday,Beans (retail),1,20.98,Cash
T502990,2025-06-17 14:41,OUT-03,Midday,Coffee,1,4.82,PayNow
T503974,2025-06-17 14:44,OUT-04,Midday,Coffee,1,7.45,PayNow
T500456,2025-06-17 14:46,OUT-01,Midday,Food,1,10.88,Card
T503983,2025-06-17 14:47,OUT-04,Midday,Beans (retail),1,22.28,PayNow
T503960,2025-06-17 14:48,OUT-04,Midday,Tea,1,5.66,Card
T501736,2025-06-17 14:49,OUT-02,Midday,Food,1,18.33,Card
T500521,2025-06-17 14:49,OUT-01,Midday,Coffee,1,5.52,PayNow
T501730,2025-06-17 14:53,OUT-02,Midday,Food,1,15.09,PayNow
T500475,2025-06-17 14:53,OUT-01,Midday,Coffee,1,7.34,Wallet
T503947,2025-06-17 14:53,OUT-04,Midday,Coffee,1,6.09,Card
T502999,2025-06-17 14:54,OUT-03,Midday,Food,1,12.67,PayNow
T500507,2025-06-17 14:54,OUT-01,Midday,Food,1,19.66,Wallet
T501724,2025-06-17 14:56,OUT-02,Midday,Coffee,1,6.04,Card
T500493,2025-06-17 14:59,OUT-01,Midday,Coffee,1,5.31,Card
T501801,2025-06-17 15:00,OUT-02,Evening,Pastry,1,4.6,Card
T500559,2025-06-17 15:01,OUT-01,Evening,Coffee,1,6.45,PayNow
T500539,2025-06-17 15:01,OUT-01,Evening,Coffee,1,5.71,Cash
T501822,2025-06-17 15:10,OUT-02,Evening,Food,1,13.35,Wallet
T504009,2025-06-17 15:18,OUT-04,Evening,Coffee,1,7.2,PayNow
T504032,2025-06-17 15:18,OUT-04,Evening,Coffee,1,7.41,Card
T500533,2025-06-17 15:21,OUT-01,Evening,Tea,1,6.01,PayNow
T501819,2025-06-17 15:28,OUT-02,Evening,Food,1,15.53,PayNow
T500544,2025-06-17 15:29,OUT-01,Evening,Coffee,1,5.76,PayNow
T501789,2025-06-17 15:32,OUT-02,Evening,Tea,1,4.1,Wallet
T500565,2025-06-17 15:37,OUT-01,Evening,Food,1,16.99,PayNow
T504035,2025-06-17 15:37,OUT-04,Evening,Food,1,13.74,Wallet
T501806,2025-06-17 15:38,OUT-02,Evening,Coffee,1,6.37,PayNow
T501808,2025-06-17 15:40,OUT-02,Evening,Food,1,18.87,Card
T504018,2025-06-17 15:40,OUT-04,Evening,Coffee,1,5.76,Wallet
T501823,2025-06-17 15:43,OUT-02,Evening,Coffee,1,5.98,Card
T504000,2025-06-17 15:43,OUT-04,Evening,Coffee,1,6.41,Card
T500540,2025-06-17 15:45,OUT-01,Evening,Coffee,1,7.01,Wallet
T503030,2025-06-17 15:46,OUT-03,Evening,Tea,1,7.75,PayNow
T501781,2025-06-17 15:46,OUT-02,Evening,Beans (retail),1,17.91,Card
T504045,2025-06-17 15:48,OUT-04,Evening,Food,1,20.85,Wallet
T503999,2025-06-17 15:50,OUT-04,Evening,Coffee,1,6.21,Card
T500542,2025-06-17 15:53,OUT-01,Evening,Coffee,1,8.64,Card
T500543,2025-06-17 15:56,OUT-01,Evening,Food,1,21.4,Card
T504039,2025-06-17 16:00,OUT-04,Evening,Pastry,1,6.66,Wallet
T503988,2025-06-17 16:01,OUT-04,Evening,Tea,1,4.48,Card
T501824,2025-06-17 16:01,OUT-02,Evening,Food,1,13.28,PayNow
T503985,2025-06-17 16:03,OUT-04,Evening,Coffee,1,6.17,Card
T500553,2025-06-17 16:05,OUT-01,Evening,Coffee,1,9.02,Card
T503024,2025-06-17 16:12,OUT-03,Evening,Tea,1,7.0,Card
T500532,2025-06-17 16:13,OUT-01,Evening,Coffee,1,7.74,Card
T504029,2025-06-17 16:13,OUT-04,Evening,Coffee,1,7.45,Card
T503020,2025-06-17 16:13,OUT-03,Evening,Coffee,1,6.98,Card
T503035,2025-06-17 16:14,OUT-03,Evening,Coffee,1,6.37,Card
T504016,2025-06-17 16:16,OUT-04,Evening,Pastry,1,4.27,Card
T501818,2025-06-17 16:17,OUT-02,Evening,Food,1,10.63,PayNow
T500552,2025-06-17 16:18,OUT-01,Evening,Pastry,1,6.52,PayNow
T501786,2025-06-17 16:18,OUT-02,Evening,Pastry,1,4.87,Card
T501797,2025-06-17 16:19,OUT-02,Evening,Coffee,1,6.1,Cash
T504027,2025-06-17 16:22,OUT-04,Evening,Coffee,1,8.81,PayNow
T501799,2025-06-17 16:22,OUT-02,Evening,Food,1,15.75,Cash
T500536,2025-06-17 16:23,OUT-01,Evening,Coffee,1,5.45,PayNow
T503992,2025-06-17 16:23,OUT-04,Evening,Beans (retail),1,24.64,Card
T501788,2025-06-17 16:26,OUT-02,Evening,Pastry,1,5.1,Card
T500558,2025-06-17 16:35,OUT-01,Evening,Coffee,1,7.43,Card
T501807,2025-06-17 16:36,OUT-02,Evening,Beans (retail),1,22.84,Card
T503990,2025-06-17 16:37,OUT-04,Evening,Tea,1,5.66,Cash
T504020,2025-06-17 16:38,OUT-04,Evening,Coffee,1,6.37,PayNow
T504001,2025-06-17 16:47,OUT-04,Evening,Tea,1,5.42,PayNow
T504043,2025-06-17 16:47,OUT-04,Evening,Coffee,1,6.3,Card
T501821,2025-06-17 16:48,OUT-02,Evening,Coffee,1,4.34,Card
T501812,2025-06-17 16:50,OUT-02,Evening,Coffee,1,3.87,PayNow
T501813,2025-06-17 16:52,OUT-02,Evening,Beans (retail),1,24.72,Cash
T504004,2025-06-17 16:53,OUT-04,Evening,Coffee,1,6.01,Card
T503025,2025-06-17 16:54,OUT-03,Evening,Pastry,1,6.67,Card
T501798,2025-06-17 16:55,OUT-02,Evening,Food,1,13.65,PayNow
T501804,2025-06-17 16:56,OUT-02,Evening,Food,1,12.29,Card
T504013,2025-06-17 16:56,OUT-04,Evening,Pastry,1,6.25,PayNow
T504005,2025-06-17 16:57,OUT-04,Evening,Coffee,1,6.52,Cash
T501805,2025-06-17 16:57,OUT-02,Evening,Coffee,1,4.48,PayNow
T501825,2025-06-17 16:59,OUT-02,Evening,Pastry,1,5.67,PayNow
T504038,2025-06-17 17:03,OUT-04,Evening,Food,1,21.41,Card
T500560,2025-06-17 17:03,OUT-01,Evening,Beans (retail),1,23.12,Cash
T504034,2025-06-17 17:04,OUT-04,Evening,Coffee,1,7.19,PayNow
T503994,2025-06-17 17:08,OUT-04,Evening,Tea,2,8.54,Card
T504024,2025-06-17 17:10,OUT-04,Evening,Coffee,1,4.14,PayNow
T503029,2025-06-17 17:11,OUT-03,Evening,Tea,1,6.47,Wallet
T500550,2025-06-17 17:13,OUT-01,Evening,Coffee,1,5.4,Cash
T504028,2025-06-17 17:22,OUT-04,Evening,Food,1,18.32,PayNow
T501775,2025-06-17 17:30,OUT-02,Evening,Food,1,14.67,Card
T504041,2025-06-17 17:33,OUT-04,Evening,Coffee,1,7.27,Cash
T500551,2025-06-17 17:36,OUT-01,Evening,Food,1,16.72,PayNow
T500556,2025-06-17 17:40,OUT-01,Evening,Coffee,1,6.63,PayNow
T500546,2025-06-17 17:40,OUT-01,Evening,Coffee,1,5.64,Cash
T504008,2025-06-17 17:41,OUT-04,Evening,Food,1,15.84,Card
T501816,2025-06-17 17:41,OUT-02,Evening,Food,1,14.45,Card
T504025,2025-06-17 17:43,OUT-04,Evening,Food,1,15.98,Card
T501785,2025-06-17 17:44,OUT-02,Evening,Pastry,1,5.05,PayNow
T501791,2025-06-17 17:47,OUT-02,Evening,Pastry,1,4.31,Card
T504022,2025-06-17 17:47,OUT-04,Evening,Food,1,12.29,Card
T503034,2025-06-17 17:50,OUT-03,Evening,Pastry,1,5.41,Card
T504019,2025-06-17 17:51,OUT-04,Evening,Coffee,1,8.49,Cash
T500561,2025-06-17 17:52,OUT-01,Evening,Coffee,1,7.46,Wallet
T503023,2025-06-17 17:52,OUT-03,Evening,Pastry,1,7.47,Cash
T504021,2025-06-17 18:04,OUT-04,Evening,Coffee,1,6.92,Card
T501792,2025-06-17 18:08,OUT-02,Evening,Food,1,12.13,Cash
T501820,2025-06-17 18:08,OUT-02,Evening,Food,1,15.11,Card
T500557,2025-06-17 18:10,OUT-01,Evening,Coffee,1,6.0,PayNow
T500555,2025-06-17 18:11,OUT-01,Evening,Pastry,1,3.6,Card
T504015,2025-06-17 18:12,OUT-04,Evening,Pastry,1,5.99,Card
T504036,2025-06-17 18:22,OUT-04,Evening,Coffee,1,6.23,Card
T500534,2025-06-17 18:24,OUT-01,Evening,Coffee,1,6.46,Card
T504007,2025-06-17 18:27,OUT-04,Evening,Food,1,15.96,Cash
T500529,2025-06-17 18:30,OUT-01,Evening,Coffee,1,6.52,PayNow
T501780,2025-06-17 18:31,OUT-02,Evening,Tea,1,4.75,Card
T500535,2025-06-17 18:32,OUT-01,Evening,Coffee,1,7.76,Cash
T503993,2025-06-17 18:34,OUT-04,Evening,Tea,1,5.25,Card
T503987,2025-06-17 18:36,OUT-04,Evening,Beans (retail),1,22.32,Card
T503991,2025-06-17 18:36,OUT-04,Evening,Coffee,1,6.15,Card
T503021,2025-06-17 18:36,OUT-03,Evening,Coffee,1,8.76,PayNow
T501777,2025-06-17 18:39,OUT-02,Evening,Pastry,1,4.81,Card
T503031,2025-06-17 18:41,OUT-03,Evening,Coffee,1,7.96,Card
T500528,2025-06-17 18:42,OUT-01,Evening,Pastry,1,5.57,PayNow
T501776,2025-06-17 18:43,OUT-02,Evening,Food,1,12.41,PayNow
T504017,2025-06-17 18:44,OUT-04,Evening,Coffee,1,8.51,Card
T500562,2025-06-17 18:44,OUT-01,Evening,Coffee,1,8.08,Card
T503028,2025-06-17 18:45,OUT-03,Evening,Pastry,1,4.8,Card
T503997,2025-06-17 18:45,OUT-04,Evening,Food,1,18.03,PayNow
T501790,2025-06-17 18:45,OUT-02,Evening,Coffee,1,8.25,PayNow
T500530,2025-06-17 18:49,OUT-01,Evening,Tea,1,5.75,PayNow
T501783,2025-06-17 18:50,OUT-02,Evening,Coffee,1,5.74,Cash
T504033,2025-06-17 18:50,OUT-04,Evening,Food,1,15.81,Cash
T504040,2025-06-17 18:53,OUT-04,Evening,Tea,1,4.91,PayNow
T500564,2025-06-17 19:15,OUT-01,Evening,Coffee,1,7.4,PayNow
T504006,2025-06-17 19:16,OUT-04,Evening,Coffee,1,6.33,Cash
T500547,2025-06-17 19:17,OUT-01,Evening,Tea,1,5.93,PayNow
T503995,2025-06-17 19:20,OUT-04,Evening,Coffee,1,8.85,Wallet
T501784,2025-06-17 19:20,OUT-02,Evening,Tea,1,5.38,Cash
T501810,2025-06-17 19:21,OUT-02,Evening,Food,1,13.36,PayNow
T500545,2025-06-17 19:25,OUT-01,Evening,Coffee,1,5.56,PayNow
T504010,2025-06-17 19:28,OUT-04,Evening,Coffee,1,4.92,Card
T503027,2025-06-17 19:31,OUT-03,Evening,Food,1,13.17,PayNow
T501815,2025-06-17 19:31,OUT-02,Evening,Coffee,1,5.61,Card
T500537,2025-06-17 19:33,OUT-01,Evening,Coffee,1,6.05,PayNow
T500549,2025-06-17 19:36,OUT-01,Evening,Food,1,14.94,PayNow
T503032,2025-06-17 19:37,OUT-03,Evening,Food,1,18.42,Wallet
T504031,2025-06-17 19:38,OUT-04,Evening,Coffee,1,6.24,Card
T501811,2025-06-17 19:43,OUT-02,Evening,Tea,1,4.18,Wallet
T500538,2025-06-17 19:46,OUT-01,Evening,Pastry,1,4.5,PayNow
T500563,2025-06-17 19:47,OUT-01,Evening,Food,1,15.65,PayNow
T504023,2025-06-17 19:47,OUT-04,Evening,Coffee,1,5.7,Card
T504014,2025-06-17 19:50,OUT-04,Evening,Coffee,1,7.83,Card
T501779,2025-06-17 19:50,OUT-02,Evening,Coffee,1,4.01,Card
T501814,2025-06-17 19:50,OUT-02,Evening,Coffee,1,8.29,PayNow
T503022,2025-06-17 19:52,OUT-03,Evening,Food,1,18.86,Card
T501802,2025-06-17 19:52,OUT-02,Evening,Pastry,1,4.69,PayNow
T501782,2025-06-17 19:52,OUT-02,Evening,Food,1,12.78,Cash
T500541,2025-06-17 19:54,OUT-01,Evening,Tea,1,5.43,Cash
T503986,2025-06-17 19:57,OUT-04,Evening,Coffee,1,8.53,Card
T501817,2025-06-17 19:59,OUT-02,Evening,Coffee,1,6.26,Card
T504002,2025-06-17 20:00,OUT-04,Evening,Coffee,1,6.32,Cash
T503989,2025-06-17 20:01,OUT-04,Evening,Pastry,2,8.44,Cash
T504003,2025-06-17 20:03,OUT-04,Evening,Pastry,1,7.48,Card
T503026,2025-06-17 20:03,OUT-03,Evening,Tea,2,8.72,Cash
T500548,2025-06-17 20:05,OUT-01,Evening,Coffee,1,7.69,Wallet
T501800,2025-06-17 20:08,OUT-02,Evening,Pastry,1,4.02,Cash
T501793,2025-06-17 20:12,OUT-02,Evening,Beans (retail),1,21.25,Wallet
T504030,2025-06-17 20:14,OUT-04,Evening,Pastry,2,8.16,Wallet
T504026,2025-06-17 20:15,OUT-04,Evening,Beans (retail),1,23.75,Cash
T501795,2025-06-17 20:17,OUT-02,Evening,Tea,1,5.84,PayNow
T501794,2025-06-17 20:18,OUT-02,Evening,Coffee,1,8.95,Card
T501809,2025-06-17 20:19,OUT-02,Evening,Coffee,1,6.02,Card
T504012,2025-06-17 20:21,OUT-04,Evening,Coffee,1,8.13,Card
T503996,2025-06-17 20:21,OUT-04,Evening,Food,1,20.14,Card
T501796,2025-06-17 20:26,OUT-02,Evening,Tea,1,4.21,PayNow
T504037,2025-06-17 20:28,OUT-04,Evening,Tea,1,5.89,Card
T501787,2025-06-17 20:29,OUT-02,Evening,Pastry,1,4.19,Card
T500554,2025-06-17 20:29,OUT-01,Evening,Pastry,1,6.35,Card
T504042,2025-06-17 20:30,OUT-04,Evening,Coffee,1,7.6,Card
T503998,2025-06-17 20:34,OUT-04,Evening,Food,1,13.52,Card
T504044,2025-06-17 20:41,OUT-04,Evening,Coffee,1,7.21,Card
T501778,2025-06-17 20:45,OUT-02,Evening,Tea,1,3.76,PayNow
T500531,2025-06-17 20:52,OUT-01,Evening,Food,1,16.8,Card
T503033,2025-06-17 20:53,OUT-03,Evening,Tea,1,7.3,Card
T504011,2025-06-17 20:56,OUT-04,Evening,Food,1,11.93,PayNow
T501803,2025-06-17 20:57,OUT-02,Evening,Tea,1,5.37,Card
T503153,2025-06-18 07:00,OUT-03,Morning,Tea,1,5.88,PayNow
T500611,2025-06-18 07:01,OUT-01,Morning,Coffee,1,5.26,Wallet
T501848,2025-06-18 07:02,OUT-02,Morning,Coffee,1,6.9,Wallet
T504084,2025-06-18 07:02,OUT-04,Morning,Coffee,1,7.88,Card
T504095,2025-06-18 07:02,OUT-04,Morning,Coffee,1,6.8,PayNow
T503040,2025-06-18 07:05,OUT-03,Morning,Coffee,1,5.12,Card
T500619,2025-06-18 07:06,OUT-01,Morning,Coffee,1,5.82,PayNow
T504053,2025-06-18 07:07,OUT-04,Morning,Tea,1,6.44,Card
T503052,2025-06-18 07:08,OUT-03,Morning,Pastry,1,7.14,Card
T500690,2025-06-18 07:09,OUT-01,Morning,Coffee,1,6.04,Card
T503118,2025-06-18 07:09,OUT-03,Morning,Pastry,1,5.29,Cash
T504051,2025-06-18 07:10,OUT-04,Morning,Pastry,1,5.59,Wallet
T500643,2025-06-18 07:10,OUT-01,Morning,Coffee,1,7.51,Card
T504076,2025-06-18 07:11,OUT-04,Morning,Coffee,1,5.8,Card
T503101,2025-06-18 07:11,OUT-03,Morning,Coffee,1,7.12,PayNow
T503051,2025-06-18 07:12,OUT-03,Morning,Pastry,1,4.33,Cash
T504064,2025-06-18 07:13,OUT-04,Morning,Coffee,1,7.94,PayNow
T504063,2025-06-18 07:13,OUT-04,Morning,Coffee,1,6.56,PayNow
T503109,2025-06-18 07:13,OUT-03,Morning,Coffee,1,6.4,Card
T503066,2025-06-18 07:14,OUT-03,Morning,Coffee,1,5.05,PayNow
T503078,2025-06-18 07:14,OUT-03,Morning,Coffee,1,5.44,Card
T503142,2025-06-18 07:14,OUT-03,Morning,Beans (retail),1,25.14,Cash
T500683,2025-06-18 07:17,OUT-01,Morning,Pastry,1,5.2,PayNow
T500588,2025-06-18 07:17,OUT-01,Morning,Pastry,1,5.99,PayNow
T504052,2025-06-18 07:17,OUT-04,Morning,Food,1,13.13,Card
T504100,2025-06-18 07:17,OUT-04,Morning,Tea,1,4.48,Card
T504056,2025-06-18 07:17,OUT-04,Morning,Coffee,1,6.43,PayNow
T503114,2025-06-18 07:18,OUT-03,Morning,Pastry,1,5.96,Card
T503055,2025-06-18 07:19,OUT-03,Morning,Coffee,1,6.29,Card
T500653,2025-06-18 07:19,OUT-01,Morning,Coffee,1,5.47,Card
T500597,2025-06-18 07:20,OUT-01,Morning,Pastry,1,5.69,Card
T503064,2025-06-18 07:20,OUT-03,Morning,Pastry,1,5.53,PayNow
T501879,2025-06-18 07:21,OUT-02,Morning,Coffee,1,6.55,Cash
T503080,2025-06-18 07:22,OUT-03,Morning,Coffee,1,7.42,Card
T501865,2025-06-18 07:22,OUT-02,Morning,Coffee,1,6.85,Card
T500614,2025-06-18 07:23,OUT-01,Morning,Pastry,1,5.88,Card
T503041,2025-06-18 07:24,OUT-03,Morning,Coffee,1,5.58,Card
T501830,2025-06-18 07:25,OUT-02,Morning,Food,1,14.69,Card
T503105,2025-06-18 07:26,OUT-03,Morning,Pastry,1,5.06,PayNow
T503151,2025-06-18 07:26,OUT-03,Morning,Tea,1,4.48,PayNow
T503070,2025-06-18 07:26,OUT-03,Morning,Coffee,1,7.23,Card
T504083,2025-06-18 07:27,OUT-04,Morning,Pastry,1,4.69,Card
T503143,2025-06-18 07:30,OUT-03,Morning,Coffee,1,6.14,PayNow
T500676,2025-06-18 07:30,OUT-01,Morning,Coffee,1,8.41,Card
T503063,2025-06-18 07:31,OUT-03,Morning,Pastry,1,4.04,PayNow
T501858,2025-06-18 07:31,OUT-02,Morning,Pastry,1,5.2,Wallet
T501872,2025-06-18 07:32,OUT-02,Morning,Food,1,16.23,PayNow
T504105,2025-06-18 07:32,OUT-04,Morning,Pastry,1,5.89,Card
T504094,2025-06-18 07:32,OUT-04,Morning,Coffee,1,6.49,Card
T503134,2025-06-18 07:33,OUT-03,Morning,Coffee,1,5.34,Card
T500656,2025-06-18 07:33,OUT-01,Morning,Pastry,1,5.27,PayNow
T500682,2025-06-18 07:33,OUT-01,Morning,Beans (retail),1,18.47,PayNow
T503117,2025-06-18 07:34,OUT-03,Morning,Pastry,1,4.87,PayNow
T500691,2025-06-18 07:36,OUT-01,Morning,Coffee,1,7.39,Cash
T501835,2025-06-18 07:37,OUT-02,Morning,Coffee,1,7.24,Cash
T504074,2025-06-18 07:37,OUT-04,Morning,Coffee,1,5.52,Card
T501838,2025-06-18 07:37,OUT-02,Morning,Coffee,1,6.62,Card
T500578,2025-06-18 07:38,OUT-01,Morning,Coffee,1,6.81,Card
T503053,2025-06-18 07:38,OUT-03,Morning,Coffee,1,6.99,Card
T503112,2025-06-18 07:39,OUT-03,Morning,Pastry,1,5.1,Card
T503075,2025-06-18 07:39,OUT-03,Morning,Coffee,1,6.21,PayNow
T503068,2025-06-18 07:40,OUT-03,Morning,Pastry,1,5.23,Card
T503046,2025-06-18 07:40,OUT-03,Morning,Pastry,1,5.79,Wallet
T500644,2025-06-18 07:41,OUT-01,Morning,Pastry,1,3.64,Wallet
T504070,2025-06-18 07:42,OUT-04,Morning,Coffee,1,7.9,PayNow
T500672,2025-06-18 07:43,OUT-01,Morning,Coffee,1,8.04,Card
T503123,2025-06-18 07:43,OUT-03,Morning,Pastry,1,6.23,Card
T504098,2025-06-18 07:43,OUT-04,Morning,Tea,1,5.37,Wallet
T503092,2025-06-18 07:44,OUT-03,Morning,Coffee,1,6.16,PayNow
T503087,2025-06-18 07:45,OUT-03,Morning,Pastry,1,6.0,Card
T500616,2025-06-18 07:45,OUT-01,Morning,Coffee,1,6.24,PayNow
T500655,2025-06-18 07:45,OUT-01,Morning,Tea,1,5.18,Card
T500633,2025-06-18 07:46,OUT-01,Morning,Pastry,1,7.04,Wallet
T503084,2025-06-18 07:46,OUT-03,Morning,Coffee,1,6.98,PayNow
T501845,2025-06-18 07:46,OUT-02,Morning,Coffee,1,5.34,PayNow
T501851,2025-06-18 07:47,OUT-02,Morning,Pastry,1,5.52,Cash
T501840,2025-06-18 07:47,OUT-02,Morning,Coffee,1,5.07,Card
T500661,2025-06-18 07:48,OUT-01,Morning,Beans (retail),1,22.04,Wallet
T504093,2025-06-18 07:48,OUT-04,Morning,Coffee,1,4.71,PayNow
T500641,2025-06-18 07:49,OUT-01,Morning,Pastry,1,5.25,Card
T500631,2025-06-18 07:51,OUT-01,Morning,Beans (retail),1,24.83,Cash
T503079,2025-06-18 07:51,OUT-03,Morning,Coffee,1,6.66,PayNow
T501881,2025-06-18 07:52,OUT-02,Morning,Coffee,1,7.52,PayNow
T503154,2025-06-18 07:52,OUT-03,Morning,Pastry,1,5.35,PayNow
T504058,2025-06-18 07:53,OUT-04,Morning,Coffee,1,7.1,Cash
T501841,2025-06-18 07:53,OUT-02,Morning,Pastry,1,4.89,PayNow
T503090,2025-06-18 07:54,OUT-03,Morning,Coffee,1,6.72,PayNow
T500663,2025-06-18 07:54,OUT-01,Morning,Coffee,1,8.02,PayNow
T500651,2025-06-18 07:55,OUT-01,Morning,Coffee,1,7.14,Cash
T503132,2025-06-18 07:56,OUT-03,Morning,Tea,1,4.62,Card
T503120,2025-06-18 07:56,OUT-03,Morning,Coffee,1,7.86,PayNow
T504048,2025-06-18 07:57,OUT-04,Morning,Pastry,1,5.27,Cash
T504062,2025-06-18 07:57,OUT-04,Morning,Coffee,1,6.55,Wallet
T500659,2025-06-18 07:57,OUT-01,Morning,Coffee,1,7.28,Wallet
T500652,2025-06-18 07:57,OUT-01,Morning,Pastry,1,4.85,Card
T500674,2025-06-18 07:59,OUT-01,Morning,Coffee,1,5.6,Card
T504054,2025-06-18 07:59,OUT-04,Morning,Pastry,1,4.24,Wallet
T504103,2025-06-18 08:00,OUT-04,Morning,Food,1,10.57,Cash
T501829,2025-06-18 08:00,OUT-02,Morning,Pastry,1,6.25,Cash
T500620,2025-06-18 08:02,OUT-01,Morning,Pastry,1,3.36,Card
T503155,2025-06-18 08:02,OUT-03,Morning,Coffee,1,8.63,PayNow
T500628,2025-06-18 08:04,OUT-01,Morning,Pastry,1,5.44,PayNow
T500575,2025-06-18 08:05,OUT-01,Morning,Coffee,1,7.45,PayNow
T500593,2025-06-18 08:05,OUT-01,Morning,Pastry,1,5.34,Wallet
T501837,2025-06-18 08:06,OUT-02,Morning,Coffee,1,7.94,PayNow
T501859,2025-06-18 08:06,OUT-02,Morning,Coffee,1,7.31,PayNow
T503091,2025-06-18 08:06,OUT-03,Morning,Coffee,1,6.3,PayNow
T503062,2025-06-18 08:08,OUT-03,Morning,Coffee,1,7.6,Cash
T504055,2025-06-18 08:08,OUT-04,Morning,Pastry,1,6.05,Card
T500669,2025-06-18 08:08,OUT-01,Morning,Tea,1,4.07,Card
T500660,2025-06-18 08:09,OUT-01,Morning,Coffee,1,8.64,PayNow
T500667,2025-06-18 08:09,OUT-01,Morning,Coffee,1,7.31,Card
T503145,2025-06-18 08:12,OUT-03,Morning,Pastry,1,4.66,PayNow
T500636,2025-06-18 08:14,OUT-01,Morning,Coffee,1,6.36,Card
T501861,2025-06-18 08:18,OUT-02,Morning,Coffee,1,6.26,PayNow
T501869,2025-06-18 08:18,OUT-02,Morning,Coffee,1,6.51,Card
T500583,2025-06-18 08:19,OUT-01,Morning,Tea,1,5.11,PayNow
T501836,2025-06-18 08:21,OUT-02,Morning,Tea,1,5.79,Card
T504067,2025-06-18 08:22,OUT-04,Morning,Pastry,1,4.67,Card
T504073,2025-06-18 08:23,OUT-04,Morning,Coffee,1,6.31,PayNow
T501855,2025-06-18 08:23,OUT-02,Morning,Tea,1,5.87,Cash
T503147,2025-06-18 08:24,OUT-03,Morning,Coffee,1,7.07,PayNow
T503128,2025-06-18 08:24,OUT-03,Morning,Coffee,1,6.33,Cash
T500637,2025-06-18 08:24,OUT-01,Morning,Pastry,1,4.19,Card
T501866,2025-06-18 08:24,OUT-02,Morning,Coffee,1,4.47,PayNow
T504057,2025-06-18 08:26,OUT-04,Morning,Coffee,1,6.47,Card
T501875,2025-06-18 08:27,OUT-02,Morning,Coffee,1,8.08,PayNow
T500629,2025-06-18 08:28,OUT-01,Morning,Pastry,1,6.22,Card
T501854,2025-06-18 08:28,OUT-02,Morning,Pastry,1,6.49,Wallet
T504071,2025-06-18 08:28,OUT-04,Morning,Coffee,1,6.8,PayNow
T503107,2025-06-18 08:29,OUT-03,Morning,Coffee,1,6.38,PayNow
T504072,2025-06-18 08:30,OUT-04,Morning,Coffee,1,5.34,PayNow
T503102,2025-06-18 08:31,OUT-03,Morning,Coffee,1,6.58,Card
T500624,2025-06-18 08:31,OUT-01,Morning,Pastry,1,6.45,PayNow
T500671,2025-06-18 08:32,OUT-01,Morning,Coffee,1,5.94,Card
T500685,2025-06-18 08:32,OUT-01,Morning,Coffee,1,6.73,PayNow
T500621,2025-06-18 08:33,OUT-01,Morning,Pastry,1,5.47,Card
T504078,2025-06-18 08:33,OUT-04,Morning,Pastry,1,6.81,Wallet
T504079,2025-06-18 08:34,OUT-04,Morning,Pastry,1,5.11,Cash
T503100,2025-06-18 08:36,OUT-03,Morning,Coffee,1,6.27,PayNow
T501847,2025-06-18 08:38,OUT-02,Morning,Coffee,1,6.62,Cash
T503042,2025-06-18 08:38,OUT-03,Morning,Coffee,1,6.0,Card
T503076,2025-06-18 08:39,OUT-03,Morning,Coffee,1,7.84,Card
T503131,2025-06-18 08:39,OUT-03,Morning,Coffee,1,4.67,Card
T503133,2025-06-18 08:39,OUT-03,Morning,Coffee,1,5.24,PayNow
T500617,2025-06-18 08:40,OUT-01,Morning,Pastry,1,5.26,Cash
T503116,2025-06-18 08:40,OUT-03,Morning,Coffee,1,6.32,PayNow
T504104,2025-06-18 08:40,OUT-04,Morning,Pastry,1,5.86,Card
T503136,2025-06-18 08:41,OUT-03,Morning,Coffee,1,7.61,Card
T500649,2025-06-18 08:42,OUT-01,Morning,Coffee,1,6.39,Wallet
T500576,2025-06-18 08:42,OUT-01,Morning,Beans (retail),1,32.55,Card
T500595,2025-06-18 08:43,OUT-01,Morning,Coffee,1,7.47,Card
T504091,2025-06-18 08:44,OUT-04,Morning,Coffee,1,4.38,PayNow
T503081,2025-06-18 08:44,OUT-03,Morning,Coffee,1,7.28,PayNow
T500625,2025-06-18 08:45,OUT-01,Morning,Pastry,1,5.06,PayNow
T504059,2025-06-18 08:46,OUT-04,Morning,Coffee,1,7.2,Cash
T504088,2025-06-18 08:46,OUT-04,Morning,Coffee,1,5.78,Card
T501880,2025-06-18 08:46,OUT-02,Morning,Tea,1,6.07,Card
T501828,2025-06-18 08:47,OUT-02,Morning,Pastry,1,4.83,Wallet
T503152,2025-06-18 08:47,OUT-03,Morning,Tea,1,5.82,Card
T503088,2025-06-18 08:47,OUT-03,Morning,Pastry,1,3.25,PayNow
T500599,2025-06-18 08:47,OUT-01,Morning,Coffee,1,7.52,Card
T500584,2025-06-18 08:47,OUT-01,Morning,Coffee,1,7.6,Card
T500688,2025-06-18 08:48,OUT-01,Morning,Coffee,1,6.19,Wallet
T503048,2025-06-18 08:48,OUT-03,Morning,Coffee,1,6.55,Card
T501856,2025-06-18 08:48,OUT-02,Morning,Coffee,1,6.47,Cash
T503108,2025-06-18 08:48,OUT-03,Morning,Coffee,1,7.44,PayNow
T500613,2025-06-18 08:51,OUT-01,Morning,Pastry,1,5.64,Card
T500686,2025-06-18 08:52,OUT-01,Morning,Coffee,1,6.68,Cash
T501846,2025-06-18 08:52,OUT-02,Morning,Pastry,1,4.39,Card
T500627,2025-06-18 08:53,OUT-01,Morning,Pastry,1,3.29,Card
T500692,2025-06-18 08:53,OUT-01,Morning,Coffee,1,6.84,Cash
T504086,2025-06-18 08:54,OUT-04,Morning,Coffee,1,5.97,PayNow
T501867,2025-06-18 08:54,OUT-02,Morning,Coffee,1,7.69,PayNow
T503141,2025-06-18 08:54,OUT-03,Morning,Pastry,1,6.46,Cash
T503126,2025-06-18 08:55,OUT-03,Morning,Coffee,1,6.24,Cash
T504085,2025-06-18 08:55,OUT-04,Morning,Tea,1,5.78,Card
T500606,2025-06-18 08:57,OUT-01,Morning,Coffee,1,7.23,PayNow
T500615,2025-06-18 08:58,OUT-01,Morning,Coffee,1,4.5,Card
T500590,2025-06-18 08:59,OUT-01,Morning,Tea,1,4.69,PayNow
T501862,2025-06-18 09:00,OUT-02,Morning,Pastry,1,5.66,Card
T503065,2025-06-18 09:01,OUT-03,Morning,Coffee,1,6.91,Card
T500657,2025-06-18 09:02,OUT-01,Morning,Pastry,1,5.7,Card
T503139,2025-06-18 09:02,OUT-03,Morning,Coffee,1,6.97,PayNow
T500665,2025-06-18 09:03,OUT-01,Morning,Pastry,1,6.11,Cash
T500679,2025-06-18 09:06,OUT-01,Morning,Coffee,1,7.76,Card
T500658,2025-06-18 09:06,OUT-01,Morning,Coffee,1,7.44,Card
T503077,2025-06-18 09:07,OUT-03,Morning,Pastry,1,6.32,Card
T500668,2025-06-18 09:08,OUT-01,Morning,Coffee,1,7.55,Card
T501853,2025-06-18 09:08,OUT-02,Morning,Pastry,1,5.19,PayNow
T500639,2025-06-18 09:08,OUT-01,Morning,Coffee,1,7.14,Wallet
T504096,2025-06-18 09:08,OUT-04,Morning,Food,1,14.09,Card
T503058,2025-06-18 09:09,OUT-03,Morning,Coffee,1,6.89,Wallet
T501839,2025-06-18 09:09,OUT-02,Morning,Pastry,1,3.01,PayNow
T503144,2025-06-18 09:10,OUT-03,Morning,Coffee,1,6.36,PayNow
T501844,2025-06-18 09:10,OUT-02,Morning,Tea,1,5.55,Card
T504075,2025-06-18 09:10,OUT-04,Morning,Tea,1,5.4,Cash
T503110,2025-06-18 09:12,OUT-03,Morning,Coffee,1,6.75,Card
T503129,2025-06-18 09:12,OUT-03,Morning,Coffee,1,7.28,PayNow
T500662,2025-06-18 09:14,OUT-01,Morning,Coffee,1,6.71,Cash
T503148,2025-06-18 09:14,OUT-03,Morning,Coffee,1,6.49,Wallet
T500587,2025-06-18 09:15,OUT-01,Morning,Tea,1,6.66,Card
T501827,2025-06-18 09:16,OUT-02,Morning,Coffee,1,5.21,PayNow
T500568,2025-06-18 09:17,OUT-01,Morning,Coffee,1,9.04,PayNow
T500635,2025-06-18 09:17,OUT-01,Morning,Coffee,1,5.05,Card
T500582,2025-06-18 09:17,OUT-01,Morning,Coffee,1,7.55,Card
T503059,2025-06-18 09:19,OUT-03,Morning,Coffee,1,6.17,Card
T500634,2025-06-18 09:20,OUT-01,Morning,Coffee,1,6.63,PayNow
T503056,2025-06-18 09:20,OUT-03,Morning,Coffee,1,4.85,PayNow
T500673,2025-06-18 09:22,OUT-01,Morning,Pastry,1,5.29,Card
T500622,2025-06-18 09:23,OUT-01,Morning,Coffee,1,7.08,PayNow
T500650,2025-06-18 09:24,OUT-01,Morning,Pastry,1,5.28,Card
T500608,2025-06-18 09:24,OUT-01,Morning,Coffee,1,6.3,Card
T500664,2025-06-18 09:24,OUT-01,Morning,Coffee,1,8.82,PayNow
T503082,2025-06-18 09:24,OUT-03,Morning,Coffee,1,8.2,PayNow
T503127,2025-06-18 09:24,OUT-03,Morning,Pastry,1,4.97,PayNow
T500675,2025-06-18 09:25,OUT-01,Morning,Coffee,1,6.87,Card
T504087,2025-06-18 09:26,OUT-04,Morning,Pastry,1,5.72,Wallet
T500567,2025-06-18 09:27,OUT-01,Morning,Coffee,1,7.48,Card
T504050,2025-06-18 09:27,OUT-04,Morning,Coffee,1,4.25,Card
T504099,2025-06-18 09:27,OUT-04,Morning,Coffee,1,6.56,PayNow
T500612,2025-06-18 09:30,OUT-01,Morning,Coffee,1,6.95,Cash
T501877,2025-06-18 09:31,OUT-02,Morning,Coffee,1,6.66,PayNow
T500579,2025-06-18 09:32,OUT-01,Morning,Coffee,1,5.91,Wallet
T503138,2025-06-18 09:32,OUT-03,Morning,Pastry,1,4.77,Card
T504068,2025-06-18 09:33,OUT-04,Morning,Pastry,1,7.04,Cash
T503083,2025-06-18 09:33,OUT-03,Morning,Pastry,1,5.61,PayNow
T503089,2025-06-18 09:34,OUT-03,Morning,Tea,1,6.52,PayNow
T501826,2025-06-18 09:34,OUT-02,Morning,Pastry,1,5.94,Card
T503047,2025-06-18 09:34,OUT-03,Morning,Pastry,1,5.03,Cash
T504077,2025-06-18 09:34,OUT-04,Morning,Coffee,1,7.18,Card
T503085,2025-06-18 09:35,OUT-03,Morning,Coffee,1,7.07,PayNow
T503122,2025-06-18 09:35,OUT-03,Morning,Coffee,1,7.24,Card
T501868,2025-06-18 09:37,OUT-02,Morning,Coffee,1,6.58,Wallet
T504060,2025-06-18 09:38,OUT-04,Morning,Tea,1,4.94,Card
T503104,2025-06-18 09:38,OUT-03,Morning,Coffee,1,6.42,PayNow
T503049,2025-06-18 09:38,OUT-03,Morning,Food,1,13.72,Cash
T504069,2025-06-18 09:39,OUT-04,Morning,Coffee,1,7.31,PayNow
T501860,2025-06-18 09:40,OUT-02,Morning,Coffee,1,5.25,PayNow
T500600,2025-06-18 09:41,OUT-01,Morning,Coffee,1,7.9,Card
T503099,2025-06-18 09:41,OUT-03,Morning,Coffee,1,7.5,Wallet
T500570,2025-06-18 09:42,OUT-01,Morning,Coffee,1,6.78,Card
T503135,2025-06-18 09:42,OUT-03,Morning,Food,1,14.13,Card
T501849,2025-06-18 09:43,OUT-02,Morning,Pastry,1,4.3,PayNow
T504049,2025-06-18 09:43,OUT-04,Morning,Tea,1,4.88,PayNow
T503103,2025-06-18 09:44,OUT-03,Morning,Coffee,1,7.53,Card
T503125,2025-06-18 09:44,OUT-03,Morning,Pastry,1,6.41,PayNow
T503098,2025-06-18 09:45,OUT-03,Morning,Tea,1,6.57,Card
T500648,2025-06-18 09:45,OUT-01,Morning,Tea,1,6.48,PayNow
T500605,2025-06-18 09:46,OUT-01,Morning,Tea,1,6.27,PayNow
T503094,2025-06-18 09:47,OUT-03,Morning,Coffee,1,6.49,PayNow
T501878,2025-06-18 09:47,OUT-02,Morning,Pastry,1,3.65,Card
T503097,2025-06-18 09:48,OUT-03,Morning,Tea,1,5.75,PayNow
T500645,2025-06-18 09:48,OUT-01,Morning,Pastry,1,6.14,Card
T501876,2025-06-18 09:48,OUT-02,Morning,Pastry,1,3.58,Card
T503137,2025-06-18 09:51,OUT-03,Morning,Coffee,1,5.17,Card
T504089,2025-06-18 09:52,OUT-04,Morning,Pastry,1,6.87,PayNow
T501833,2025-06-18 09:52,OUT-02,Morning,Coffee,1,6.84,Wallet
T501843,2025-06-18 09:53,OUT-02,Morning,Coffee,1,7.7,Card
T500626,2025-06-18 09:53,OUT-01,Morning,Food,1,13.55,Cash
T503072,2025-06-18 09:53,OUT-03,Morning,Pastry,1,6.27,Card
T504080,2025-06-18 09:54,OUT-04,Morning,Coffee,1,7.09,Card
T500586,2025-06-18 09:54,OUT-01,Morning,Tea,1,5.05,Card
T500572,2025-06-18 09:56,OUT-01,Morning,Pastry,1,7.21,Card
T500646,2025-06-18 09:56,OUT-01,Morning,Coffee,1,5.54,Card
T501870,2025-06-18 09:57,OUT-02,Morning,Tea,1,6.28,Card
T500687,2025-06-18 09:58,OUT-01,Morning,Tea,1,5.95,PayNow
T504101,2025-06-18 09:58,OUT-04,Morning,Coffee,1,6.41,PayNow
T500670,2025-06-18 09:59,OUT-01,Morning,Pastry,1,3.6,Card
T500574,2025-06-18 10:00,OUT-01,Morning,Coffee,1,5.68,PayNow
T500642,2025-06-18 10:00,OUT-01,Morning,Coffee,1,4.41,Wallet
T500598,2025-06-18 10:00,OUT-01,Morning,Pastry,1,5.65,PayNow
T503086,2025-06-18 10:00,OUT-03,Morning,Coffee,1,6.31,Wallet
T500680,2025-06-18 10:02,OUT-01,Morning,Tea,1,5.73,PayNow
T503054,2025-06-18 10:02,OUT-03,Morning,Coffee,1,6.1,PayNow
T500630,2025-06-18 10:03,OUT-01,Morning,Beans (retail),1,28.89,PayNow
T500618,2025-06-18 10:03,OUT-01,Morning,Pastry,1,4.43,Wallet
T503106,2025-06-18 10:03,OUT-03,Morning,Coffee,1,7.1,Card
T503121,2025-06-18 10:03,OUT-03,Morning,Pastry,1,3.38,Card
T503096,2025-06-18 10:04,OUT-03,Morning,Coffee,1,8.25,Card
T503037,2025-06-18 10:05,OUT-03,Morning,Coffee,1,6.85,Wallet
T503140,2025-06-18 10:05,OUT-03,Morning,Coffee,1,7.24,Wallet
T500569,2025-06-18 10:06,OUT-01,Morning,Tea,1,6.11,Card
T504061,2025-06-18 10:06,OUT-04,Morning,Tea,1,5.61,Card
T500585,2025-06-18 10:06,OUT-01,Morning,Coffee,1,4.68,Card
T503057,2025-06-18 10:10,OUT-03,Morning,Coffee,1,7.59,Wallet
T500638,2025-06-18 10:12,OUT-01,Morning,Pastry,1,4.49,Wallet
T503115,2025-06-18 10:14,OUT-03,Morning,Coffee,1,5.72,Wallet
T503071,2025-06-18 10:14,OUT-03,Morning,Coffee,1,7.89,PayNow
T503036,2025-06-18 10:14,OUT-03,Morning,Tea,1,6.67,PayNow
T503146,2025-06-18 10:15,OUT-03,Morning,Coffee,1,5.9,Card
T500654,2025-06-18 10:15,OUT-01,Morning,Pastry,1,6.71,PayNow
T500577,2025-06-18 10:15,OUT-01,Morning,Pastry,1,5.02,PayNow
T500589,2025-06-18 10:15,OUT-01,Morning,Coffee,1,6.86,Card
T503039,2025-06-18 10:15,OUT-03,Morning,Pastry,1,5.05,PayNow
T503130,2025-06-18 10:16,OUT-03,Morning,Pastry,1,5.71,PayNow
T500607,2025-06-18 10:16,OUT-01,Morning,Coffee,1,6.59,Wallet
T500632,2025-06-18 10:16,OUT-01,Morning,Coffee,1,7.09,Card
T501864,2025-06-18 10:17,OUT-02,Morning,Coffee,1,6.21,Card
T504102,2025-06-18 10:17,OUT-04,Morning,Tea,1,5.03,PayNow
T504082,2025-06-18 10:19,OUT-04,Morning,Coffee,1,5.28,PayNow
T500666,2025-06-18 10:19,OUT-01,Morning,Coffee,1,7.23,PayNow
T501834,2025-06-18 10:20,OUT-02,Morning,Coffee,1,7.16,PayNow
T503093,2025-06-18 10:20,OUT-03,Morning,Pastry,1,4.18,PayNow
T503124,2025-06-18 10:20,OUT-03,Morning,Pastry,1,6.08,Cash
T500681,2025-06-18 10:20,OUT-01,Morning,Coffee,1,4.83,PayNow
T504097,2025-06-18 10:21,OUT-04,Morning,Pastry,1,4.58,Card
T501842,2025-06-18 10:22,OUT-02,Morning,Coffee,1,6.93,Card
T504065,2025-06-18 10:22,OUT-04,Morning,Tea,1,7.27,PayNow
T503044,2025-06-18 10:23,OUT-03,Morning,Pastry,1,6.14,Card
T501863,2025-06-18 10:23,OUT-02,Morning,Coffee,1,7.94,Wallet
T503073,2025-06-18 10:23,OUT-03,Morning,Coffee,1,8.75,PayNow
T501873,2025-06-18 10:24,OUT-02,Morning,Coffee,1,5.74,Card
T500689,2025-06-18 10:25,OUT-01,Morning,Coffee,1,7.63,PayNow
T500602,2025-06-18 10:25,OUT-01,Morning,Tea,1,6.03,PayNow
T501832,2025-06-18 10:27,OUT-02,Morning,Coffee,1,6.89,Card
T503149,2025-06-18 10:27,OUT-03,Morning,Coffee,1,6.64,Cash
T503067,2025-06-18 10:27,OUT-03,Morning,Coffee,1,6.05,Cash
T503113,2025-06-18 10:28,OUT-03,Morning,Pastry,1,5.25,Card
T503069,2025-06-18 10:28,OUT-03,Morning,Coffee,1,5.42,Card
T503043,2025-06-18 10:29,OUT-03,Morning,Pastry,1,4.66,Card
T500640,2025-06-18 10:29,OUT-01,Morning,Coffee,1,6.39,Cash
T500580,2025-06-18 10:30,OUT-01,Morning,Coffee,1,5.07,Cash
T500677,2025-06-18 10:30,OUT-01,Morning,Coffee,1,4.64,Cash
T503061,2025-06-18 10:31,OUT-03,Morning,Pastry,1,5.65,PayNow
T501857,2025-06-18 10:32,OUT-02,Morning,Coffee,1,6.0,PayNow
T503119,2025-06-18 10:32,OUT-03,Morning,Pastry,1,6.48,PayNow
T500601,2025-06-18 10:33,OUT-01,Morning,Beans (retail),1,17.98,Cash
T500610,2025-06-18 10:33,OUT-01,Morning,Pastry,1,6.23,Card
T501850,2025-06-18 10:34,OUT-02,Morning,Pastry,1,3.68,Cash
T500623,2025-06-18 10:37,OUT-01,Morning,Coffee,1,7.14,Card
T500594,2025-06-18 10:37,OUT-01,Morning,Pastry,1,6.17,Cash
T500684,2025-06-18 10:37,OUT-01,Morning,Tea,1,5.96,PayNow
T504081,2025-06-18 10:38,OUT-04,Morning,Food,1,9.88,Card
T504047,2025-06-18 10:38,OUT-04,Morning,Coffee,1,7.37,Wallet
T503050,2025-06-18 10:39,OUT-03,Morning,Tea,1,5.52,Cash
T503074,2025-06-18 10:39,OUT-03,Morning,Pastry,1,6.65,Wallet
T503038,2025-06-18 10:42,OUT-03,Morning,Pastry,1,6.27,PayNow
T504092,2025-06-18 10:42,OUT-04,Morning,Coffee,1,5.53,PayNow
T500571,2025-06-18 10:43,OUT-01,Morning,Pastry,1,4.32,Card
T500596,2025-06-18 10:44,OUT-01,Morning,Coffee,1,7.54,PayNow
T500566,2025-06-18 10:44,OUT-01,Morning,Tea,1,5.6,Wallet
T500581,2025-06-18 10:45,OUT-01,Morning,Coffee,1,6.85,Cash
T500573,2025-06-18 10:45,OUT-01,Morning,Pastry,1,4.83,Card
T500592,2025-06-18 10:46,OUT-01,Morning,Coffee,1,6.63,Card
T504046,2025-06-18 10:48,OUT-04,Morning,Coffee,1,6.51,Card
T500609,2025-06-18 10:48,OUT-01,Morning,Pastry,1,5.7,Cash
T503095,2025-06-18 10:49,OUT-03,Morning,Coffee,1,6.14,Card
T503111,2025-06-18 10:50,OUT-03,Morning,Pastry,1,5.29,Wallet
T501871,2025-06-18 10:51,OUT-02,Morning,Tea,1,4.29,Wallet
T500591,2025-06-18 10:53,OUT-01,Morning,Coffee,1,6.14,Card
T503060,2025-06-18 10:53,OUT-03,Morning,Coffee,1,4.9,Card
T501852,2025-06-18 10:53,OUT-02,Morning,Coffee,1,7.98,Cash
T500693,2025-06-18 10:53,OUT-01,Morning,Coffee,1,6.71,Card
T500678,2025-06-18 10:53,OUT-01,Morning,Coffee,1,6.08,Wallet
T500604,2025-06-18 10:54,OUT-01,Morning,Pastry,1,4.43,PayNow
T504090,2025-06-18 10:54,OUT-04,Morning,Coffee,1,6.6,Cash
T501831,2025-06-18 10:56,OUT-02,Morning,Pastry,1,4.97,Card
T501874,2025-06-18 10:56,OUT-02,Morning,Pastry,1,5.72,PayNow
T504066,2025-06-18 10:58,OUT-04,Morning,Food,1,13.87,Card
T503150,2025-06-18 10:58,OUT-03,Morning,Coffee,1,6.04,Wallet
T500647,2025-06-18 10:58,OUT-01,Morning,Pastry,1,5.91,Card
T503045,2025-06-18 10:59,OUT-03,Morning,Coffee,1,4.59,Wallet
T500603,2025-06-18 10:59,OUT-01,Morning,Coffee,1,5.08,Wallet
T501888,2025-06-18 11:01,OUT-02,Midday,Beans (retail),1,23.82,PayNow
T500761,2025-06-18 11:02,OUT-01,Midday,Coffee,1,4.61,Card
T500718,2025-06-18 11:04,OUT-01,Midday,Food,1,18.53,Wallet
T504111,2025-06-18 11:05,OUT-04,Midday,Food,1,13.58,Card
T501931,2025-06-18 11:10,OUT-02,Midday,Food,1,10.57,Cash
T504109,2025-06-18 11:10,OUT-04,Midday,Coffee,1,5.3,Cash
T501923,2025-06-18 11:15,OUT-02,Midday,Food,1,12.17,PayNow
T503213,2025-06-18 11:15,OUT-03,Midday,Beans (retail),1,21.73,Card
T503181,2025-06-18 11:17,OUT-03,Midday,Pastry,1,4.64,Wallet
T500758,2025-06-18 11:18,OUT-01,Midday,Coffee,1,6.3,Wallet
T503168,2025-06-18 11:18,OUT-03,Midday,Food,1,14.43,PayNow
T503173,2025-06-18 11:19,OUT-03,Midday,Beans (retail),1,19.42,PayNow
T504131,2025-06-18 11:19,OUT-04,Midday,Food,1,14.56,Wallet
T500702,2025-06-18 11:20,OUT-01,Midday,Beans (retail),1,16.06,PayNow
T503192,2025-06-18 11:20,OUT-03,Midday,Food,1,11.46,Cash
T503172,2025-06-18 11:21,OUT-03,Midday,Food,1,14.25,Card
T501896,2025-06-18 11:24,OUT-02,Midday,Food,1,6.23,PayNow
T501921,2025-06-18 11:24,OUT-02,Midday,Food,1,16.17,Card
T503171,2025-06-18 11:26,OUT-03,Midday,Coffee,1,5.15,Cash
T500762,2025-06-18 11:27,OUT-01,Midday,Food,1,7.83,Card
T503195,2025-06-18 11:28,OUT-03,Midday,Food,1,17.19,Cash
T500706,2025-06-18 11:29,OUT-01,Midday,Food,1,10.05,Wallet
T504134,2025-06-18 11:30,OUT-04,Midday,Coffee,1,4.33,PayNow
T500736,2025-06-18 11:35,OUT-01,Midday,Beans (retail),1,20.93,Card
T500717,2025-06-18 11:40,OUT-01,Midday,Tea,1,5.67,Card
T504119,2025-06-18 11:41,OUT-04,Midday,Food,1,16.9,Wallet
T500696,2025-06-18 11:42,OUT-01,Midday,Food,1,13.29,Cash
T504116,2025-06-18 11:42,OUT-04,Midday,Food,1,18.95,Card
T503185,2025-06-18 11:42,OUT-03,Midday,Pastry,1,5.35,Cash
T501901,2025-06-18 11:42,OUT-02,Midday,Food,1,13.03,PayNow
T500739,2025-06-18 11:42,OUT-01,Midday,Tea,1,3.41,PayNow
T501899,2025-06-18 11:43,OUT-02,Midday,Food,1,13.15,PayNow
T501913,2025-06-18 11:44,OUT-02,Midday,Food,1,12.51,Wallet
T501915,2025-06-18 11:44,OUT-02,Midday,Food,1,17.46,Card
T501900,2025-06-18 11:47,OUT-02,Midday,Food,1,15.37,Card
T503211,2025-06-18 11:48,OUT-03,Midday,Pastry,1,3.81,PayNow
T501904,2025-06-18 11:49,OUT-02,Midday,Food,1,14.3,PayNow
T503175,2025-06-18 11:55,OUT-03,Midday,Food,1,11.76,PayNow
T504128,2025-06-18 11:55,OUT-04,Midday,Food,1,12.53,Card
T504141,2025-06-18 11:55,OUT-04,Midday,Food,1,15.6,Wallet
T504137,2025-06-18 11:56,OUT-04,Midday,Pastry,1,3.79,Card
T500740,2025-06-18 11:58,OUT-01,Midday,Tea,1,5.99,Card
T501920,2025-06-18 11:58,OUT-02,Midday,Food,1,14.06,Card
T500727,2025-06-18 12:00,OUT-01,Midday,Food,1,14.63,Card
T503190,2025-06-18 12:00,OUT-03,Midday,Coffee,1,4.52,Wallet
T500724,2025-06-18 12:01,OUT-01,Midday,Food,1,10.39,Card
T504145,2025-06-18 12:02,OUT-04,Midday,Food,1,16.56,PayNow
T500700,2025-06-18 12:04,OUT-01,Midday,Pastry,1,4.93,PayNow
T501898,2025-06-18 12:04,OUT-02,Midday,Coffee,1,6.81,Card
T503176,2025-06-18 12:05,OUT-03,Midday,Food,1,14.69,PayNow
T500716,2025-06-18 12:07,OUT-01,Midday,Food,1,12.27,PayNow
T504110,2025-06-18 12:07,OUT-04,Midday,Pastry,1,6.11,Cash
T500743,2025-06-18 12:09,OUT-01,Midday,Beans (retail),1,22.77,Cash
T504129,2025-06-18 12:09,OUT-04,Midday,Coffee,1,7.15,Card
T504120,2025-06-18 12:11,OUT-04,Midday,Coffee,1,7.07,Card
T503182,2025-06-18 12:11,OUT-03,Midday,Tea,1,4.44,PayNow
T501919,2025-06-18 12:11,OUT-02,Midday,Coffee,1,5.51,Cash
T500751,2025-06-18 12:12,OUT-01,Midday,Food,1,8.42,Card
T503188,2025-06-18 12:13,OUT-03,Midday,Food,1,12.13,Card
T500708,2025-06-18 12:13,OUT-01,Midday,Coffee,1,5.03,Card
T504124,2025-06-18 12:14,OUT-04,Midday,Food,1,12.81,Card
T501883,2025-06-18 12:16,OUT-02,Midday,Beans (retail),1,20.61,PayNow
T500737,2025-06-18 12:16,OUT-01,Midday,Food,1,11.85,Card
T504112,2025-06-18 12:16,OUT-04,Midday,Food,1,15.22,Card
T503199,2025-06-18 12:17,OUT-03,Midday,Coffee,1,6.42,PayNow
T501917,2025-06-18 12:17,OUT-02,Midday,Food,1,11.64,Card
T501916,2025-06-18 12:17,OUT-02,Midday,Coffee,1,5.67,Card
T500722,2025-06-18 12:18,OUT-01,Midday,Food,1,12.61,PayNow
T503197,2025-06-18 12:19,OUT-03,Midday,Tea,1,3.93,Card
T504147,2025-06-18 12:19,OUT-04,Midday,Coffee,1,6.24,PayNow
T501918,2025-06-18 12:21,OUT-02,Midday,Coffee,1,7.46,Cash
T504146,2025-06-18 12:21,OUT-04,Midday,Beans (retail),1,22.84,PayNow
T504139,2025-06-18 12:21,OUT-04,Midday,Coffee,1,6.0,Cash
T500745,2025-06-18 12:23,OUT-01,Midday,Coffee,1,8.34,PayNow
T500709,2025-06-18 12:23,OUT-01,Midday,Food,1,13.15,PayNow
T500695,2025-06-18 12:23,OUT-01,Midday,Pastry,1,5.46,Wallet
T501890,2025-06-18 12:24,OUT-02,Midday,Coffee,1,6.41,PayNow
T503163,2025-06-18 12:25,OUT-03,Midday,Coffee,1,5.93,Wallet
T501914,2025-06-18 12:26,OUT-02,Midday,Coffee,1,5.67,Card
T500711,2025-06-18 12:28,OUT-01,Midday,Coffee,1,5.5,Card
T500726,2025-06-18 12:29,OUT-01,Midday,Coffee,1,7.31,Cash
T500733,2025-06-18 12:30,OUT-01,Midday,Food,1,11.76,Card
T500712,2025-06-18 12:31,OUT-01,Midday,Food,1,14.39,PayNow
T504108,2025-06-18 12:31,OUT-04,Midday,Food,1,13.63,PayNow
T501909,2025-06-18 12:31,OUT-02,Midday,Food,1,20.61,Card
T500746,2025-06-18 12:32,OUT-01,Midday,Pastry,1,2.84,PayNow
T500749,2025-06-18 12:35,OUT-01,Midday,Coffee,1,4.32,Cash
T504126,2025-06-18 12:35,OUT-04,Midday,Food,1,10.34,PayNow
T500744,2025-06-18 12:37,OUT-01,Midday,Coffee,1,5.58,PayNow
T500759,2025-06-18 12:40,OUT-01,Midday,Food,1,15.3,Wallet
T501926,2025-06-18 12:40,OUT-02,Midday,Coffee,1,4.74,PayNow
T503183,2025-06-18 12:41,OUT-03,Midday,Tea,1,3.86,PayNow
T503161,2025-06-18 12:43,OUT-03,Midday,Pastry,1,5.88,PayNow
T501910,2025-06-18 12:44,OUT-02,Midday,Coffee,1,4.86,PayNow
T503166,2025-06-18 12:46,OUT-03,Midday,Tea,1,3.24,PayNow
T503162,2025-06-18 12:48,OUT-03,Midday,Food,1,12.44,Cash
T501932,2025-06-18 12:51,OUT-02,Midday,Tea,1,4.94,Cash
T501893,2025-06-18 12:51,OUT-02,Midday,Food,1,10.41,Card
T500731,2025-06-18 12:53,OUT-01,Midday,Food,1,10.58,PayNow
T503177,2025-06-18 12:53,OUT-03,Midday,Tea,1,5.47,PayNow
T503156,2025-06-18 12:56,OUT-03,Midday,Food,1,6.26,Wallet
T501892,2025-06-18 12:57,OUT-02,Midday,Tea,1,5.23,PayNow
T504130,2025-06-18 12:59,OUT-04,Midday,Tea,1,4.78,Card
T500735,2025-06-18 13:02,OUT-01,Midday,Coffee,1,6.25,PayNow
T501927,2025-06-18 13:02,OUT-02,Midday,Pastry,1,4.53,Card
T503206,2025-06-18 13:03,OUT-03,Midday,Food,1,9.59,PayNow
T501885,2025-06-18 13:04,OUT-02,Midday,Pastry,1,4.82,Card
T501929,2025-06-18 13:05,OUT-02,Midday,Pastry,1,5.57,Cash
T500720,2025-06-18 13:06,OUT-01,Midday,Food,1,11.72,Cash
T504132,2025-06-18 13:06,OUT-04,Midday,Food,1,14.65,Wallet
T503184,2025-06-18 13:10,OUT-03,Midday,Food,1,11.28,Cash
T504107,2025-06-18 13:11,OUT-04,Midday,Food,1,13.75,PayNow
T500715,2025-06-18 13:13,OUT-01,Midday,Coffee,1,4.65,PayNow
T503209,2025-06-18 13:14,OUT-03,Midday,Coffee,1,6.84,Card
T504140,2025-06-18 13:15,OUT-04,Midday,Food,1,9.51,Card
T500697,2025-06-18 13:15,OUT-01,Midday,Coffee,1,5.65,Card
T504113,2025-06-18 13:17,OUT-04,Midday,Coffee,1,6.6,Card
T500701,2025-06-18 13:17,OUT-01,Midday,Food,1,15.62,PayNow
T500728,2025-06-18 13:20,OUT-01,Midday,Food,1,10.71,PayNow
T503196,2025-06-18 13:21,OUT-03,Midday,Food,1,10.35,PayNow
T501897,2025-06-18 13:21,OUT-02,Midday,Coffee,1,5.77,Card
T500753,2025-06-18 13:21,OUT-01,Midday,Coffee,1,6.14,PayNow
T503164,2025-06-18 13:22,OUT-03,Midday,Pastry,1,4.24,Wallet
T504121,2025-06-18 13:22,OUT-04,Midday,Pastry,1,3.68,Wallet
T500741,2025-06-18 13:23,OUT-01,Midday,Food,1,14.68,Cash
T504144,2025-06-18 13:23,OUT-04,Midday,Tea,1,3.98,Card
T501907,2025-06-18 13:25,OUT-02,Midday,Food,1,15.38,PayNow
T504136,2025-06-18 13:26,OUT-04,Midday,Coffee,1,5.73,PayNow
T501884,2025-06-18 13:27,OUT-02,Midday,Pastry,1,5.15,Wallet
T500754,2025-06-18 13:27,OUT-01,Midday,Coffee,1,5.36,Wallet
T503202,2025-06-18 13:28,OUT-03,Midday,Food,1,10.6,PayNow
T500699,2025-06-18 13:29,OUT-01,Midday,Coffee,1,6.35,Wallet
T503180,2025-06-18 13:30,OUT-03,Midday,Food,1,10.75,Wallet
T501902,2025-06-18 13:30,OUT-02,Midday,Tea,1,4.09,Card
T503158,2025-06-18 13:30,OUT-03,Midday,Coffee,1,6.82,PayNow
T500730,2025-06-18 13:37,OUT-01,Midday,Food,1,16.77,PayNow
T503178,2025-06-18 13:39,OUT-03,Midday,Pastry,1,4.73,Card
T501886,2025-06-18 13:39,OUT-02,Midday,Tea,1,4.82,Wallet
T500756,2025-06-18 13:40,OUT-01,Midday,Coffee,1,5.85,Card
T500757,2025-06-18 13:40,OUT-01,Midday,Food,1,13.02,PayNow
T503203,2025-06-18 13:42,OUT-03,Midday,Coffee,1,6.29,Cash
T503193,2025-06-18 13:42,OUT-03,Midday,Coffee,1,5.43,Cash
T500752,2025-06-18 13:42,OUT-01,Midday,Food,1,13.62,Card
T500698,2025-06-18 13:42,OUT-01,Midday,Food,1,15.23,Cash
T501906,2025-06-18 13:43,OUT-02,Midday,Coffee,1,5.91,Card
T501908,2025-06-18 13:44,OUT-02,Midday,Coffee,1,5.38,Cash
T504114,2025-06-18 13:44,OUT-04,Midday,Food,1,9.58,Cash
T500760,2025-06-18 13:45,OUT-01,Midday,Food,1,11.4,Card
T504133,2025-06-18 13:45,OUT-04,Midday,Coffee,1,5.61,Wallet
T500723,2025-06-18 13:47,OUT-01,Midday,Food,1,10.18,Card
T503157,2025-06-18 13:47,OUT-03,Midday,Coffee,1,5.54,Card
T503205,2025-06-18 13:52,OUT-03,Midday,Food,1,10.62,Card
T503208,2025-06-18 13:53,OUT-03,Midday,Food,1,15.21,Card
T501895,2025-06-18 13:55,OUT-02,Midday,Coffee,1,5.36,PayNow
T503170,2025-06-18 13:55,OUT-03,Midday,Beans (retail),1,21.45,PayNow
T501911,2025-06-18 13:55,OUT-02,Midday,Tea,1,4.46,Card
T503210,2025-06-18 13:56,OUT-03,Midday,Beans (retail),1,17.89,PayNow
T503204,2025-06-18 13:58,OUT-03,Midday,Food,1,12.83,Card
T500704,2025-06-18 13:59,OUT-01,Midday,Coffee,1,5.41,Card
T500747,2025-06-18 14:03,OUT-01,Midday,Tea,1,4.96,Card
T504118,2025-06-18 14:04,OUT-04,Midday,Beans (retail),1,23.26,Card
T501905,2025-06-18 14:04,OUT-02,Midday,Food,1,16.37,Card
T504135,2025-06-18 14:09,OUT-04,Midday,Pastry,1,4.2,PayNow
T501922,2025-06-18 14:10,OUT-02,Midday,Food,1,13.8,Card
T504123,2025-06-18 14:11,OUT-04,Midday,Food,1,14.29,Card
T500755,2025-06-18 14:11,OUT-01,Midday,Tea,1,5.06,Card
T501930,2025-06-18 14:11,OUT-02,Midday,Coffee,1,6.68,Card
T501912,2025-06-18 14:11,OUT-02,Midday,Food,1,11.91,PayNow
T504127,2025-06-18 14:13,OUT-04,Midday,Coffee,1,6.67,Cash
T501889,2025-06-18 14:14,OUT-02,Midday,Coffee,1,5.52,Cash
T503186,2025-06-18 14:16,OUT-03,Midday,Coffee,1,4.05,Card
T503212,2025-06-18 14:16,OUT-03,Midday,Tea,1,4.8,Card
T503159,2025-06-18 14:16,OUT-03,Midday,Food,1,16.38,Card
T500705,2025-06-18 14:17,OUT-01,Midday,Food,1,12.36,Cash
T501891,2025-06-18 14:18,OUT-02,Midday,Beans (retail),1,21.12,PayNow
T500742,2025-06-18 14:20,OUT-01,Midday,Food,1,15.85,Card
T503165,2025-06-18 14:20,OUT-03,Midday,Coffee,1,6.04,Card
T500729,2025-06-18 14:21,OUT-01,Midday,Tea,1,4.75,Cash
T500738,2025-06-18 14:21,OUT-01,Midday,Beans (retail),1,19.07,PayNow
T501925,2025-06-18 14:21,OUT-02,Midday,Food,1,16.16,Card
T501882,2025-06-18 14:23,OUT-02,Midday,Food,1,12.53,PayNow
T501903,2025-06-18 14:24,OUT-02,Midday,Beans (retail),1,21.47,PayNow
T503179,2025-06-18 14:24,OUT-03,Midday,Coffee,1,6.45,Wallet
T500721,2025-06-18 14:25,OUT-01,Midday,Tea,1,4.53,PayNow
T504138,2025-06-18 14:26,OUT-04,Midday,Coffee,1,4.09,Cash
T504117,2025-06-18 14:28,OUT-04,Midday,Tea,1,5.9,Wallet
T500734,2025-06-18 14:28,OUT-01,Midday,Pastry,1,4.66,Wallet
T504115,2025-06-18 14:29,OUT-04,Midday,Food,1,13.66,PayNow
T500713,2025-06-18 14:29,OUT-01,Midday,Pastry,1,4.25,PayNow
T503189,2025-06-18 14:32,OUT-03,Midday,Food,1,13.41,PayNow
T501894,2025-06-18 14:33,OUT-02,Midday,Food,1,15.78,PayNow
T504125,2025-06-18 14:33,OUT-04,Midday,Pastry,1,4.96,PayNow
T501887,2025-06-18 14:34,OUT-02,Midday,Coffee,1,5.72,Card
T501928,2025-06-18 14:35,OUT-02,Midday,Coffee,1,7.63,Card
T500694,2025-06-18 14:35,OUT-01,Midday,Food,1,16.18,Card
T500750,2025-06-18 14:36,OUT-01,Midday,Food,1,14.6,Card
T503167,2025-06-18 14:36,OUT-03,Midday,Food,1,12.44,PayNow
T500719,2025-06-18 14:37,OUT-01,Midday,Pastry,1,5.39,PayNow
T504106,2025-06-18 14:37,OUT-04,Midday,Food,1,16.23,PayNow
T501924,2025-06-18 14:37,OUT-02,Midday,Beans (retail),1,19.74,Card
T503200,2025-06-18 14:39,OUT-03,Midday,Food,1,13.14,Card
T500714,2025-06-18 14:40,OUT-01,Midday,Food,1,15.63,PayNow
T504142,2025-06-18 14:40,OUT-04,Midday,Food,1,16.61,PayNow
T503201,2025-06-18 14:40,OUT-03,Midday,Food,1,12.88,Card
T500748,2025-06-18 14:41,OUT-01,Midday,Coffee,1,5.91,Wallet
T503191,2025-06-18 14:44,OUT-03,Midday,Food,1,14.85,PayNow
T503207,2025-06-18 14:44,OUT-03,Midday,Food,1,15.81,Card
T503169,2025-06-18 14:45,OUT-03,Midday,Food,1,14.66,PayNow
T504122,2025-06-18 14:48,OUT-04,Midday,Beans (retail),1,21.7,Cash
T500703,2025-06-18 14:50,OUT-01,Midday,Food,1,11.43,Cash
T503160,2025-06-18 14:51,OUT-03,Midday,Coffee,1,5.65,PayNow
T503174,2025-06-18 14:52,OUT-03,Midday,Coffee,1,5.6,Card
T504143,2025-06-18 14:52,OUT-04,Midday,Pastry,1,7.61,Card
T500710,2025-06-18 14:55,OUT-01,Midday,Food,1,17.12,Wallet
T500707,2025-06-18 14:56,OUT-01,Midday,Food,1,15.06,PayNow
T500725,2025-06-18 14:56,OUT-01,Midday,Tea,1,5.03,Wallet
T500732,2025-06-18 14:57,OUT-01,Midday,Coffee,1,5.0,Card
T503194,2025-06-18 14:57,OUT-03,Midday,Food,1,15.79,Card
T503187,2025-06-18 14:58,OUT-03,Midday,Food,1,13.58,Wallet
T503198,2025-06-18 14:59,OUT-03,Midday,Food,1,11.8,Card
T504159,2025-06-18 15:00,OUT-04,Evening,Pastry,1,4.24,Wallet
T504186,2025-06-18 15:02,OUT-04,Evening,Tea,1,5.76,PayNow
T504190,2025-06-18 15:03,OUT-04,Evening,Coffee,1,5.11,PayNow
T504160,2025-06-18 15:04,OUT-04,Evening,Food,1,13.07,Wallet
T504150,2025-06-18 15:10,OUT-04,Evening,Pastry,1,4.69,Card
T501939,2025-06-18 15:16,OUT-02,Evening,Pastry,1,4.63,Card
T500781,2025-06-18 15:18,OUT-01,Evening,Coffee,1,8.3,PayNow
T500774,2025-06-18 15:21,OUT-01,Evening,Coffee,1,7.68,Card
T504163,2025-06-18 15:25,OUT-04,Evening,Food,1,15.41,Cash
T504175,2025-06-18 15:26,OUT-04,Evening,Coffee,1,5.99,Card
T500766,2025-06-18 15:31,OUT-01,Evening,Coffee,1,8.15,Cash
T500777,2025-06-18 15:33,OUT-01,Evening,Pastry,1,6.58,Card
T500772,2025-06-18 15:33,OUT-01,Evening,Tea,1,7.53,Card
T501957,2025-06-18 15:36,OUT-02,Evening,Food,1,15.8,Card
T504192,2025-06-18 15:36,OUT-04,Evening,Coffee,1,4.53,PayNow
T500773,2025-06-18 15:37,OUT-01,Evening,Pastry,1,4.79,Card
T501945,2025-06-18 15:40,OUT-02,Evening,Pastry,1,6.5,Wallet
T504167,2025-06-18 15:44,OUT-04,Evening,Beans (retail),1,17.36,PayNow
T504185,2025-06-18 15:44,OUT-04,Evening,Tea,1,5.17,PayNow
T503230,2025-06-18 15:44,OUT-03,Evening,Food,1,19.61,Card
T500765,2025-06-18 15:50,OUT-01,Evening,Coffee,1,7.93,PayNow
T504173,2025-06-18 15:50,OUT-04,Evening,Food,1,13.09,PayNow
T501934,2025-06-18 15:57,OUT-02,Evening,Beans (retail),1,18.62,Card
T504151,2025-06-18 16:00,OUT-04,Evening,Pastry,1,5.76,PayNow
T500778,2025-06-18 16:03,OUT-01,Evening,Pastry,1,5.4,Card
T503216,2025-06-18 16:04,OUT-03,Evening,Food,1,17.59,Wallet
T501950,2025-06-18 16:07,OUT-02,Evening,Coffee,1,7.76,Card
T504170,2025-06-18 16:08,OUT-04,Evening,Coffee,1,5.15,PayNow
T501962,2025-06-18 16:09,OUT-02,Evening,Coffee,1,6.68,Cash
T504169,2025-06-18 16:09,OUT-04,Evening,Coffee,1,6.25,Card
T501964,2025-06-18 16:13,OUT-02,Evening,Pastry,1,5.9,Card
T504182,2025-06-18 16:15,OUT-04,Evening,Tea,1,4.85,PayNow
T500780,2025-06-18 16:15,OUT-01,Evening,Tea,1,6.03,Cash
T503233,2025-06-18 16:16,OUT-03,Evening,Coffee,1,6.34,Wallet
T503237,2025-06-18 16:30,OUT-03,Evening,Coffee,1,8.97,Cash
T504189,2025-06-18 16:35,OUT-04,Evening,Food,1,15.15,Cash
T500770,2025-06-18 16:38,OUT-01,Evening,Food,1,16.45,Cash
T503235,2025-06-18 16:44,OUT-03,Evening,Food,1,17.45,Cash
T504181,2025-06-18 16:44,OUT-04,Evening,Food,1,15.0,Wallet
T500775,2025-06-18 16:47,OUT-01,Evening,Food,1,19.19,Card
T501968,2025-06-18 16:50,OUT-02,Evening,Food,1,16.78,PayNow
T501938,2025-06-18 16:51,OUT-02,Evening,Coffee,1,8.64,PayNow
T501943,2025-06-18 16:57,OUT-02,Evening,Pastry,1,6.24,Card
T504180,2025-06-18 16:59,OUT-04,Evening,Coffee,1,5.7,PayNow
T501966,2025-06-18 16:59,OUT-02,Evening,Pastry,1,4.38,Card
T501956,2025-06-18 16:59,OUT-02,Evening,Tea,1,4.63,PayNow
T504174,2025-06-18 17:02,OUT-04,Evening,Tea,1,4.18,PayNow
T501961,2025-06-18 17:02,OUT-02,Evening,Tea,1,5.71,PayNow
T504166,2025-06-18 17:06,OUT-04,Evening,Food,1,15.51,Wallet
T504153,2025-06-18 17:08,OUT-04,Evening,Tea,1,5.17,PayNow
T504171,2025-06-18 17:17,OUT-04,Evening,Food,1,9.56,Card
T504177,2025-06-18 17:21,OUT-04,Evening,Food,1,14.25,Card
T504148,2025-06-18 17:23,OUT-04,Evening,Coffee,1,5.97,Card
T504179,2025-06-18 17:26,OUT-04,Evening,Food,1,10.96,PayNow
T501946,2025-06-18 17:34,OUT-02,Evening,Coffee,1,5.89,Card
T501949,2025-06-18 17:38,OUT-02,Evening,Pastry,1,7.1,Wallet
T501951,2025-06-18 17:45,OUT-02,Evening,Pastry,1,6.86,Wallet
T501940,2025-06-18 17:53,OUT-02,Evening,Coffee,1,3.51,PayNow
T503228,2025-06-18 17:53,OUT-03,Evening,Pastry,1,5.61,Card
T504193,2025-06-18 17:54,OUT-04,Evening,Coffee,1,5.38,Cash
T503217,2025-06-18 17:57,OUT-03,Evening,Pastry,1,5.99,Card
T504165,2025-06-18 18:04,OUT-04,Evening,Pastry,1,4.58,Card
T504157,2025-06-18 18:04,OUT-04,Evening,Beans (retail),1,16.88,Card
T504187,2025-06-18 18:06,OUT-04,Evening,Tea,1,5.59,Card
T503221,2025-06-18 18:07,OUT-03,Evening,Pastry,1,4.62,PayNow
T501971,2025-06-18 18:08,OUT-02,Evening,Beans (retail),1,26.14,PayNow
T503227,2025-06-18 18:09,OUT-03,Evening,Tea,1,5.66,PayNow
T504172,2025-06-18 18:09,OUT-04,Evening,Pastry,1,5.13,Card
T504156,2025-06-18 18:22,OUT-04,Evening,Coffee,1,6.3,Card
T504195,2025-06-18 18:23,OUT-04,Evening,Tea,1,5.11,Card
T503215,2025-06-18 18:25,OUT-03,Evening,Pastry,1,6.42,Card
T504154,2025-06-18 18:25,OUT-04,Evening,Food,1,12.99,Cash
T503219,2025-06-18 18:39,OUT-03,Evening,Tea,1,5.48,Cash
T500782,2025-06-18 18:45,OUT-01,Evening,Beans (retail),1,20.42,Card
T500763,2025-06-18 18:49,OUT-01,Evening,Coffee,1,7.65,Card
T500785,2025-06-18 18:53,OUT-01,Evening,Coffee,1,7.61,Wallet
T501958,2025-06-18 19:00,OUT-02,Evening,Food,1,13.42,Wallet
T500786,2025-06-18 19:02,OUT-01,Evening,Coffee,1,8.61,PayNow
T503236,2025-06-18 19:04,OUT-03,Evening,Food,1,11.15,Cash
T500769,2025-06-18 19:04,OUT-01,Evening,Tea,1,6.43,PayNow
T504183,2025-06-18 19:05,OUT-04,Evening,Food,1,12.42,Cash
T501954,2025-06-18 19:09,OUT-02,Evening,Pastry,1,4.71,PayNow
T504158,2025-06-18 19:12,OUT-04,Evening,Food,1,13.11,Wallet
T500784,2025-06-18 19:13,OUT-01,Evening,Coffee,1,5.19,Wallet
T501960,2025-06-18 19:14,OUT-02,Evening,Tea,1,5.77,Cash
T501941,2025-06-18 19:16,OUT-02,Evening,Coffee,1,6.97,PayNow
T501944,2025-06-18 19:16,OUT-02,Evening,Tea,1,4.19,Card
T501933,2025-06-18 19:16,OUT-02,Evening,Food,1,14.38,Card
T504161,2025-06-18 19:18,OUT-04,Evening,Beans (retail),1,23.18,Card
T504162,2025-06-18 19:19,OUT-04,Evening,Coffee,1,5.09,Cash
T503229,2025-06-18 19:21,OUT-03,Evening,Tea,1,6.98,PayNow
T504178,2025-06-18 19:23,OUT-04,Evening,Beans (retail),1,13.89,PayNow
T504194,2025-06-18 19:24,OUT-04,Evening,Pastry,1,4.07,Wallet
T501969,2025-06-18 19:25,OUT-02,Evening,Coffee,1,5.84,PayNow
T503234,2025-06-18 19:28,OUT-03,Evening,Tea,1,4.65,PayNow
T501942,2025-06-18 19:30,OUT-02,Evening,Food,1,14.97,Card
T501959,2025-06-18 19:31,OUT-02,Evening,Coffee,1,6.77,Wallet
T504197,2025-06-18 19:32,OUT-04,Evening,Tea,1,4.91,Card
T503224,2025-06-18 19:38,OUT-03,Evening,Pastry,1,5.52,Card
T501935,2025-06-18 19:40,OUT-02,Evening,Coffee,1,6.25,Card
T500768,2025-06-18 19:40,OUT-01,Evening,Food,1,16.83,Card
T504149,2025-06-18 19:44,OUT-04,Evening,Food,1,11.02,PayNow
T504164,2025-06-18 19:45,OUT-04,Evening,Food,1,14.55,Card
T501970,2025-06-18 19:48,OUT-02,Evening,Food,1,13.95,PayNow
T501936,2025-06-18 19:49,OUT-02,Evening,Food,1,13.29,Card
T504184,2025-06-18 19:49,OUT-04,Evening,Tea,1,4.61,Card
T501955,2025-06-18 19:50,OUT-02,Evening,Food,1,14.97,Cash
T503218,2025-06-18 19:50,OUT-03,Evening,Food,1,12.59,PayNow
T503220,2025-06-18 19:52,OUT-03,Evening,Coffee,1,7.02,Card
T503222,2025-06-18 19:53,OUT-03,Evening,Food,1,18.75,Card
T500767,2025-06-18 19:56,OUT-01,Evening,Coffee,1,6.61,PayNow
T503225,2025-06-18 19:57,OUT-03,Evening,Food,1,13.41,Cash
T501963,2025-06-18 19:57,OUT-02,Evening,Coffee,1,7.1,Card
T500779,2025-06-18 19:59,OUT-01,Evening,Coffee,2,9.61,Card
T503232,2025-06-18 20:00,OUT-03,Evening,Coffee,1,5.48,Card
T501952,2025-06-18 20:00,OUT-02,Evening,Coffee,1,6.66,PayNow
T501965,2025-06-18 20:02,OUT-02,Evening,Food,1,16.47,PayNow
T504155,2025-06-18 20:05,OUT-04,Evening,Coffee,1,6.05,PayNow
T500764,2025-06-18 20:06,OUT-01,Evening,Coffee,1,5.42,Card
T501948,2025-06-18 20:12,OUT-02,Evening,Food,1,15.63,PayNow
T504188,2025-06-18 20:12,OUT-04,Evening,Coffee,1,6.63,PayNow
T501937,2025-06-18 20:18,OUT-02,Evening,Tea,1,6.01,Wallet
T501972,2025-06-18 20:19,OUT-02,Evening,Beans (retail),1,19.98,Card
T500771,2025-06-18 20:20,OUT-01,Evening,Food,1,18.07,Card
T501953,2025-06-18 20:21,OUT-02,Evening,Coffee,1,6.21,Wallet
T504196,2025-06-18 20:22,OUT-04,Evening,Pastry,1,3.68,Cash
T503214,2025-06-18 20:34,OUT-03,Evening,Coffee,1,7.81,Card
T503223,2025-06-18 20:36,OUT-03,Evening,Pastry,1,4.32,Card
T500783,2025-06-18 20:39,OUT-01,Evening,Pastry,1,6.16,Card
T504176,2025-06-18 20:45,OUT-04,Evening,Pastry,1,4.81,PayNow
T504152,2025-06-18 20:46,OUT-04,Evening,Food,1,20.7,Cash
T500776,2025-06-18 20:50,OUT-01,Evening,Tea,1,6.02,PayNow
T501967,2025-06-18 20:50,OUT-02,Evening,Tea,1,5.73,PayNow
T504168,2025-06-18 20:52,OUT-04,Evening,Food,1,12.36,Cash
T503226,2025-06-18 20:53,OUT-03,Evening,Food,2,22.43,PayNow
T501947,2025-06-18 20:54,OUT-02,Evening,Coffee,1,5.45,PayNow
T503231,2025-06-18 20:54,OUT-03,Evening,Tea,1,5.12,Card
T504191,2025-06-18 20:58,OUT-04,Evening,Pastry,1,5.37,Cash
T502000,2025-06-19 07:00,OUT-02,Morning,Coffee,1,6.12,PayNow
T503355,2025-06-19 07:02,OUT-03,Morning,Pastry,1,4.95,PayNow
T504266,2025-06-19 07:03,OUT-04,Morning,Coffee,1,6.31,Card
T501989,2025-06-19 07:03,OUT-02,Morning,Coffee,1,6.57,Cash
T503337,2025-06-19 07:04,OUT-03,Morning,Pastry,1,6.06,PayNow
T502005,2025-06-19 07:04,OUT-02,Morning,Pastry,1,5.09,Card
T501984,2025-06-19 07:05,OUT-02,Morning,Tea,1,4.95,Cash
T503310,2025-06-19 07:06,OUT-03,Morning,Pastry,1,5.47,PayNow
T501986,2025-06-19 07:07,OUT-02,Morning,Coffee,1,6.08,Card
T500840,2025-06-19 07:07,OUT-01,Morning,Coffee,1,6.07,Card
T500798,2025-06-19 07:07,OUT-01,Morning,Coffee,1,7.02,Cash
T503360,2025-06-19 07:08,OUT-03,Morning,Food,1,17.19,PayNow
T500872,2025-06-19 07:09,OUT-01,Morning,Coffee,1,7.23,Card
T504223,2025-06-19 07:09,OUT-04,Morning,Pastry,1,5.43,Card
T500899,2025-06-19 07:10,OUT-01,Morning,Tea,1,5.31,Card
T500931,2025-06-19 07:11,OUT-01,Morning,Pastry,1,5.32,Cash
T500797,2025-06-19 07:11,OUT-01,Morning,Coffee,1,6.38,PayNow
T503285,2025-06-19 07:12,OUT-03,Morning,Coffee,1,5.54,Card
T501977,2025-06-19 07:13,OUT-02,Morning,Coffee,1,7.93,PayNow
T500879,2025-06-19 07:14,OUT-01,Morning,Food,1,20.86,Cash
T504253,2025-06-19 07:14,OUT-04,Morning,Pastry,1,4.79,Cash
T501975,2025-06-19 07:14,OUT-02,Morning,Pastry,1,3.88,Card
T503312,2025-06-19 07:15,OUT-03,Morning,Pastry,1,3.71,Card
T504200,2025-06-19 07:15,OUT-04,Morning,Food,1,14.43,PayNow
T504232,2025-06-19 07:15,OUT-04,Morning,Food,1,16.19,Card
T503261,2025-06-19 07:16,OUT-03,Morning,Coffee,1,7.8,PayNow
T504256,2025-06-19 07:18,OUT-04,Morning,Tea,1,4.4,Card
T503257,2025-06-19 07:18,OUT-03,Morning,Tea,1,6.55,Card
T504252,2025-06-19 07:20,OUT-04,Morning,Coffee,1,6.58,PayNow
T502003,2025-06-19 07:21,OUT-02,Morning,Tea,1,5.8,Cash
T500941,2025-06-19 07:21,OUT-01,Morning,Coffee,1,7.0,PayNow
T500888,2025-06-19 07:21,OUT-01,Morning,Coffee,1,5.17,PayNow
T503307,2025-06-19 07:21,OUT-03,Morning,Pastry,1,5.73,PayNow
T502007,2025-06-19 07:21,OUT-02,Morning,Pastry,1,4.36,PayNow
T502021,2025-06-19 07:23,OUT-02,Morning,Pastry,1,6.55,PayNow
T500865,2025-06-19 07:23,OUT-01,Morning,Pastry,1,5.87,Card
T504230,2025-06-19 07:24,OUT-04,Morning,Coffee,1,6.38,Cash
T503356,2025-06-19 07:25,OUT-03,Morning,Coffee,1,6.67,PayNow
T504234,2025-06-19 07:25,OUT-04,Morning,Coffee,1,6.52,Wallet
T500892,2025-06-19 07:25,OUT-01,Morning,Pastry,1,5.11,PayNow
T504245,2025-06-19 07:25,OUT-04,Morning,Coffee,1,5.28,Card
T500816,2025-06-19 07:25,OUT-01,Morning,Pastry,1,5.71,Wallet
T500894,2025-06-19 07:25,OUT-01,Morning,Pastry,1,5.6,PayNow
T502001,2025-06-19 07:26,OUT-02,Morning,Coffee,1,5.97,Card
T502023,2025-06-19 07:26,OUT-02,Morning,Food,1,10.97,Wallet
T503267,2025-06-19 07:28,OUT-03,Morning,Coffee,1,4.31,Card
T500940,2025-06-19 07:28,OUT-01,Morning,Food,1,14.28,Card
T503300,2025-06-19 07:29,OUT-03,Morning,Food,1,14.69,PayNow
T500822,2025-06-19 07:31,OUT-01,Morning,Coffee,1,6.19,PayNow
T500856,2025-06-19 07:32,OUT-01,Morning,Pastry,1,3.79,Cash
T501981,2025-06-19 07:32,OUT-02,Morning,Coffee,1,6.65,Wallet
T503246,2025-06-19 07:33,OUT-03,Morning,Pastry,1,4.97,Card
T503272,2025-06-19 07:33,OUT-03,Morning,Coffee,1,6.11,PayNow
T504219,2025-06-19 07:35,OUT-04,Morning,Pastry,1,4.89,Card
T504248,2025-06-19 07:35,OUT-04,Morning,Food,1,14.82,Cash
T500842,2025-06-19 07:36,OUT-01,Morning,Coffee,1,5.46,Card
T504231,2025-06-19 07:37,OUT-04,Morning,Coffee,1,5.56,PayNow
T504243,2025-06-19 07:38,OUT-04,Morning,Coffee,1,7.5,PayNow
T504257,2025-06-19 07:38,OUT-04,Morning,Coffee,1,6.63,Wallet
T503341,2025-06-19 07:39,OUT-03,Morning,Coffee,1,5.4,Wallet
T503331,2025-06-19 07:40,OUT-03,Morning,Coffee,1,6.37,PayNow
T503327,2025-06-19 07:40,OUT-03,Morning,Coffee,1,6.16,Wallet
T500871,2025-06-19 07:41,OUT-01,Morning,Coffee,1,5.84,Card
T503318,2025-06-19 07:41,OUT-03,Morning,Coffee,1,7.44,PayNow
T503258,2025-06-19 07:41,OUT-03,Morning,Coffee,1,5.66,Card
T504199,2025-06-19 07:42,OUT-04,Morning,Pastry,1,3.22,Card
T503278,2025-06-19 07:42,OUT-03,Morning,Pastry,1,5.85,Wallet
T504242,2025-06-19 07:42,OUT-04,Morning,Pastry,1,2.76,PayNow
T500838,2025-06-19 07:43,OUT-01,Morning,Tea,1,5.17,Card
T503303,2025-06-19 07:43,OUT-03,Morning,Coffee,1,4.96,Card
T500891,2025-06-19 07:44,OUT-01,Morning,Beans (retail),1,23.86,Card
T502006,2025-06-19 07:44,OUT-02,Morning,Pastry,1,5.49,Cash
T500832,2025-06-19 07:44,OUT-01,Morning,Coffee,1,6.66,Wallet
T502019,2025-06-19 07:45,OUT-02,Morning,Coffee,1,4.83,Card
T500932,2025-06-19 07:46,OUT-01,Morning,Coffee,1,5.35,Cash
T504269,2025-06-19 07:46,OUT-04,Morning,Coffee,1,5.14,Wallet
T503361,2025-06-19 07:46,OUT-03,Morning,Coffee,1,7.26,Card
T503244,2025-06-19 07:47,OUT-03,Morning,Coffee,1,7.22,PayNow
T500933,2025-06-19 07:48,OUT-01,Morning,Coffee,1,5.97,PayNow
T504239,2025-06-19 07:49,OUT-04,Morning,Coffee,1,6.81,Cash
T500874,2025-06-19 07:49,OUT-01,Morning,Tea,1,3.9,PayNow
T503330,2025-06-19 07:49,OUT-03,Morning,Coffee,1,6.54,Card
T504265,2025-06-19 07:50,OUT-04,Morning,Coffee,1,6.98,Card
T503354,2025-06-19 07:50,OUT-03,Morning,Pastry,1,4.81,Card
T500818,2025-06-19 07:50,OUT-01,Morning,Tea,1,5.12,PayNow
T500819,2025-06-19 07:50,OUT-01,Morning,Coffee,1,5.81,Card
T503351,2025-06-19 07:51,OUT-03,Morning,Coffee,1,6.51,Card
T503340,2025-06-19 07:52,OUT-03,Morning,Coffee,1,6.39,Cash
T504261,2025-06-19 07:52,OUT-04,Morning,Pastry,1,4.86,Card
T503277,2025-06-19 07:53,OUT-03,Morning,Tea,1,5.85,Card
T500882,2025-06-19 07:53,OUT-01,Morning,Pastry,1,6.39,PayNow
T500821,2025-06-19 07:54,OUT-01,Morning,Tea,1,5.55,Card
T500800,2025-06-19 07:54,OUT-01,Morning,Coffee,1,6.8,PayNow
T500811,2025-06-19 07:56,OUT-01,Morning,Coffee,1,7.0,Card
T500873,2025-06-19 07:56,OUT-01,Morning,Tea,1,4.85,Card
T503243,2025-06-19 07:57,OUT-03,Morning,Pastry,1,4.87,Card
T501995,2025-06-19 07:58,OUT-02,Morning,Coffee,1,8.78,PayNow
T503282,2025-06-19 07:59,OUT-03,Morning,Pastry,1,2.34,Cash
T500919,2025-06-19 08:00,OUT-01,Morning,Coffee,1,5.94,Card
T500809,2025-06-19 08:01,OUT-01,Morning,Coffee,1,4.13,Card
T500795,2025-06-19 08:03,OUT-01,Morning,Food,1,14.02,Cash
T500886,2025-06-19 08:03,OUT-01,Morning,Beans (retail),1,14.88,Wallet
T503270,2025-06-19 08:04,OUT-03,Morning,Coffee,1,6.07,PayNow
T501974,2025-06-19 08:04,OUT-02,Morning,Pastry,1,5.54,Wallet
T503302,2025-06-19 08:05,OUT-03,Morning,Coffee,1,5.03,PayNow
T500848,2025-06-19 08:06,OUT-01,Morning,Coffee,1,5.99,Card
T503335,2025-06-19 08:06,OUT-03,Morning,Coffee,1,6.28,Wallet
T500841,2025-06-19 08:07,OUT-01,Morning,Coffee,1,5.94,PayNow
T503349,2025-06-19 08:07,OUT-03,Morning,Coffee,1,6.61,Wallet
T503333,2025-06-19 08:08,OUT-03,Morning,Coffee,1,6.67,PayNow
T503251,2025-06-19 08:08,OUT-03,Morning,Coffee,1,6.46,Wallet
T500805,2025-06-19 08:08,OUT-01,Morning,Coffee,1,6.19,PayNow
T501997,2025-06-19 08:09,OUT-02,Morning,Coffee,1,6.18,Card
T500930,2025-06-19 08:10,OUT-01,Morning,Coffee,1,5.55,PayNow
T504227,2025-06-19 08:11,OUT-04,Morning,Coffee,1,4.78,PayNow
T500923,2025-06-19 08:11,OUT-01,Morning,Coffee,1,7.47,Card
T503308,2025-06-19 08:11,OUT-03,Morning,Pastry,1,5.72,PayNow
T500803,2025-06-19 08:11,OUT-01,Morning,Pastry,1,5.48,Card
T502025,2025-06-19 08:13,OUT-02,Morning,Coffee,1,6.38,Card
T503304,2025-06-19 08:13,OUT-03,Morning,Food,1,7.38,Card
T501994,2025-06-19 08:13,OUT-02,Morning,Coffee,1,5.76,Cash
T500860,2025-06-19 08:14,OUT-01,Morning,Tea,1,6.23,Card
T500855,2025-06-19 08:15,OUT-01,Morning,Coffee,1,6.39,PayNow
T501992,2025-06-19 08:16,OUT-02,Morning,Pastry,1,5.82,Card
T503274,2025-06-19 08:18,OUT-03,Morning,Coffee,1,4.79,PayNow
T503348,2025-06-19 08:18,OUT-03,Morning,Food,1,15.15,Wallet
T500833,2025-06-19 08:19,OUT-01,Morning,Pastry,1,4.8,Wallet
T500928,2025-06-19 08:19,OUT-01,Morning,Tea,1,4.3,PayNow
T503339,2025-06-19 08:19,OUT-03,Morning,Tea,1,3.15,Cash
T501973,2025-06-19 08:19,OUT-02,Morning,Coffee,1,5.73,PayNow
T502014,2025-06-19 08:20,OUT-02,Morning,Coffee,1,7.17,Card
T502016,2025-06-19 08:20,OUT-02,Morning,Beans (retail),1,16.5,PayNow
T503357,2025-06-19 08:20,OUT-03,Morning,Coffee,1,6.15,Cash
T503345,2025-06-19 08:21,OUT-03,Morning,Food,1,14.22,PayNow
T503311,2025-06-19 08:21,OUT-03,Morning,Coffee,1,4.58,PayNow
T500830,2025-06-19 08:21,OUT-01,Morning,Pastry,1,5.46,Card
T500853,2025-06-19 08:22,OUT-01,Morning,Coffee,1,5.76,Wallet
T503276,2025-06-19 08:23,OUT-03,Morning,Coffee,1,6.4,Card
T504202,2025-06-19 08:24,OUT-04,Morning,Pastry,1,3.76,Card
T500889,2025-06-19 08:24,OUT-01,Morning,Coffee,1,5.85,PayNow
T500887,2025-06-19 08:25,OUT-01,Morning,Coffee,1,6.64,Cash
T504220,2025-06-19 08:25,OUT-04,Morning,Pastry,1,5.13,Card
T504267,2025-06-19 08:25,OUT-04,Morning,Coffee,1,6.23,Card
T504237,2025-06-19 08:25,OUT-04,Morning,Pastry,1,7.21,PayNow
T503249,2025-06-19 08:25,OUT-03,Morning,Coffee,1,5.64,PayNow
T504255,2025-06-19 08:26,OUT-04,Morning,Pastry,1,6.52,Card
T501979,2025-06-19 08:26,OUT-02,Morning,Coffee,1,7.82,PayNow
T502026,2025-06-19 08:26,OUT-02,Morning,Pastry,1,5.22,PayNow
T502008,2025-06-19 08:27,OUT-02,Morning,Tea,1,4.12,Card
T503296,2025-06-19 08:27,OUT-03,Morning,Tea,1,4.59,Cash
T501987,2025-06-19 08:28,OUT-02,Morning,Coffee,1,6.08,PayNow
T504221,2025-06-19 08:28,OUT-04,Morning,Coffee,1,6.77,PayNow
T503343,2025-06-19 08:29,OUT-03,Morning,Coffee,1,5.81,Card
T500917,2025-06-19 08:30,OUT-01,Morning,Coffee,1,6.35,Card
T500787,2025-06-19 08:31,OUT-01,Morning,Coffee,1,5.56,Wallet
T500792,2025-06-19 08:31,OUT-01,Morning,Coffee,1,6.73,Card
T503293,2025-06-19 08:32,OUT-03,Morning,Pastry,1,7.19,Card
T501990,2025-06-19 08:32,OUT-02,Morning,Tea,1,5.92,Card
T500907,2025-06-19 08:32,OUT-01,Morning,Coffee,1,4.91,Wallet
T503336,2025-06-19 08:32,OUT-03,Morning,Pastry,1,4.13,Card
T503260,2025-06-19 08:33,OUT-03,Morning,Coffee,1,7.31,PayNow
T503325,2025-06-19 08:33,OUT-03,Morning,Pastry,1,3.32,PayNow
T504233,2025-06-19 08:35,OUT-04,Morning,Pastry,1,4.09,Wallet
T500922,2025-06-19 08:35,OUT-01,Morning,Coffee,1,5.84,Card
T503323,2025-06-19 08:35,OUT-03,Morning,Pastry,1,4.66,Wallet
T500828,2025-06-19 08:36,OUT-01,Morning,Coffee,1,5.67,Cash
T504268,2025-06-19 08:36,OUT-04,Morning,Coffee,1,6.09,PayNow
T504201,2025-06-19 08:36,OUT-04,Morning,Coffee,1,7.43,Cash
T503268,2025-06-19 08:37,OUT-03,Morning,Pastry,1,4.67,PayNow
T501983,2025-06-19 08:38,OUT-02,Morning,Coffee,1,6.04,Card
T500823,2025-06-19 08:38,OUT-01,Morning,Coffee,1,8.33,Wallet
T503290,2025-06-19 08:39,OUT-03,Morning,Tea,1,5.03,Card
T500849,2025-06-19 08:40,OUT-01,Morning,Coffee,1,6.12,Wallet
T500854,2025-06-19 08:40,OUT-01,Morning,Pastry,1,5.28,PayNow
T503298,2025-06-19 08:41,OUT-03,Morning,Pastry,1,5.98,Card
T503238,2025-06-19 08:42,OUT-03,Morning,Pastry,1,5.82,PayNow
T500802,2025-06-19 08:42,OUT-01,Morning,Coffee,1,7.39,PayNow
T500902,2025-06-19 08:43,OUT-01,Morning,Tea,1,3.79,Wallet
T500926,2025-06-19 08:43,OUT-01,Morning,Pastry,1,3.42,PayNow
T502015,2025-06-19 08:43,OUT-02,Morning,Coffee,1,6.35,PayNow
T503279,2025-06-19 08:44,OUT-03,Morning,Coffee,1,6.4,Card
T503305,2025-06-19 08:45,OUT-03,Morning,Pastry,1,4.89,Card
T503262,2025-06-19 08:45,OUT-03,Morning,Pastry,1,4.77,PayNow
T503314,2025-06-19 08:45,OUT-03,Morning,Tea,1,5.04,Card
T500939,2025-06-19 08:45,OUT-01,Morning,Pastry,1,5.88,Card
T503329,2025-06-19 08:46,OUT-03,Morning,Coffee,1,5.55,Wallet
T500877,2025-06-19 08:46,OUT-01,Morning,Beans (retail),1,18.84,Card
T503245,2025-06-19 08:46,OUT-03,Morning,Coffee,1,7.28,Cash
T500862,2025-06-19 08:47,OUT-01,Morning,Coffee,1,7.21,Cash
T502018,2025-06-19 08:48,OUT-02,Morning,Pastry,1,4.02,Cash
T504235,2025-06-19 08:48,OUT-04,Morning,Coffee,1,6.05,Card
T500866,2025-06-19 08:48,OUT-01,Morning,Tea,1,4.72,Cash
T503264,2025-06-19 08:49,OUT-03,Morning,Pastry,1,4.49,PayNow
T502017,2025-06-19 08:50,OUT-02,Morning,Coffee,1,6.55,PayNow
T503275,2025-06-19 08:50,OUT-03,Morning,Pastry,1,5.03,PayNow
T503350,2025-06-19 08:50,OUT-03,Morning,Coffee,1,4.79,Card
T504198,2025-06-19 08:50,OUT-04,Morning,Coffee,1,3.77,PayNow
T500843,2025-06-19 08:50,OUT-01,Morning,Pastry,1,4.41,Card
T504226,2025-06-19 08:50,OUT-04,Morning,Coffee,1,7.15,Card
T502020,2025-06-19 08:51,OUT-02,Morning,Pastry,1,6.18,Card
T501980,2025-06-19 08:51,OUT-02,Morning,Coffee,1,4.04,Card
T504210,2025-06-19 08:51,OUT-04,Morning,Pastry,1,5.85,Card
T504212,2025-06-19 08:52,OUT-04,Morning,Coffee,1,6.9,Wallet
T503286,2025-06-19 08:53,OUT-03,Morning,Food,1,10.36,Card
T500810,2025-06-19 08:53,OUT-01,Morning,Pastry,1,5.2,Card
T500937,2025-06-19 08:54,OUT-01,Morning,Coffee,1,5.52,Card
T501978,2025-06-19 08:54,OUT-02,Morning,Coffee,1,6.61,Wallet
T503252,2025-06-19 08:55,OUT-03,Morning,Coffee,1,6.63,PayNow
T502004,2025-06-19 08:56,OUT-02,Morning,Food,1,10.78,PayNow
T500806,2025-06-19 08:56,OUT-01,Morning,Coffee,1,7.07,Card
T504250,2025-06-19 08:56,OUT-04,Morning,Pastry,1,4.42,Card
T504218,2025-06-19 08:56,OUT-04,Morning,Coffee,1,5.25,Cash
T500847,2025-06-19 08:57,OUT-01,Morning,Coffee,1,6.21,Card
T503353,2025-06-19 08:58,OUT-03,Morning,Pastry,1,2.94,Card
T500813,2025-06-19 08:58,OUT-01,Morning,Coffee,1,6.84,Wallet
T500876,2025-06-19 08:58,OUT-01,Morning,Tea,1,6.04,Card
T500935,2025-06-19 08:59,OUT-01,Morning,Coffee,1,6.3,PayNow
T500801,2025-06-19 08:59,OUT-01,Morning,Coffee,1,5.96,PayNow
T503265,2025-06-19 08:59,OUT-03,Morning,Pastry,1,5.26,PayNow
T503253,2025-06-19 08:59,OUT-03,Morning,Pastry,1,4.37,PayNow
T500903,2025-06-19 09:00,OUT-01,Morning,Pastry,1,3.21,Wallet
T503288,2025-06-19 09:00,OUT-03,Morning,Pastry,1,4.73,Wallet
T503326,2025-06-19 09:01,OUT-03,Morning,Coffee,1,6.15,PayNow
T503291,2025-06-19 09:01,OUT-03,Morning,Coffee,1,8.36,PayNow
T500857,2025-06-19 09:04,OUT-01,Morning,Food,1,11.81,PayNow
T500812,2025-06-19 09:05,OUT-01,Morning,Coffee,1,5.75,Card
T504260,2025-06-19 09:05,OUT-04,Morning,Tea,1,5.23,Cash
T500942,2025-06-19 09:06,OUT-01,Morning,Coffee,1,5.74,PayNow
T500852,2025-06-19 09:06,OUT-01,Morning,Tea,1,5.68,Wallet
T503347,2025-06-19 09:06,OUT-03,Morning,Pastry,1,5.44,PayNow
T500885,2025-06-19 09:07,OUT-01,Morning,Pastry,1,5.44,PayNow
T500900,2025-06-19 09:07,OUT-01,Morning,Coffee,1,5.89,Card
T503301,2025-06-19 09:07,OUT-03,Morning,Coffee,1,5.35,Wallet
T504214,2025-06-19 09:08,OUT-04,Morning,Pastry,1,5.47,Card
T500815,2025-06-19 09:08,OUT-01,Morning,Coffee,1,4.49,PayNow
T500925,2025-06-19 09:08,OUT-01,Morning,Coffee,1,5.06,Card
T502009,2025-06-19 09:09,OUT-02,Morning,Pastry,1,5.15,PayNow
T500790,2025-06-19 09:10,OUT-01,Morning,Tea,1,3.58,Cash
T500880,2025-06-19 09:10,OUT-01,Morning,Coffee,1,6.2,PayNow
T504258,2025-06-19 09:11,OUT-04,Morning,Pastry,1,5.73,Card
T500921,2025-06-19 09:13,OUT-01,Morning,Pastry,1,5.88,Card
T500863,2025-06-19 09:13,OUT-01,Morning,Coffee,1,7.68,PayNow
T503342,2025-06-19 09:14,OUT-03,Morning,Pastry,1,5.67,Cash
T500845,2025-06-19 09:16,OUT-01,Morning,Coffee,1,4.59,PayNow
T504270,2025-06-19 09:16,OUT-04,Morning,Pastry,2,8.17,Wallet
T500825,2025-06-19 09:16,OUT-01,Morning,Coffee,1,7.5,Card
T503247,2025-06-19 09:18,OUT-03,Morning,Pastry,1,3.1,Wallet
T500910,2025-06-19 09:18,OUT-01,Morning,Tea,1,3.98,PayNow
T501985,2025-06-19 09:20,OUT-02,Morning,Coffee,1,6.38,Wallet
T500893,2025-06-19 09:21,OUT-01,Morning,Tea,1,4.8,Card
T503322,2025-06-19 09:21,OUT-03,Morning,Coffee,1,5.41,Card
T500826,2025-06-19 09:22,OUT-01,Morning,Coffee,1,5.64,Wallet
T502010,2025-06-19 09:22,OUT-02,Morning,Tea,1,4.89,Card
T500835,2025-06-19 09:22,OUT-01,Morning,Coffee,1,6.15,PayNow
T503319,2025-06-19 09:23,OUT-03,Morning,Food,1,17.33,Cash
T500827,2025-06-19 09:23,OUT-01,Morning,Pastry,1,6.62,Cash
T504205,2025-06-19 09:23,OUT-04,Morning,Coffee,1,5.24,Card
T503299,2025-06-19 09:23,OUT-03,Morning,Coffee,1,5.41,PayNow
T503334,2025-06-19 09:23,OUT-03,Morning,Tea,1,5.45,PayNow
T500867,2025-06-19 09:24,OUT-01,Morning,Coffee,1,7.53,Card
T503358,2025-06-19 09:24,OUT-03,Morning,Pastry,1,4.63,PayNow
T500936,2025-06-19 09:25,OUT-01,Morning,Tea,1,7.0,Card
T502027,2025-06-19 09:25,OUT-02,Morning,Coffee,1,5.13,PayNow
T500793,2025-06-19 09:27,OUT-01,Morning,Coffee,1,6.01,Card
T503239,2025-06-19 09:28,OUT-03,Morning,Coffee,1,5.75,Cash
T500883,2025-06-19 09:28,OUT-01,Morning,Tea,1,7.04,PayNow
T503254,2025-06-19 09:28,OUT-03,Morning,Pastry,1,5.52,Wallet
T500884,2025-06-19 09:28,OUT-01,Morning,Coffee,1,7.03,Wallet
T503250,2025-06-19 09:29,OUT-03,Morning,Pastry,1,5.55,Cash
T500916,2025-06-19 09:29,OUT-01,Morning,Pastry,1,5.95,PayNow
T500895,2025-06-19 09:30,OUT-01,Morning,Coffee,1,5.79,PayNow
T503271,2025-06-19 09:31,OUT-03,Morning,Coffee,1,8.43,Cash
T500844,2025-06-19 09:31,OUT-01,Morning,Tea,1,4.92,PayNow
T500834,2025-06-19 09:32,OUT-01,Morning,Coffee,1,7.17,PayNow
T500807,2025-06-19 09:32,OUT-01,Morning,Coffee,1,7.11,Card
T504249,2025-06-19 09:33,OUT-04,Morning,Coffee,1,5.17,Card
T500908,2025-06-19 09:33,OUT-01,Morning,Coffee,1,8.07,Cash
T500897,2025-06-19 09:33,OUT-01,Morning,Coffee,1,7.36,Card
T504264,2025-06-19 09:33,OUT-04,Morning,Food,1,11.84,PayNow
T502022,2025-06-19 09:34,OUT-02,Morning,Coffee,1,5.36,Cash
T501991,2025-06-19 09:34,OUT-02,Morning,Tea,1,4.91,Cash
T500934,2025-06-19 09:36,OUT-01,Morning,Coffee,1,5.46,Card
T500869,2025-06-19 09:36,OUT-01,Morning,Tea,1,6.0,Card
T504236,2025-06-19 09:36,OUT-04,Morning,Pastry,1,5.77,Card
T503297,2025-06-19 09:36,OUT-03,Morning,Coffee,1,6.35,Card
T500859,2025-06-19 09:38,OUT-01,Morning,Coffee,1,7.54,Card
T503242,2025-06-19 09:39,OUT-03,Morning,Pastry,1,6.92,Card
T500905,2025-06-19 09:40,OUT-01,Morning,Coffee,1,7.55,PayNow
T503352,2025-06-19 09:40,OUT-03,Morning,Coffee,1,7.15,Card
T500796,2025-06-19 09:40,OUT-01,Morning,Pastry,1,3.76,PayNow
T500799,2025-06-19 09:40,OUT-01,Morning,Coffee,1,6.11,Card
T504206,2025-06-19 09:41,OUT-04,Morning,Coffee,1,6.94,Card
T500915,2025-06-19 09:41,OUT-01,Morning,Coffee,1,5.91,PayNow
T503309,2025-06-19 09:42,OUT-03,Morning,Beans (retail),1,24.29,PayNow
T504259,2025-06-19 09:43,OUT-04,Morning,Pastry,1,5.58,PayNow
T503359,2025-06-19 09:43,OUT-03,Morning,Pastry,1,5.16,PayNow
T504216,2025-06-19 09:44,OUT-04,Morning,Coffee,1,7.75,Wallet
T503294,2025-06-19 09:45,OUT-03,Morning,Coffee,1,6.63,Card
T500870,2025-06-19 09:45,OUT-01,Morning,Coffee,1,5.82,Wallet
T503313,2025-06-19 09:46,OUT-03,Morning,Coffee,1,4.96,Cash
T503344,2025-06-19 09:46,OUT-03,Morning,Coffee,1,7.31,PayNow
T500890,2025-06-19 09:47,OUT-01,Morning,Coffee,1,6.45,Cash
T503281,2025-06-19 09:49,OUT-03,Morning,Coffee,1,4.79,PayNow
T504215,2025-06-19 09:49,OUT-04,Morning,Pastry,1,4.41,Cash
T500868,2025-06-19 09:50,OUT-01,Morning,Coffee,1,6.84,PayNow
T503316,2025-06-19 09:52,OUT-03,Morning,Pastry,1,4.42,Card
T500820,2025-06-19 09:52,OUT-01,Morning,Tea,1,5.14,Cash
T500878,2025-06-19 09:52,OUT-01,Morning,Coffee,1,6.48,PayNow
T500837,2025-06-19 09:53,OUT-01,Morning,Pastry,1,6.24,Card
T504204,2025-06-19 09:53,OUT-04,Morning,Tea,1,5.21,Cash
T500896,2025-06-19 09:54,OUT-01,Morning,Coffee,1,5.09,Cash
T504225,2025-06-19 09:54,OUT-04,Morning,Coffee,1,7.36,Cash
T500901,2025-06-19 09:55,OUT-01,Morning,Pastry,1,5.84,Cash
T500898,2025-06-19 09:56,OUT-01,Morning,Pastry,1,5.46,Card
T501999,2025-06-19 09:56,OUT-02,Morning,Coffee,1,7.13,PayNow
T502028,2025-06-19 09:56,OUT-02,Morning,Coffee,1,5.15,Card
T500881,2025-06-19 09:57,OUT-01,Morning,Tea,1,5.51,PayNow
T503324,2025-06-19 09:58,OUT-03,Morning,Pastry,1,3.47,Card
T504271,2025-06-19 09:58,OUT-04,Morning,Pastry,1,6.5,Wallet
T504229,2025-06-19 09:59,OUT-04,Morning,Pastry,1,4.55,PayNow
T500824,2025-06-19 09:59,OUT-01,Morning,Coffee,1,6.19,Card
T501998,2025-06-19 10:00,OUT-02,Morning,Coffee,1,6.36,Wallet
T502012,2025-06-19 10:00,OUT-02,Morning,Coffee,1,4.98,PayNow
T500912,2025-06-19 10:01,OUT-01,Morning,Coffee,1,7.25,Card
T503240,2025-06-19 10:01,OUT-03,Morning,Coffee,1,6.67,Card
T503259,2025-06-19 10:02,OUT-03,Morning,Coffee,1,7.27,Card
T504262,2025-06-19 10:02,OUT-04,Morning,Coffee,1,6.65,Card
T503306,2025-06-19 10:04,OUT-03,Morning,Pastry,1,5.73,Wallet
T503289,2025-06-19 10:05,OUT-03,Morning,Coffee,1,5.39,Cash
T500929,2025-06-19 10:06,OUT-01,Morning,Coffee,1,6.06,Card
T503273,2025-06-19 10:08,OUT-03,Morning,Pastry,1,3.61,Wallet
T501996,2025-06-19 10:08,OUT-02,Morning,Pastry,1,4.48,Cash
T504251,2025-06-19 10:08,OUT-04,Morning,Coffee,1,7.84,Cash
T503280,2025-06-19 10:09,OUT-03,Morning,Coffee,1,5.35,Card
T504209,2025-06-19 10:10,OUT-04,Morning,Coffee,1,6.06,Card
T501993,2025-06-19 10:11,OUT-02,Morning,Beans (retail),1,18.39,Wallet
T503269,2025-06-19 10:11,OUT-03,Morning,Coffee,1,7.1,Card
T504238,2025-06-19 10:11,OUT-04,Morning,Coffee,1,8.06,Cash
T504263,2025-06-19 10:12,OUT-04,Morning,Coffee,1,6.88,Cash
T503320,2025-06-19 10:12,OUT-03,Morning,Pastry,1,4.34,Card
T504254,2025-06-19 10:13,OUT-04,Morning,Pastry,1,5.99,PayNow
T503328,2025-06-19 10:14,OUT-03,Morning,Coffee,1,6.46,PayNow
T503283,2025-06-19 10:15,OUT-03,Morning,Pastry,1,4.52,Card
T500924,2025-06-19 10:15,OUT-01,Morning,Food,1,16.38,Card
T503346,2025-06-19 10:18,OUT-03,Morning,Tea,1,4.55,PayNow
T504228,2025-06-19 10:18,OUT-04,Morning,Pastry,1,5.05,Card
T504241,2025-06-19 10:18,OUT-04,Morning,Pastry,1,4.65,Wallet
T503315,2025-06-19 10:19,OUT-03,Morning,Coffee,1,4.74,Wallet
T500906,2025-06-19 10:19,OUT-01,Morning,Pastry,1,5.08,Cash
T501976,2025-06-19 10:19,OUT-02,Morning,Pastry,1,6.18,PayNow
T503255,2025-06-19 10:19,OUT-03,Morning,Coffee,1,7.03,PayNow
T503248,2025-06-19 10:20,OUT-03,Morning,Coffee,1,5.57,Cash
T500814,2025-06-19 10:20,OUT-01,Morning,Coffee,1,6.45,PayNow
T504207,2025-06-19 10:20,OUT-04,Morning,Pastry,1,5.99,Cash
T500804,2025-06-19 10:21,OUT-01,Morning,Coffee,1,6.45,Card
T504213,2025-06-19 10:21,OUT-04,Morning,Coffee,1,6.7,Wallet
T502024,2025-06-19 10:24,OUT-02,Morning,Pastry,1,5.2,Card
T500918,2025-06-19 10:25,OUT-01,Morning,Coffee,1,6.33,PayNow
T502011,2025-06-19 10:25,OUT-02,Morning,Coffee,1,6.52,PayNow
T500788,2025-06-19 10:26,OUT-01,Morning,Pastry,1,5.97,PayNow
T500794,2025-06-19 10:26,OUT-01,Morning,Coffee,1,5.58,PayNow
T504246,2025-06-19 10:26,OUT-04,Morning,Coffee,1,5.29,PayNow
T501982,2025-06-19 10:26,OUT-02,Morning,Coffee,1,4.29,PayNow
T500789,2025-06-19 10:27,OUT-01,Morning,Coffee,1,6.32,Card
T503266,2025-06-19 10:27,OUT-03,Morning,Pastry,2,8.96,Card
T500829,2025-06-19 10:28,OUT-01,Morning,Coffee,1,9.02,PayNow
T503292,2025-06-19 10:29,OUT-03,Morning,Coffee,1,4.63,PayNow
T504240,2025-06-19 10:29,OUT-04,Morning,Pastry,1,4.47,Card
T504211,2025-06-19 10:30,OUT-04,Morning,Tea,1,5.72,Cash
T502002,2025-06-19 10:30,OUT-02,Morning,Coffee,1,7.12,Cash
T500839,2025-06-19 10:31,OUT-01,Morning,Coffee,1,7.18,Cash
T504272,2025-06-19 10:31,OUT-04,Morning,Coffee,1,6.43,Wallet
T500836,2025-06-19 10:32,OUT-01,Morning,Coffee,1,6.41,PayNow
T500864,2025-06-19 10:33,OUT-01,Morning,Coffee,1,5.07,Card
T504203,2025-06-19 10:33,OUT-04,Morning,Coffee,1,7.78,PayNow
T500861,2025-06-19 10:34,OUT-01,Morning,Pastry,1,6.11,Card
T504247,2025-06-19 10:34,OUT-04,Morning,Pastry,1,3.37,Card
T500875,2025-06-19 10:36,OUT-01,Morning,Tea,1,3.46,PayNow
T504217,2025-06-19 10:37,OUT-04,Morning,Coffee,1,6.54,PayNow
T503284,2025-06-19 10:37,OUT-03,Morning,Coffee,1,6.61,PayNow
T500914,2025-06-19 10:37,OUT-01,Morning,Pastry,1,5.51,Wallet
T500913,2025-06-19 10:38,OUT-01,Morning,Tea,1,6.24,Card
T500927,2025-06-19 10:38,OUT-01,Morning,Pastry,1,5.81,Cash
T503263,2025-06-19 10:38,OUT-03,Morning,Tea,1,5.72,PayNow
T500904,2025-06-19 10:39,OUT-01,Morning,Coffee,1,8.3,Card
T502013,2025-06-19 10:39,OUT-02,Morning,Pastry,1,4.63,PayNow
T502029,2025-06-19 10:39,OUT-02,Morning,Pastry,1,4.73,Wallet
T504222,2025-06-19 10:39,OUT-04,Morning,Coffee,1,5.12,Card
T500808,2025-06-19 10:40,OUT-01,Morning,Food,1,13.29,Cash
T500851,2025-06-19 10:43,OUT-01,Morning,Coffee,1,5.63,PayNow
T503317,2025-06-19 10:43,OUT-03,Morning,Coffee,1,7.76,Wallet
T501988,2025-06-19 10:44,OUT-02,Morning,Coffee,1,5.16,Card
T503295,2025-06-19 10:44,OUT-03,Morning,Coffee,1,6.59,Card
T500831,2025-06-19 10:45,OUT-01,Morning,Tea,1,4.28,Card
T500858,2025-06-19 10:45,OUT-01,Morning,Pastry,1,4.57,PayNow
T500791,2025-06-19 10:46,OUT-01,Morning,Pastry,1,3.99,PayNow
T503321,2025-06-19 10:47,OUT-03,Morning,Pastry,1,5.87,Wallet
T504224,2025-06-19 10:47,OUT-04,Morning,Coffee,1,5.91,Card
T500846,2025-06-19 10:48,OUT-01,Morning,Coffee,1,6.64,Cash
T503287,2025-06-19 10:49,OUT-03,Morning,Coffee,1,6.4,Wallet
T500817,2025-06-19 10:50,OUT-01,Morning,Pastry,1,5.83,PayNow
T504244,2025-06-19 10:51,OUT-04,Morning,Coffee,1,6.56,Card
T500920,2025-06-19 10:52,OUT-01,Morning,Tea,1,5.0,PayNow
T504208,2025-06-19 10:52,OUT-04,Morning,Pastry,1,4.52,PayNow
T503256,2025-06-19 10:54,OUT-03,Morning,Tea,1,5.69,PayNow
T500911,2025-06-19 10:56,OUT-01,Morning,Coffee,1,6.14,Card
T503241,2025-06-19 10:56,OUT-03,Morning,Coffee,1,4.89,PayNow
T503338,2025-06-19 10:57,OUT-03,Morning,Coffee,1,6.21,PayNow
T503332,2025-06-19 10:57,OUT-03,Morning,Tea,1,3.59,Card
T500909,2025-06-19 10:57,OUT-01,Morning,Coffee,1,5.5,PayNow
T500850,2025-06-19 10:57,OUT-01,Morning,Beans (retail),1,31.6,PayNow
T502030,2025-06-19 10:59,OUT-02,Morning,Tea,1,5.12,Card
T500938,2025-06-19 10:59,OUT-01,Morning,Coffee,1,5.9,Card
T503411,2025-06-19 11:01,OUT-03,Midday,Coffee,1,5.84,Card
T503364,2025-06-19 11:01,OUT-03,Midday,Coffee,1,6.49,Card
T502048,2025-06-19 11:02,OUT-02,Midday,Coffee,1,6.57,PayNow
T504309,2025-06-19 11:03,OUT-04,Midday,Food,1,15.24,Wallet
T503382,2025-06-19 11:04,OUT-03,Midday,Tea,1,6.78,Cash
T503389,2025-06-19 11:05,OUT-03,Midday,Coffee,1,6.38,Card
T502055,2025-06-19 11:05,OUT-02,Midday,Coffee,1,8.0,PayNow
T502031,2025-06-19 11:05,OUT-02,Midday,Food,1,15.72,Cash
T501003,2025-06-19 11:07,OUT-01,Midday,Food,1,14.23,Cash
T500945,2025-06-19 11:08,OUT-01,Midday,Food,1,10.63,PayNow
T500978,2025-06-19 11:09,OUT-01,Midday,Coffee,1,5.62,Card
T504282,2025-06-19 11:09,OUT-04,Midday,Pastry,1,6.55,Cash
T502044,2025-06-19 11:10,OUT-02,Midday,Tea,1,6.55,PayNow
T504304,2025-06-19 11:11,OUT-04,Midday,Food,1,15.95,PayNow
T501010,2025-06-19 11:11,OUT-01,Midday,Coffee,1,4.71,Cash
T502075,2025-06-19 11:12,OUT-02,Midday,Coffee,1,8.27,PayNow
T500961,2025-06-19 11:12,OUT-01,Midday,Tea,1,5.76,PayNow
T500970,2025-06-19 11:14,OUT-01,Midday,Coffee,1,5.15,Cash
T500973,2025-06-19 11:14,OUT-01,Midday,Food,1,16.42,Wallet
T502033,2025-06-19 11:14,OUT-02,Midday,Food,1,11.72,Wallet
T504308,2025-06-19 11:18,OUT-04,Midday,Coffee,1,8.1,Card
T502062,2025-06-19 11:20,OUT-02,Midday,Coffee,1,8.08,Card
T502056,2025-06-19 11:20,OUT-02,Midday,Tea,1,7.2,Card
T503410,2025-06-19 11:22,OUT-03,Midday,Coffee,1,7.76,Card
T504289,2025-06-19 11:23,OUT-04,Midday,Tea,1,6.6,Card
T503375,2025-06-19 11:23,OUT-03,Midday,Food,1,18.74,Card
T502067,2025-06-19 11:25,OUT-02,Midday,Coffee,1,8.63,PayNow
T502049,2025-06-19 11:26,OUT-02,Midday,Food,1,18.6,PayNow
T500963,2025-06-19 11:28,OUT-01,Midday,Beans (retail),1,22.28,PayNow
T500971,2025-06-19 11:28,OUT-01,Midday,Coffee,1,7.38,Card
T502057,2025-06-19 11:29,OUT-02,Midday,Coffee,1,8.44,PayNow
T503394,2025-06-19 11:31,OUT-03,Midday,Food,1,15.45,Card
T500949,2025-06-19 11:32,OUT-01,Midday,Tea,1,5.02,PayNow
T503418,2025-06-19 11:32,OUT-03,Midday,Coffee,1,7.88,PayNow
T503407,2025-06-19 11:37,OUT-03,Midday,Food,1,15.55,PayNow
T504310,2025-06-19 11:37,OUT-04,Midday,Coffee,1,6.56,Card
T503415,2025-06-19 11:37,OUT-03,Midday,Pastry,1,7.08,Card
T500984,2025-06-19 11:37,OUT-01,Midday,Pastry,1,4.9,Card
T502041,2025-06-19 11:37,OUT-02,Midday,Coffee,1,6.22,Wallet
T504297,2025-06-19 11:38,OUT-04,Midday,Food,1,11.87,Card
T502042,2025-06-19 11:38,OUT-02,Midday,Food,1,18.58,Cash
T502052,2025-06-19 11:40,OUT-02,Midday,Food,1,14.49,Card
T503400,2025-06-19 11:41,OUT-03,Midday,Pastry,1,4.53,PayNow
T500980,2025-06-19 11:44,OUT-01,Midday,Coffee,1,5.04,Card
T501017,2025-06-19 11:45,OUT-01,Midday,Food,1,16.8,Card
T503383,2025-06-19 11:46,OUT-03,Midday,Food,1,19.0,Card
T503381,2025-06-19 11:46,OUT-03,Midday,Coffee,1,6.6,PayNow
T500996,2025-06-19 11:46,OUT-01,Midday,Coffee,1,5.63,Wallet
T503380,2025-06-19 11:47,OUT-03,Midday,Food,1,11.87,PayNow
T504295,2025-06-19 11:47,OUT-04,Midday,Tea,1,4.8,Card
T501004,2025-06-19 11:48,OUT-01,Midday,Pastry,1,4.27,Cash
T503398,2025-06-19 11:49,OUT-03,Midday,Food,1,14.82,Card
T503401,2025-06-19 11:52,OUT-03,Midday,Coffee,1,7.97,Card
T502071,2025-06-19 11:53,OUT-02,Midday,Coffee,1,7.35,PayNow
T502069,2025-06-19 11:53,OUT-02,Midday,Tea,1,5.3,PayNow
T501015,2025-06-19 11:53,OUT-01,Midday,Food,1,11.73,Cash
T500950,2025-06-19 11:54,OUT-01,Midday,Coffee,1,5.95,Card
T500957,2025-06-19 11:55,OUT-01,Midday,Coffee,1,5.05,Card
T500986,2025-06-19 11:55,OUT-01,Midday,Food,1,15.94,PayNow
T500966,2025-06-19 11:57,OUT-01,Midday,Food,1,15.88,PayNow
T502043,2025-06-19 11:57,OUT-02,Midday,Food,1,20.35,PayNow
T504305,2025-06-19 11:58,OUT-04,Midday,Coffee,1,6.87,PayNow
T500968,2025-06-19 11:58,OUT-01,Midday,Food,1,16.75,PayNow
T504299,2025-06-19 11:59,OUT-04,Midday,Coffee,1,8.66,PayNow
T503366,2025-06-19 12:02,OUT-03,Midday,Food,1,17.46,Wallet
T504286,2025-06-19 12:02,OUT-04,Midday,Tea,1,6.55,Card
T502077,2025-06-19 12:05,OUT-02,Midday,Food,1,13.89,Wallet
T504285,2025-06-19 12:05,OUT-04,Midday,Tea,1,5.99,Card
T503371,2025-06-19 12:05,OUT-03,Midday,Beans (retail),1,18.33,Card
T504294,2025-06-19 12:06,OUT-04,Midday,Food,1,19.01,PayNow
T500960,2025-06-19 12:07,OUT-01,Midday,Food,1,8.06,Cash
T500959,2025-06-19 12:08,OUT-01,Midday,Tea,1,5.49,PayNow
T500999,2025-06-19 12:09,OUT-01,Midday,Coffee,1,5.49,Cash
T503378,2025-06-19 12:09,OUT-03,Midday,Food,1,16.27,Wallet
T503405,2025-06-19 12:11,OUT-03,Midday,Coffee,1,5.52,Card
T503420,2025-06-19 12:14,OUT-03,Midday,Coffee,1,6.95,PayNow
T503365,2025-06-19 12:15,OUT-03,Midday,Pastry,1,4.47,Cash
T500958,2025-06-19 12:18,OUT-01,Midday,Coffee,1,5.48,PayNow
T500989,2025-06-19 12:18,OUT-01,Midday,Coffee,1,5.92,Card
T502058,2025-06-19 12:19,OUT-02,Midday,Food,1,13.32,Card
T500943,2025-06-19 12:19,OUT-01,Midday,Food,1,14.0,Card
T504281,2025-06-19 12:22,OUT-04,Midday,Tea,1,7.75,PayNow
T503388,2025-06-19 12:22,OUT-03,Midday,Coffee,1,7.19,Card
T502065,2025-06-19 12:23,OUT-02,Midday,Food,1,16.85,PayNow
T502061,2025-06-19 12:23,OUT-02,Midday,Food,1,14.21,PayNow
T504274,2025-06-19 12:23,OUT-04,Midday,Food,1,11.23,Cash
T503363,2025-06-19 12:24,OUT-03,Midday,Food,1,14.18,Wallet
T504300,2025-06-19 12:24,OUT-04,Midday,Food,1,15.61,Cash
T500987,2025-06-19 12:25,OUT-01,Midday,Food,1,19.28,Cash
T504302,2025-06-19 12:28,OUT-04,Midday,Tea,1,7.83,PayNow
T502064,2025-06-19 12:29,OUT-02,Midday,Coffee,1,7.27,Cash
T500975,2025-06-19 12:30,OUT-01,Midday,Food,1,15.45,Cash
T501000,2025-06-19 12:32,OUT-01,Midday,Coffee,1,6.78,Card
T503372,2025-06-19 12:35,OUT-03,Midday,Beans (retail),1,22.84,PayNow
T504277,2025-06-19 12:35,OUT-04,Midday,Food,2,22.41,Card
T502050,2025-06-19 12:36,OUT-02,Midday,Food,1,16.46,PayNow
T500976,2025-06-19 12:37,OUT-01,Midday,Pastry,1,4.91,Wallet
T504273,2025-06-19 12:39,OUT-04,Midday,Coffee,1,6.9,Card
T503397,2025-06-19 12:39,OUT-03,Midday,Tea,1,5.01,Card
T502051,2025-06-19 12:39,OUT-02,Midday,Food,1,17.66,Card
T504275,2025-06-19 12:40,OUT-04,Midday,Coffee,1,6.97,Wallet
T503379,2025-06-19 12:40,OUT-03,Midday,Pastry,1,4.63,PayNow
T502036,2025-06-19 12:41,OUT-02,Midday,Coffee,1,6.38,Card
T504301,2025-06-19 12:41,OUT-04,Midday,Coffee,1,8.76,Card
T502074,2025-06-19 12:41,OUT-02,Midday,Coffee,1,6.87,Cash
T503412,2025-06-19 12:43,OUT-03,Midday,Pastry,1,5.24,PayNow
T502059,2025-06-19 12:43,OUT-02,Midday,Coffee,1,7.9,Wallet
T503417,2025-06-19 12:43,OUT-03,Midday,Coffee,1,7.32,PayNow
T503374,2025-06-19 12:44,OUT-03,Midday,Coffee,1,6.51,Wallet
T500977,2025-06-19 12:45,OUT-01,Midday,Food,1,15.14,PayNow
T501002,2025-06-19 12:45,OUT-01,Midday,Food,1,11.85,Card
T503392,2025-06-19 12:47,OUT-03,Midday,Pastry,1,6.4,Wallet
T502070,2025-06-19 12:47,OUT-02,Midday,Food,1,13.37,Card
T502054,2025-06-19 12:48,OUT-02,Midday,Food,1,10.24,Card
T501011,2025-06-19 12:48,OUT-01,Midday,Coffee,1,6.73,Cash
T503376,2025-06-19 12:50,OUT-03,Midday,Food,1,19.11,Wallet
T503404,2025-06-19 12:51,OUT-03,Midday,Coffee,1,7.96,Cash
T502060,2025-06-19 12:51,OUT-02,Midday,Food,1,15.02,Card
T504288,2025-06-19 12:52,OUT-04,Midday,Coffee,1,6.74,Cash
T500948,2025-06-19 12:52,OUT-01,Midday,Food,1,11.96,Card
T500991,2025-06-19 12:53,OUT-01,Midday,Food,1,9.78,PayNow
T500995,2025-06-19 12:55,OUT-01,Midday,Beans (retail),1,26.94,PayNow
T502039,2025-06-19 12:56,OUT-02,Midday,Food,1,12.23,Card
T504284,2025-06-19 12:57,OUT-04,Midday,Coffee,1,7.51,Card
T501001,2025-06-19 12:58,OUT-01,Midday,Coffee,1,6.61,Card
T504291,2025-06-19 12:59,OUT-04,Midday,Food,1,15.0,Wallet
T502047,2025-06-19 12:59,OUT-02,Midday,Coffee,1,5.4,Card
T503391,2025-06-19 13:00,OUT-03,Midday,Coffee,1,6.65,Card
T503416,2025-06-19 13:00,OUT-03,Midday,Food,1,9.99,Card
T500988,2025-06-19 13:00,OUT-01,Midday,Food,1,13.32,PayNow
T502066,2025-06-19 13:01,OUT-02,Midday,Coffee,1,6.31,Card
T500985,2025-06-19 13:02,OUT-01,Midday,Coffee,1,7.93,Wallet
T502035,2025-06-19 13:04,OUT-02,Midday,Food,1,15.09,PayNow
T501016,2025-06-19 13:05,OUT-01,Midday,Tea,1,5.0,PayNow
T503377,2025-06-19 13:08,OUT-03,Midday,Coffee,1,6.59,Card
T503413,2025-06-19 13:08,OUT-03,Midday,Tea,1,5.15,Card
T503406,2025-06-19 13:09,OUT-03,Midday,Food,1,13.15,PayNow
T503385,2025-06-19 13:09,OUT-03,Midday,Food,1,13.52,Wallet
T504279,2025-06-19 13:09,OUT-04,Midday,Coffee,1,6.5,Card
T503370,2025-06-19 13:09,OUT-03,Midday,Food,1,15.53,Card
T504287,2025-06-19 13:10,OUT-04,Midday,Food,1,15.18,PayNow
T500947,2025-06-19 13:12,OUT-01,Midday,Coffee,1,5.74,Card
T500965,2025-06-19 13:15,OUT-01,Midday,Coffee,1,5.32,Wallet
T500972,2025-06-19 13:16,OUT-01,Midday,Pastry,1,4.99,PayNow
T502032,2025-06-19 13:16,OUT-02,Midday,Food,1,16.98,PayNow
T504280,2025-06-19 13:16,OUT-04,Midday,Pastry,1,4.95,PayNow
T500981,2025-06-19 13:16,OUT-01,Midday,Coffee,1,5.4,Wallet
T501007,2025-06-19 13:17,OUT-01,Midday,Coffee,1,6.48,Card
T504296,2025-06-19 13:17,OUT-04,Midday,Food,1,19.53,PayNow
T503403,2025-06-19 13:18,OUT-03,Midday,Food,1,7.88,Card
T503373,2025-06-19 13:21,OUT-03,Midday,Food,1,19.99,Wallet
T503362,2025-06-19 13:24,OUT-03,Midday,Food,1,12.99,Card
T503384,2025-06-19 13:24,OUT-03,Midday,Tea,1,5.76,PayNow
T503393,2025-06-19 13:26,OUT-03,Midday,Coffee,1,7.18,Card
T500964,2025-06-19 13:28,OUT-01,Midday,Coffee,1,6.88,Wallet
T503395,2025-06-19 13:29,OUT-03,Midday,Food,1,12.39,Card
T503367,2025-06-19 13:29,OUT-03,Midday,Food,1,14.62,PayNow
T500955,2025-06-19 13:29,OUT-01,Midday,Tea,1,5.92,Card
T500944,2025-06-19 13:30,OUT-01,Midday,Pastry,1,5.82,Wallet
T502076,2025-06-19 13:30,OUT-02,Midday,Coffee,1,7.31,PayNow
T503396,2025-06-19 13:30,OUT-03,Midday,Food,1,17.2,Cash
T503402,2025-06-19 13:31,OUT-03,Midday,Coffee,1,4.89,Card
T500993,2025-06-19 13:34,OUT-01,Midday,Coffee,1,6.72,Cash
T500983,2025-06-19 13:35,OUT-01,Midday,Coffee,1,5.64,Wallet
T501014,2025-06-19 13:36,OUT-01,Midday,Food,1,16.21,PayNow
T500982,2025-06-19 13:36,OUT-01,Midday,Food,1,16.02,PayNow
T502037,2025-06-19 13:37,OUT-02,Midday,Coffee,1,7.11,PayNow
T500992,2025-06-19 13:37,OUT-01,Midday,Food,1,12.02,Wallet
T503408,2025-06-19 13:38,OUT-03,Midday,Food,1,15.84,Cash
T503386,2025-06-19 13:41,OUT-03,Midday,Tea,1,6.2,Card
T502053,2025-06-19 13:43,OUT-02,Midday,Food,1,13.79,Card
T502040,2025-06-19 13:45,OUT-02,Midday,Coffee,1,6.71,Card
T502038,2025-06-19 13:46,OUT-02,Midday,Coffee,1,7.25,Cash
T502045,2025-06-19 13:47,OUT-02,Midday,Coffee,1,6.96,Card
T500953,2025-06-19 13:47,OUT-01,Midday,Tea,1,4.81,Wallet
T500954,2025-06-19 13:50,OUT-01,Midday,Beans (retail),1,21.21,Card
T500967,2025-06-19 13:54,OUT-01,Midday,Beans (retail),1,19.4,Card
T504283,2025-06-19 13:55,OUT-04,Midday,Food,1,17.01,Card
T503368,2025-06-19 13:56,OUT-03,Midday,Coffee,1,8.36,PayNow
T502063,2025-06-19 13:58,OUT-02,Midday,Food,1,18.93,Card
T500990,2025-06-19 13:58,OUT-01,Midday,Pastry,1,3.95,Card
T503409,2025-06-19 14:00,OUT-03,Midday,Pastry,1,5.52,PayNow
T503419,2025-06-19 14:02,OUT-03,Midday,Coffee,1,4.06,Card
T500956,2025-06-19 14:05,OUT-01,Midday,Pastry,1,4.57,PayNow
T501008,2025-06-19 14:05,OUT-01,Midday,Coffee,1,3.97,Cash
T501006,2025-06-19 14:06,OUT-01,Midday,Beans (retail),1,22.95,Cash
T504311,2025-06-19 14:06,OUT-04,Midday,Food,1,13.69,PayNow
T502072,2025-06-19 14:06,OUT-02,Midday,Food,1,17.56,Card
T501009,2025-06-19 14:07,OUT-01,Midday,Food,1,14.64,Card
T503369,2025-06-19 14:09,OUT-03,Midday,Food,1,13.94,Card
T500969,2025-06-19 14:09,OUT-01,Midday,Food,1,13.9,Wallet
T501012,2025-06-19 14:10,OUT-01,Midday,Food,1,14.01,PayNow
T504303,2025-06-19 14:11,OUT-04,Midday,Food,1,14.96,PayNow
T503414,2025-06-19 14:11,OUT-03,Midday,Pastry,1,5.75,PayNow
T503399,2025-06-19 14:13,OUT-03,Midday,Coffee,1,6.53,PayNow
T504290,2025-06-19 14:14,OUT-04,Midday,Coffee,1,7.44,Wallet
T504298,2025-06-19 14:15,OUT-04,Midday,Food,1,17.48,PayNow
T500997,2025-06-19 14:18,OUT-01,Midday,Food,1,12.35,PayNow
T504278,2025-06-19 14:18,OUT-04,Midday,Pastry,1,5.61,Cash
T501018,2025-06-19 14:23,OUT-01,Midday,Coffee,1,5.21,PayNow
T502073,2025-06-19 14:26,OUT-02,Midday,Pastry,1,5.53,Cash
T502068,2025-06-19 14:27,OUT-02,Midday,Pastry,1,5.51,Card
T500979,2025-06-19 14:27,OUT-01,Midday,Food,1,13.9,Cash
T500951,2025-06-19 14:29,OUT-01,Midday,Food,1,15.4,Wallet
T500974,2025-06-19 14:30,OUT-01,Midday,Coffee,1,4.84,Card
T500994,2025-06-19 14:33,OUT-01,Midday,Food,1,13.74,Cash
T504292,2025-06-19 14:35,OUT-04,Midday,Coffee,1,6.52,Card
T503387,2025-06-19 14:36,OUT-03,Midday,Beans (retail),1,25.95,PayNow
T504307,2025-06-19 14:37,OUT-04,Midday,Food,1,15.59,Card
T504306,2025-06-19 14:38,OUT-04,Midday,Coffee,1,5.57,Card
T502046,2025-06-19 14:40,OUT-02,Midday,Food,1,16.06,Card
T504293,2025-06-19 14:43,OUT-04,Midday,Beans (retail),1,19.75,Wallet
T501013,2025-06-19 14:43,OUT-01,Midday,Coffee,1,6.46,PayNow
T500946,2025-06-19 14:44,OUT-01,Midday,Beans (retail),1,17.95,Cash
T500962,2025-06-19 14:45,OUT-01,Midday,Food,1,15.37,Cash
T501005,2025-06-19 14:53,OUT-01,Midday,Food,1,14.42,Cash
T504276,2025-06-19 14:56,OUT-04,Midday,Coffee,1,8.23,Card
T500952,2025-06-19 14:57,OUT-01,Midday,Coffee,1,5.45,PayNow
T503390,2025-06-19 14:57,OUT-03,Midday,Pastry,1,6.82,Cash
T502034,2025-06-19 14:58,OUT-02,Midday,Food,1,14.97,PayNow
T500998,2025-06-19 14:58,OUT-01,Midday,Food,1,12.88,PayNow
T502094,2025-06-19 15:00,OUT-02,Evening,Pastry,1,4.58,PayNow
T501039,2025-06-19 15:08,OUT-01,Evening,Coffee,1,7.25,Wallet
T504357,2025-06-19 15:09,OUT-04,Evening,Coffee,1,5.7,Card
T504349,2025-06-19 15:11,OUT-04,Evening,Coffee,1,5.97,PayNow
T501021,2025-06-19 15:13,OUT-01,Evening,Food,1,15.46,Card
T501038,2025-06-19 15:14,OUT-01,Evening,Tea,1,5.82,Card
T504336,2025-06-19 15:19,OUT-04,Evening,Coffee,1,6.05,PayNow
T503440,2025-06-19 15:24,OUT-03,Evening,Pastry,1,3.24,Wallet
T501031,2025-06-19 15:24,OUT-01,Evening,Food,1,11.08,Card
T501026,2025-06-19 15:25,OUT-01,Evening,Pastry,1,4.19,Cash
T504333,2025-06-19 15:29,OUT-04,Evening,Tea,1,5.98,Card
T504359,2025-06-19 15:30,OUT-04,Evening,Food,1,12.41,PayNow
T503422,2025-06-19 15:31,OUT-03,Evening,Pastry,1,5.82,Card
T502101,2025-06-19 15:37,OUT-02,Evening,Coffee,1,6.07,Card
T504330,2025-06-19 15:38,OUT-04,Evening,Food,1,17.31,PayNow
T503425,2025-06-19 15:38,OUT-03,Evening,Food,1,10.91,PayNow
T504354,2025-06-19 15:38,OUT-04,Evening,Food,1,16.59,Card
T504342,2025-06-19 15:39,OUT-04,Evening,Food,1,16.71,Card
T503435,2025-06-19 15:42,OUT-03,Evening,Beans (retail),1,17.18,PayNow
T504315,2025-06-19 15:45,OUT-04,Evening,Coffee,1,9.3,Cash
T502106,2025-06-19 15:46,OUT-02,Evening,Coffee,1,5.05,Card
T502087,2025-06-19 15:48,OUT-02,Evening,Coffee,1,5.1,PayNow
T503423,2025-06-19 15:48,OUT-03,Evening,Pastry,1,6.63,Wallet
T504343,2025-06-19 15:52,OUT-04,Evening,Coffee,1,6.51,Wallet
T504339,2025-06-19 15:53,OUT-04,Evening,Food,1,12.33,Card
T504321,2025-06-19 15:55,OUT-04,Evening,Food,1,14.83,PayNow
T502099,2025-06-19 15:59,OUT-02,Evening,Food,1,14.01,PayNow
T504346,2025-06-19 16:06,OUT-04,Evening,Coffee,1,5.19,PayNow
T501025,2025-06-19 16:09,OUT-01,Evening,Food,1,16.77,Cash
T504344,2025-06-19 16:09,OUT-04,Evening,Tea,1,5.88,PayNow
T503441,2025-06-19 16:10,OUT-03,Evening,Coffee,1,5.35,Cash
T504312,2025-06-19 16:23,OUT-04,Evening,Food,1,10.94,Card
T504322,2025-06-19 16:24,OUT-04,Evening,Tea,1,6.34,Cash
T503439,2025-06-19 16:25,OUT-03,Evening,Tea,1,5.49,PayNow
T501042,2025-06-19 16:26,OUT-01,Evening,Food,1,18.08,Card
T504337,2025-06-19 16:26,OUT-04,Evening,Coffee,1,7.54,Cash
T502096,2025-06-19 16:27,OUT-02,Evening,Food,1,16.45,PayNow
T502083,2025-06-19 16:29,OUT-02,Evening,Coffee,1,7.47,Wallet
T503432,2025-06-19 16:32,OUT-03,Evening,Coffee,1,6.92,Card
T504320,2025-06-19 16:40,OUT-04,Evening,Coffee,1,5.67,PayNow
T504340,2025-06-19 16:41,OUT-04,Evening,Pastry,1,5.42,Card
T502091,2025-06-19 16:44,OUT-02,Evening,Beans (retail),1,23.04,PayNow
T504328,2025-06-19 16:47,OUT-04,Evening,Food,1,15.7,Cash
T504313,2025-06-19 16:47,OUT-04,Evening,Food,1,16.3,Card
T501045,2025-06-19 16:49,OUT-01,Evening,Food,1,18.39,PayNow
T504332,2025-06-19 16:51,OUT-04,Evening,Pastry,1,5.87,Card
T502095,2025-06-19 16:52,OUT-02,Evening,Coffee,1,7.43,Wallet
T503428,2025-06-19 16:52,OUT-03,Evening,Coffee,1,5.34,Cash
T503442,2025-06-19 16:58,OUT-03,Evening,Coffee,1,5.92,PayNow
T504335,2025-06-19 17:02,OUT-04,Evening,Pastry,1,6.64,Wallet
T502084,2025-06-19 17:03,OUT-02,Evening,Tea,1,5.86,Cash
T501023,2025-06-19 17:11,OUT-01,Evening,Coffee,1,7.56,Card
T501037,2025-06-19 17:13,OUT-01,Evening,Coffee,1,6.3,Cash
T502093,2025-06-19 17:13,OUT-02,Evening,Coffee,1,6.33,PayNow
T502111,2025-06-19 17:15,OUT-02,Evening,Beans (retail),1,17.24,Card
T501030,2025-06-19 17:17,OUT-01,Evening,Coffee,1,6.65,Card
T501033,2025-06-19 17:19,OUT-01,Evening,Coffee,1,7.82,Wallet
T502110,2025-06-19 17:23,OUT-02,Evening,Food,1,16.16,PayNow
T502086,2025-06-19 17:29,OUT-02,Evening,Food,1,14.08,PayNow
T502090,2025-06-19 17:33,OUT-02,Evening,Food,1,10.13,Cash
T504361,2025-06-19 17:33,OUT-04,Evening,Coffee,1,7.21,PayNow
T504324,2025-06-19 17:34,OUT-04,Evening,Food,1,12.56,PayNow
T502085,2025-06-19 17:41,OUT-02,Evening,Pastry,1,6.45,PayNow
T501035,2025-06-19 17:44,OUT-01,Evening,Pastry,1,4.22,Card
T501032,2025-06-19 17:45,OUT-01,Evening,Food,1,14.19,Cash
T501044,2025-06-19 17:51,OUT-01,Evening,Coffee,1,6.42,PayNow
T501024,2025-06-19 17:51,OUT-01,Evening,Food,1,12.63,PayNow
T502112,2025-06-19 17:52,OUT-02,Evening,Beans (retail),1,18.55,Card
T504316,2025-06-19 17:52,OUT-04,Evening,Food,1,13.77,Cash
T502097,2025-06-19 17:52,OUT-02,Evening,Coffee,1,6.09,Cash
T503434,2025-06-19 17:55,OUT-03,Evening,Coffee,1,5.75,Card
T502107,2025-06-19 17:55,OUT-02,Evening,Food,1,9.23,Card
T504327,2025-06-19 17:57,OUT-04,Evening,Food,1,20.06,PayNow
T503429,2025-06-19 17:58,OUT-03,Evening,Coffee,1,5.04,Card
T504334,2025-06-19 17:59,OUT-04,Evening,Tea,1,5.13,Card
T504318,2025-06-19 18:04,OUT-04,Evening,Food,1,13.76,Card
T504338,2025-06-19 18:06,OUT-04,Evening,Coffee,1,7.43,Wallet
T502108,2025-06-19 18:07,OUT-02,Evening,Pastry,1,5.68,Card
T504323,2025-06-19 18:09,OUT-04,Evening,Food,1,11.94,PayNow
T502098,2025-06-19 18:11,OUT-02,Evening,Coffee,1,7.75,PayNow
T501027,2025-06-19 18:16,OUT-01,Evening,Tea,1,5.72,PayNow
T504319,2025-06-19 18:22,OUT-04,Evening,Coffee,1,6.43,Wallet
T503437,2025-06-19 18:24,OUT-03,Evening,Food,1,11.29,Card
T502089,2025-06-19 18:24,OUT-02,Evening,Food,1,12.07,PayNow
T504325,2025-06-19 18:26,OUT-04,Evening,Coffee,1,4.67,Card
T504341,2025-06-19 18:27,OUT-04,Evening,Pastry,1,6.19,PayNow
T503436,2025-06-19 18:29,OUT-03,Evening,Beans (retail),1,17.84,Cash
T504360,2025-06-19 18:33,OUT-04,Evening,Pastry,1,6.66,Card
T503438,2025-06-19 18:42,OUT-03,Evening,Food,1,14.76,Wallet
T502103,2025-06-19 18:42,OUT-02,Evening,Coffee,1,8.51,PayNow
T502109,2025-06-19 18:46,OUT-02,Evening,Tea,1,5.02,Card
T502100,2025-06-19 18:46,OUT-02,Evening,Coffee,1,5.43,Card
T501036,2025-06-19 18:46,OUT-01,Evening,Coffee,1,5.61,Card
T503431,2025-06-19 18:51,OUT-03,Evening,Food,1,11.91,Cash
T504358,2025-06-19 18:53,OUT-04,Evening,Tea,1,6.45,Card
T501020,2025-06-19 18:53,OUT-01,Evening,Coffee,1,7.54,Card
T503427,2025-06-19 18:55,OUT-03,Evening,Food,1,15.51,Card
T501019,2025-06-19 18:55,OUT-01,Evening,Food,1,9.45,PayNow
T503430,2025-06-19 18:57,OUT-03,Evening,Food,1,11.83,PayNow
T502078,2025-06-19 19:02,OUT-02,Evening,Food,1,13.09,Card
T504356,2025-06-19 19:09,OUT-04,Evening,Coffee,1,5.25,Card
T504314,2025-06-19 19:12,OUT-04,Evening,Coffee,1,7.27,Card
T502082,2025-06-19 19:13,OUT-02,Evening,Food,1,12.13,Card
T503433,2025-06-19 19:18,OUT-03,Evening,Food,1,16.1,Card
T502080,2025-06-19 19:21,OUT-02,Evening,Pastry,1,6.56,PayNow
T504353,2025-06-19 19:23,OUT-04,Evening,Food,1,16.42,PayNow
T504351,2025-06-19 19:28,OUT-04,Evening,Coffee,1,6.29,PayNow
T501028,2025-06-19 19:39,OUT-01,Evening,Food,1,17.24,PayNow
T504352,2025-06-19 19:41,OUT-04,Evening,Coffee,1,6.46,Card
T504329,2025-06-19 19:50,OUT-04,Evening,Coffee,1,7.28,Wallet
T501022,2025-06-19 19:55,OUT-01,Evening,Pastry,1,4.99,Card
T501040,2025-06-19 19:56,OUT-01,Evening,Food,1,12.42,PayNow
T501041,2025-06-19 19:57,OUT-01,Evening,Food,1,13.2,Card
T502104,2025-06-19 19:57,OUT-02,Evening,Pastry,1,7.06,Card
T504355,2025-06-19 19:58,OUT-04,Evening,Food,1,11.56,Card
T504331,2025-06-19 20:03,OUT-04,Evening,Food,1,13.94,PayNow
T503421,2025-06-19 20:04,OUT-03,Evening,Coffee,1,5.29,Card
T504350,2025-06-19 20:06,OUT-04,Evening,Food,1,10.09,Card
T501029,2025-06-19 20:11,OUT-01,Evening,Tea,1,6.52,PayNow
T501034,2025-06-19 20:12,OUT-01,Evening,Pastry,1,6.63,PayNow
T502088,2025-06-19 20:19,OUT-02,Evening,Coffee,1,5.46,Cash
T504326,2025-06-19 20:23,OUT-04,Evening,Tea,1,5.69,Card
T502092,2025-06-19 20:26,OUT-02,Evening,Coffee,1,6.33,PayNow
T504348,2025-06-19 20:29,OUT-04,Evening,Coffee,1,6.43,Card
T502081,2025-06-19 20:32,OUT-02,Evening,Food,1,21.66,Card
T503424,2025-06-19 20:34,OUT-03,Evening,Tea,1,4.87,Wallet
T503426,2025-06-19 20:39,OUT-03,Evening,Coffee,1,5.87,Card
T504317,2025-06-19 20:47,OUT-04,Evening,Pastry,1,4.19,PayNow
T504347,2025-06-19 20:48,OUT-04,Evening,Beans (retail),1,16.09,PayNow
T502079,2025-06-19 20:49,OUT-02,Evening,Coffee,1,6.8,PayNow
T502105,2025-06-19 20:51,OUT-02,Evening,Coffee,1,6.25,PayNow
T504345,2025-06-19 20:54,OUT-04,Evening,Coffee,1,6.98,Card
T501043,2025-06-19 20:56,OUT-01,Evening,Coffee,1,7.33,Card
T502102,2025-06-19 20:58,OUT-02,Evening,Coffee,1,7.36,Card
T501054,2025-06-20 07:00,OUT-01,Morning,Coffee,1,6.01,Card
T501092,2025-06-20 07:01,OUT-01,Morning,Tea,1,5.3,PayNow
T502152,2025-06-20 07:01,OUT-02,Morning,Coffee,1,5.61,Card
T501149,2025-06-20 07:02,OUT-01,Morning,Pastry,1,6.04,Card
T501132,2025-06-20 07:03,OUT-01,Morning,Pastry,1,5.85,Card
T504390,2025-06-20 07:04,OUT-04,Morning,Pastry,1,5.37,Card
T503480,2025-06-20 07:04,OUT-03,Morning,Coffee,1,8.99,Cash
T503463,2025-06-20 07:06,OUT-03,Morning,Coffee,1,7.76,Card
T503458,2025-06-20 07:06,OUT-03,Morning,Coffee,1,6.22,PayNow
T501139,2025-06-20 07:06,OUT-01,Morning,Pastry,1,6.43,PayNow
T504401,2025-06-20 07:06,OUT-04,Morning,Coffee,1,6.97,Cash
T504394,2025-06-20 07:06,OUT-04,Morning,Food,1,13.41,Card
T504420,2025-06-20 07:07,OUT-04,Morning,Coffee,1,6.28,Wallet
T501199,2025-06-20 07:07,OUT-01,Morning,Coffee,1,6.77,Card
T501165,2025-06-20 07:08,OUT-01,Morning,Coffee,1,4.65,PayNow
T501204,2025-06-20 07:09,OUT-01,Morning,Pastry,1,5.02,PayNow
T501060,2025-06-20 07:10,OUT-01,Morning,Coffee,1,5.06,Card
T501202,2025-06-20 07:11,OUT-01,Morning,Pastry,1,4.53,Card
T501106,2025-06-20 07:11,OUT-01,Morning,Pastry,1,4.22,Cash
T503459,2025-06-20 07:11,OUT-03,Morning,Coffee,1,7.87,Card
T502150,2025-06-20 07:12,OUT-02,Morning,Coffee,1,6.08,Card
T501176,2025-06-20 07:13,OUT-01,Morning,Beans (retail),1,25.07,Card
T501066,2025-06-20 07:13,OUT-01,Morning,Beans (retail),1,27.09,Cash
T501079,2025-06-20 07:14,OUT-01,Morning,Pastry,1,4.02,PayNow
T504377,2025-06-20 07:16,OUT-04,Morning,Pastry,1,5.63,Cash
T501095,2025-06-20 07:16,OUT-01,Morning,Coffee,1,7.77,PayNow
T501102,2025-06-20 07:18,OUT-01,Morning,Coffee,1,5.39,PayNow
T502172,2025-06-20 07:18,OUT-02,Morning,Coffee,1,7.43,Cash
T504406,2025-06-20 07:19,OUT-04,Morning,Pastry,1,4.89,PayNow
T501109,2025-06-20 07:20,OUT-01,Morning,Coffee,1,5.07,Wallet
T503466,2025-06-20 07:20,OUT-03,Morning,Coffee,1,6.4,Card
T504370,2025-06-20 07:21,OUT-04,Morning,Coffee,1,7.22,Wallet
T502182,2025-06-20 07:21,OUT-02,Morning,Coffee,1,6.89,PayNow
T502125,2025-06-20 07:22,OUT-02,Morning,Pastry,1,3.08,Card
T502115,2025-06-20 07:22,OUT-02,Morning,Tea,1,6.61,Cash
T501091,2025-06-20 07:23,OUT-01,Morning,Pastry,1,5.15,Cash
T501077,2025-06-20 07:23,OUT-01,Morning,Coffee,1,7.6,PayNow
T501137,2025-06-20 07:24,OUT-01,Morning,Food,1,11.43,Card
T504378,2025-06-20 07:24,OUT-04,Morning,Coffee,1,8.69,Card
T504382,2025-06-20 07:25,OUT-04,Morning,Coffee,1,6.6,Card
T502144,2025-06-20 07:26,OUT-02,Morning,Pastry,1,5.24,PayNow
T502170,2025-06-20 07:27,OUT-02,Morning,Pastry,1,3.79,Cash
T501119,2025-06-20 07:27,OUT-01,Morning,Pastry,1,6.5,Wallet
T504381,2025-06-20 07:28,OUT-04,Morning,Coffee,1,7.39,Card
T503456,2025-06-20 07:28,OUT-03,Morning,Pastry,1,7.04,Cash
T504386,2025-06-20 07:28,OUT-04,Morning,Coffee,1,6.26,PayNow
T502145,2025-06-20 07:29,OUT-02,Morning,Tea,1,4.95,Card
T502167,2025-06-20 07:29,OUT-02,Morning,Pastry,1,5.03,PayNow
T501182,2025-06-20 07:30,OUT-01,Morning,Coffee,1,6.67,PayNow
T502177,2025-06-20 07:30,OUT-02,Morning,Pastry,1,5.55,PayNow
T503464,2025-06-20 07:31,OUT-03,Morning,Pastry,1,6.67,PayNow
T501170,2025-06-20 07:31,OUT-01,Morning,Coffee,1,6.85,PayNow
T501155,2025-06-20 07:31,OUT-01,Morning,Coffee,1,7.1,Card
T504400,2025-06-20 07:32,OUT-04,Morning,Coffee,1,7.23,Card
T503482,2025-06-20 07:32,OUT-03,Morning,Pastry,1,6.82,Wallet
T501161,2025-06-20 07:32,OUT-01,Morning,Coffee,1,4.99,PayNow
T501094,2025-06-20 07:33,OUT-01,Morning,Coffee,1,6.93,PayNow
T504385,2025-06-20 07:33,OUT-04,Morning,Pastry,1,4.51,Card
T504371,2025-06-20 07:34,OUT-04,Morning,Coffee,1,8.06,PayNow
T501051,2025-06-20 07:34,OUT-01,Morning,Pastry,1,4.4,PayNow
T503461,2025-06-20 07:34,OUT-03,Morning,Coffee,1,5.41,PayNow
T504414,2025-06-20 07:34,OUT-04,Morning,Pastry,1,7.12,PayNow
T504426,2025-06-20 07:34,OUT-04,Morning,Coffee,1,7.36,PayNow
T504368,2025-06-20 07:35,OUT-04,Morning,Coffee,1,6.13,PayNow
T504362,2025-06-20 07:36,OUT-04,Morning,Pastry,1,6.77,Cash
T501142,2025-06-20 07:36,OUT-01,Morning,Coffee,1,5.54,Card
T502135,2025-06-20 07:37,OUT-02,Morning,Pastry,1,5.95,Card
T503490,2025-06-20 07:39,OUT-03,Morning,Coffee,1,6.65,Card
T501070,2025-06-20 07:39,OUT-01,Morning,Tea,1,5.97,Cash
T504379,2025-06-20 07:40,OUT-04,Morning,Coffee,1,6.48,Wallet
T501185,2025-06-20 07:40,OUT-01,Morning,Coffee,1,5.31,Card
T501056,2025-06-20 07:40,OUT-01,Morning,Pastry,1,4.95,Card
T502175,2025-06-20 07:41,OUT-02,Morning,Coffee,1,5.98,Card
T502163,2025-06-20 07:42,OUT-02,Morning,Food,1,14.99,Card
T501083,2025-06-20 07:42,OUT-01,Morning,Coffee,1,6.22,Cash
T503474,2025-06-20 07:42,OUT-03,Morning,Coffee,1,5.88,Wallet
T501113,2025-06-20 07:43,OUT-01,Morning,Coffee,1,6.89,PayNow
T502131,2025-06-20 07:43,OUT-02,Morning,Tea,1,5.1,Card
T501126,2025-06-20 07:43,OUT-01,Morning,Tea,1,5.49,Card
T503483,2025-06-20 07:43,OUT-03,Morning,Pastry,1,5.28,PayNow
T501147,2025-06-20 07:44,OUT-01,Morning,Pastry,1,4.42,Wallet
T502139,2025-06-20 07:45,OUT-02,Morning,Pastry,1,5.0,Card
T501069,2025-06-20 07:46,OUT-01,Morning,Tea,1,5.41,Card
T501120,2025-06-20 07:46,OUT-01,Morning,Coffee,1,4.91,Wallet
T502162,2025-06-20 07:47,OUT-02,Morning,Pastry,1,4.33,PayNow
T501201,2025-06-20 07:50,OUT-01,Morning,Coffee,1,5.51,PayNow
T501179,2025-06-20 07:52,OUT-01,Morning,Coffee,1,6.41,PayNow
T503497,2025-06-20 07:53,OUT-03,Morning,Tea,1,5.27,PayNow
T502143,2025-06-20 07:53,OUT-02,Morning,Coffee,1,5.51,Wallet
T503481,2025-06-20 07:53,OUT-03,Morning,Tea,1,6.36,Card
T501093,2025-06-20 07:54,OUT-01,Morning,Coffee,1,5.63,PayNow
T503509,2025-06-20 07:54,OUT-03,Morning,Food,1,21.27,Cash
T501062,2025-06-20 07:55,OUT-01,Morning,Coffee,1,5.85,Card
T501086,2025-06-20 07:55,OUT-01,Morning,Pastry,1,7.27,Wallet
T503486,2025-06-20 07:56,OUT-03,Morning,Pastry,1,5.69,Cash
T502126,2025-06-20 07:57,OUT-02,Morning,Coffee,1,7.07,Card
T503495,2025-06-20 07:57,OUT-03,Morning,Pastry,1,6.68,Card
T504403,2025-06-20 07:58,OUT-04,Morning,Pastry,1,6.19,Card
T501087,2025-06-20 07:59,OUT-01,Morning,Coffee,1,5.35,Card
T504417,2025-06-20 07:59,OUT-04,Morning,Coffee,1,6.66,Card
T501160,2025-06-20 08:00,OUT-01,Morning,Pastry,1,5.37,Card
T502171,2025-06-20 08:01,OUT-02,Morning,Pastry,1,4.9,Wallet
T501180,2025-06-20 08:01,OUT-01,Morning,Coffee,1,6.86,PayNow
T502127,2025-06-20 08:03,OUT-02,Morning,Coffee,1,5.48,Card
T502119,2025-06-20 08:03,OUT-02,Morning,Coffee,1,5.54,Card
T502140,2025-06-20 08:03,OUT-02,Morning,Coffee,1,6.31,PayNow
T501152,2025-06-20 08:03,OUT-01,Morning,Pastry,1,5.14,Card
T503506,2025-06-20 08:04,OUT-03,Morning,Coffee,1,8.84,Card
T501157,2025-06-20 08:04,OUT-01,Morning,Tea,1,4.02,Wallet
T502113,2025-06-20 08:04,OUT-02,Morning,Pastry,1,4.13,Cash
T501107,2025-06-20 08:05,OUT-01,Morning,Coffee,1,5.18,PayNow
T503484,2025-06-20 08:05,OUT-03,Morning,Coffee,1,6.58,Card
T504375,2025-06-20 08:06,OUT-04,Morning,Coffee,1,7.4,Card
T501153,2025-06-20 08:06,OUT-01,Morning,Coffee,1,5.82,Card
T501164,2025-06-20 08:07,OUT-01,Morning,Coffee,1,4.85,Card
T504396,2025-06-20 08:08,OUT-04,Morning,Tea,1,5.45,Cash
T502181,2025-06-20 08:09,OUT-02,Morning,Coffee,1,6.25,Card
T503451,2025-06-20 08:09,OUT-03,Morning,Coffee,1,7.8,PayNow
T503457,2025-06-20 08:10,OUT-03,Morning,Food,1,17.91,PayNow
T501151,2025-06-20 08:10,OUT-01,Morning,Beans (retail),1,21.48,Card
T501046,2025-06-20 08:10,OUT-01,Morning,Coffee,1,7.3,Card
T503502,2025-06-20 08:10,OUT-03,Morning,Coffee,1,5.38,Card
T501088,2025-06-20 08:11,OUT-01,Morning,Pastry,1,4.06,PayNow
T501112,2025-06-20 08:11,OUT-01,Morning,Beans (retail),1,30.27,Cash
T502146,2025-06-20 08:13,OUT-02,Morning,Coffee,1,6.65,PayNow
T501067,2025-06-20 08:13,OUT-01,Morning,Coffee,1,6.29,Card
T504428,2025-06-20 08:14,OUT-04,Morning,Tea,1,5.54,Card
T501148,2025-06-20 08:16,OUT-01,Morning,Coffee,1,6.86,PayNow
T501200,2025-06-20 08:16,OUT-01,Morning,Food,1,12.39,Card
T504411,2025-06-20 08:17,OUT-04,Morning,Coffee,1,6.11,Wallet
T501183,2025-06-20 08:17,OUT-01,Morning,Coffee,1,6.36,PayNow
T502148,2025-06-20 08:19,OUT-02,Morning,Coffee,1,5.09,Card
T504410,2025-06-20 08:21,OUT-04,Morning,Coffee,1,6.18,Card
T501178,2025-06-20 08:21,OUT-01,Morning,Pastry,1,5.23,PayNow
T503479,2025-06-20 08:21,OUT-03,Morning,Coffee,1,7.0,Card
T501168,2025-06-20 08:22,OUT-01,Morning,Coffee,1,5.81,Cash
T501105,2025-06-20 08:22,OUT-01,Morning,Coffee,1,6.09,Card
T501130,2025-06-20 08:23,OUT-01,Morning,Coffee,1,6.84,Wallet
T503485,2025-06-20 08:23,OUT-03,Morning,Coffee,1,7.34,PayNow
T502169,2025-06-20 08:25,OUT-02,Morning,Pastry,1,5.48,PayNow
T502133,2025-06-20 08:26,OUT-02,Morning,Tea,1,5.5,Card
T501071,2025-06-20 08:26,OUT-01,Morning,Tea,1,5.07,PayNow
T501193,2025-06-20 08:28,OUT-01,Morning,Coffee,1,7.86,PayNow
T501064,2025-06-20 08:28,OUT-01,Morning,Pastry,1,7.08,PayNow
T504408,2025-06-20 08:29,OUT-04,Morning,Coffee,1,7.21,Wallet
T502141,2025-06-20 08:30,OUT-02,Morning,Pastry,1,6.49,Cash
T501128,2025-06-20 08:30,OUT-01,Morning,Pastry,1,3.57,Card
T503454,2025-06-20 08:31,OUT-03,Morning,Pastry,1,6.25,Card
T501081,2025-06-20 08:32,OUT-01,Morning,Coffee,1,4.28,PayNow
T502180,2025-06-20 08:33,OUT-02,Morning,Tea,1,3.9,Cash
T502179,2025-06-20 08:33,OUT-02,Morning,Coffee,1,5.0,PayNow
T502151,2025-06-20 08:35,OUT-02,Morning,Coffee,1,5.58,Card
T502176,2025-06-20 08:35,OUT-02,Morning,Pastry,1,4.9,PayNow
T501103,2025-06-20 08:36,OUT-01,Morning,Coffee,1,5.2,PayNow
T502168,2025-06-20 08:36,OUT-02,Morning,Coffee,1,5.06,Cash
T501082,2025-06-20 08:36,OUT-01,Morning,Tea,1,4.94,Card
T504363,2025-06-20 08:37,OUT-04,Morning,Coffee,1,4.89,Card
T503465,2025-06-20 08:37,OUT-03,Morning,Pastry,1,5.96,PayNow
T504392,2025-06-20 08:38,OUT-04,Morning,Coffee,1,6.8,Cash
T504405,2025-06-20 08:38,OUT-04,Morning,Coffee,1,7.28,PayNow
T502161,2025-06-20 08:39,OUT-02,Morning,Coffee,1,5.3,Cash
T501048,2025-06-20 08:39,OUT-01,Morning,Tea,1,5.51,Card
T503477,2025-06-20 08:40,OUT-03,Morning,Coffee,1,6.27,Cash
T503467,2025-06-20 08:41,OUT-03,Morning,Pastry,1,4.06,Card
T503473,2025-06-20 08:42,OUT-03,Morning,Coffee,1,7.95,Card
T502158,2025-06-20 08:42,OUT-02,Morning,Beans (retail),1,19.06,Card
T502130,2025-06-20 08:43,OUT-02,Morning,Coffee,1,5.66,Card
T502178,2025-06-20 08:43,OUT-02,Morning,Coffee,1,5.65,Card
T504427,2025-06-20 08:44,OUT-04,Morning,Coffee,1,5.99,Cash
T502147,2025-06-20 08:44,OUT-02,Morning,Pastry,1,4.65,Card
T501205,2025-06-20 08:45,OUT-01,Morning,Coffee,1,6.43,Wallet
T502114,2025-06-20 08:45,OUT-02,Morning,Coffee,1,6.18,Cash
T503499,2025-06-20 08:45,OUT-03,Morning,Coffee,1,7.01,Card
T503443,2025-06-20 08:45,OUT-03,Morning,Coffee,1,6.63,Card
T501140,2025-06-20 08:46,OUT-01,Morning,Food,1,11.06,Wallet
T501104,2025-06-20 08:46,OUT-01,Morning,Coffee,1,4.89,Wallet
T501108,2025-06-20 08:48,OUT-01,Morning,Coffee,1,6.58,Card
T501171,2025-06-20 08:48,OUT-01,Morning,Coffee,1,4.5,Wallet
T501114,2025-06-20 08:48,OUT-01,Morning,Tea,1,5.27,Cash
T501047,2025-06-20 08:49,OUT-01,Morning,Tea,1,5.15,PayNow
T504425,2025-06-20 08:52,OUT-04,Morning,Tea,1,3.46,Card
T501089,2025-06-20 08:52,OUT-01,Morning,Pastry,1,5.24,Cash
T502116,2025-06-20 08:53,OUT-02,Morning,Coffee,1,5.56,Card
T501150,2025-06-20 08:54,OUT-01,Morning,Pastry,1,6.13,Cash
T503452,2025-06-20 08:54,OUT-03,Morning,Pastry,1,6.24,Cash
T501163,2025-06-20 08:56,OUT-01,Morning,Pastry,1,4.74,Card
T504393,2025-06-20 08:58,OUT-04,Morning,Coffee,1,6.02,PayNow
T504419,2025-06-20 08:58,OUT-04,Morning,Coffee,1,6.22,Cash
T503460,2025-06-20 08:58,OUT-03,Morning,Food,1,16.74,Wallet
T501146,2025-06-20 08:58,OUT-01,Morning,Coffee,1,7.31,Cash
T503472,2025-06-20 08:59,OUT-03,Morning,Coffee,1,8.29,Cash
T503455,2025-06-20 09:00,OUT-03,Morning,Tea,1,5.23,Cash
T504376,2025-06-20 09:02,OUT-04,Morning,Pastry,1,4.72,Card
T501131,2025-06-20 09:02,OUT-01,Morning,Tea,1,5.72,PayNow
T501190,2025-06-20 09:02,OUT-01,Morning,Coffee,1,5.96,Wallet
T502121,2025-06-20 09:04,OUT-02,Morning,Coffee,1,7.19,Card
T501186,2025-06-20 09:05,OUT-01,Morning,Coffee,1,5.88,Wallet
T502128,2025-06-20 09:05,OUT-02,Morning,Pastry,1,7.31,Cash
T501122,2025-06-20 09:06,OUT-01,Morning,Pastry,1,5.99,Card
T503493,2025-06-20 09:07,OUT-03,Morning,Coffee,1,6.57,Card
T503508,2025-06-20 09:07,OUT-03,Morning,Coffee,1,7.8,Card
T502155,2025-06-20 09:09,OUT-02,Morning,Food,1,9.02,Card
T501156,2025-06-20 09:09,OUT-01,Morning,Food,1,17.01,PayNow
T501162,2025-06-20 09:10,OUT-01,Morning,Coffee,1,5.41,Card
T501173,2025-06-20 09:11,OUT-01,Morning,Tea,1,6.49,Wallet
T503475,2025-06-20 09:12,OUT-03,Morning,Pastry,1,6.83,PayNow
T502124,2025-06-20 09:12,OUT-02,Morning,Coffee,1,5.21,Card
T504416,2025-06-20 09:12,OUT-04,Morning,Coffee,1,7.71,Card
T502138,2025-06-20 09:13,OUT-02,Morning,Coffee,1,6.6,Cash
T504424,2025-06-20 09:13,OUT-04,Morning,Coffee,1,7.22,PayNow
T501121,2025-06-20 09:13,OUT-01,Morning,Coffee,1,5.7,Cash
T503496,2025-06-20 09:13,OUT-03,Morning,Coffee,1,7.34,Card
T502132,2025-06-20 09:14,OUT-02,Morning,Coffee,1,5.99,PayNow
T501057,2025-06-20 09:15,OUT-01,Morning,Coffee,1,4.81,PayNow
T501159,2025-06-20 09:16,OUT-01,Morning,Food,1,11.0,Card
T501188,2025-06-20 09:17,OUT-01,Morning,Coffee,1,6.24,PayNow
T503478,2025-06-20 09:17,OUT-03,Morning,Coffee,1,6.69,Card
T501052,2025-06-20 09:18,OUT-01,Morning,Tea,1,5.34,Card
T501145,2025-06-20 09:19,OUT-01,Morning,Pastry,1,3.7,Card
T502149,2025-06-20 09:20,OUT-02,Morning,Coffee,1,7.07,Cash
T503445,2025-06-20 09:21,OUT-03,Morning,Coffee,1,6.78,Card
T503492,2025-06-20 09:21,OUT-03,Morning,Coffee,1,7.48,Cash
T504409,2025-06-20 09:22,OUT-04,Morning,Coffee,1,5.04,Cash
T501078,2025-06-20 09:22,OUT-01,Morning,Pastry,1,6.04,PayNow
T502123,2025-06-20 09:22,OUT-02,Morning,Tea,1,5.31,Card
T503444,2025-06-20 09:25,OUT-03,Morning,Coffee,1,5.52,Card
T504395,2025-06-20 09:27,OUT-04,Morning,Coffee,1,7.47,PayNow
T504372,2025-06-20 09:28,OUT-04,Morning,Coffee,1,8.94,Card
T504387,2025-06-20 09:29,OUT-04,Morning,Pastry,1,4.53,PayNow
T503450,2025-06-20 09:30,OUT-03,Morning,Pastry,1,5.17,Card
T503487,2025-06-20 09:30,OUT-03,Morning,Coffee,1,6.85,Card
T501192,2025-06-20 09:30,OUT-01,Morning,Coffee,1,6.41,PayNow
T502173,2025-06-20 09:30,OUT-02,Morning,Coffee,1,4.82,Card
T501129,2025-06-20 09:33,OUT-01,Morning,Tea,1,5.5,PayNow
T502160,2025-06-20 09:35,OUT-02,Morning,Pastry,1,7.18,PayNow
T501154,2025-06-20 09:35,OUT-01,Morning,Coffee,1,5.85,PayNow
T502159,2025-06-20 09:36,OUT-02,Morning,Coffee,1,6.64,PayNow
T501084,2025-06-20 09:37,OUT-01,Morning,Food,1,15.96,PayNow
T503504,2025-06-20 09:37,OUT-03,Morning,Coffee,1,7.25,Card
T501090,2025-06-20 09:38,OUT-01,Morning,Coffee,1,6.36,Card
T504384,2025-06-20 09:40,OUT-04,Morning,Tea,1,4.97,Cash
T503503,2025-06-20 09:40,OUT-03,Morning,Coffee,1,7.68,Wallet
T503469,2025-06-20 09:42,OUT-03,Morning,Coffee,1,7.08,Card
T501124,2025-06-20 09:43,OUT-01,Morning,Pastry,1,5.67,Wallet
T504412,2025-06-20 09:44,OUT-04,Morning,Tea,1,6.15,PayNow
T501195,2025-06-20 09:44,OUT-01,Morning,Pastry,1,3.86,Card
T503448,2025-06-20 09:44,OUT-03,Morning,Coffee,1,8.05,PayNow
T501117,2025-06-20 09:45,OUT-01,Morning,Pastry,1,5.0,Card
T501085,2025-06-20 09:46,OUT-01,Morning,Coffee,1,5.02,Card
T501065,2025-06-20 09:46,OUT-01,Morning,Pastry,1,5.94,Cash
T501097,2025-06-20 09:48,OUT-01,Morning,Coffee,1,6.33,PayNow
T503462,2025-06-20 09:48,OUT-03,Morning,Pastry,1,3.68,PayNow
T501068,2025-06-20 09:49,OUT-01,Morning,Coffee,1,7.02,PayNow
T502136,2025-06-20 09:49,OUT-02,Morning,Coffee,1,5.82,Cash
T502165,2025-06-20 09:50,OUT-02,Morning,Pastry,1,6.42,PayNow
T503494,2025-06-20 09:52,OUT-03,Morning,Coffee,1,6.92,Wallet
T503447,2025-06-20 09:54,OUT-03,Morning,Pastry,1,4.59,Cash
T501050,2025-06-20 09:56,OUT-01,Morning,Coffee,1,5.9,Card
T503488,2025-06-20 09:56,OUT-03,Morning,Coffee,1,6.72,Card
T503446,2025-06-20 09:57,OUT-03,Morning,Pastry,1,6.63,PayNow
T501100,2025-06-20 09:57,OUT-01,Morning,Pastry,1,4.56,Card
T504423,2025-06-20 09:57,OUT-04,Morning,Food,1,15.67,Cash
T501073,2025-06-20 09:58,OUT-01,Morning,Coffee,1,8.41,PayNow
T501166,2025-06-20 09:58,OUT-01,Morning,Tea,1,5.37,Card
T502157,2025-06-20 09:59,OUT-02,Morning,Coffee,1,6.2,Card
T502183,2025-06-20 09:59,OUT-02,Morning,Coffee,1,8.1,Card
T501061,2025-06-20 10:00,OUT-01,Morning,Coffee,1,5.96,Wallet
T501138,2025-06-20 10:00,OUT-01,Morning,Coffee,1,5.52,Card
T504398,2025-06-20 10:00,OUT-04,Morning,Coffee,1,8.36,Cash
T502156,2025-06-20 10:01,OUT-02,Morning,Pastry,1,3.32,PayNow
T503449,2025-06-20 10:01,OUT-03,Morning,Coffee,1,7.39,Card
T503453,2025-06-20 10:01,OUT-03,Morning,Coffee,1,5.82,Card
T502166,2025-06-20 10:01,OUT-02,Morning,Coffee,1,7.01,Cash
T501187,2025-06-20 10:02,OUT-01,Morning,Tea,1,5.19,Wallet
T501072,2025-06-20 10:04,OUT-01,Morning,Coffee,1,6.26,Card
T501181,2025-06-20 10:04,OUT-01,Morning,Coffee,1,7.36,PayNow
T503476,2025-06-20 10:04,OUT-03,Morning,Coffee,1,6.26,Cash
T502154,2025-06-20 10:05,OUT-02,Morning,Coffee,1,5.23,Card
T504366,2025-06-20 10:05,OUT-04,Morning,Coffee,1,8.32,Cash
T504391,2025-06-20 10:05,OUT-04,Morning,Coffee,1,8.29,Card
T501123,2025-06-20 10:08,OUT-01,Morning,Pastry,1,4.95,Card
T501076,2025-06-20 10:09,OUT-01,Morning,Pastry,1,6.42,PayNow
T502164,2025-06-20 10:09,OUT-02,Morning,Coffee,1,6.39,PayNow
T504383,2025-06-20 10:09,OUT-04,Morning,Tea,1,5.69,Wallet
T501074,2025-06-20 10:10,OUT-01,Morning,Tea,1,6.69,Wallet
T501196,2025-06-20 10:10,OUT-01,Morning,Tea,1,4.95,PayNow
T504418,2025-06-20 10:11,OUT-04,Morning,Pastry,1,7.29,Cash
T501189,2025-06-20 10:11,OUT-01,Morning,Pastry,1,6.49,Card
T502142,2025-06-20 10:11,OUT-02,Morning,Coffee,1,4.37,PayNow
T501127,2025-06-20 10:11,OUT-01,Morning,Coffee,1,6.25,PayNow
T501049,2025-06-20 10:13,OUT-01,Morning,Pastry,1,6.42,Card
T504369,2025-06-20 10:13,OUT-04,Morning,Coffee,1,6.87,Cash
T504389,2025-06-20 10:14,OUT-04,Morning,Coffee,1,7.94,Wallet
T504397,2025-06-20 10:15,OUT-04,Morning,Coffee,1,6.41,Cash
T503471,2025-06-20 10:15,OUT-03,Morning,Pastry,1,7.27,Cash
T504367,2025-06-20 10:15,OUT-04,Morning,Food,1,17.74,PayNow
T503500,2025-06-20 10:16,OUT-03,Morning,Coffee,1,6.89,Card
T501169,2025-06-20 10:17,OUT-01,Morning,Coffee,1,7.3,Cash
T501125,2025-06-20 10:17,OUT-01,Morning,Coffee,1,5.3,PayNow
T501197,2025-06-20 10:18,OUT-01,Morning,Coffee,1,6.32,Wallet
T501133,2025-06-20 10:19,OUT-01,Morning,Coffee,1,7.17,PayNow
T503501,2025-06-20 10:19,OUT-03,Morning,Coffee,1,7.04,Card
T501059,2025-06-20 10:19,OUT-01,Morning,Coffee,1,7.32,Card
T504421,2025-06-20 10:19,OUT-04,Morning,Coffee,1,6.83,Card
T504413,2025-06-20 10:20,OUT-04,Morning,Coffee,1,8.31,Card
T503505,2025-06-20 10:21,OUT-03,Morning,Pastry,1,5.25,Cash
T504415,2025-06-20 10:21,OUT-04,Morning,Coffee,1,8.83,PayNow
T504404,2025-06-20 10:22,OUT-04,Morning,Coffee,1,7.89,PayNow
T501177,2025-06-20 10:22,OUT-01,Morning,Coffee,1,5.22,Wallet
T502129,2025-06-20 10:23,OUT-02,Morning,Coffee,1,6.36,PayNow
T501098,2025-06-20 10:23,OUT-01,Morning,Pastry,1,4.63,Wallet
T501111,2025-06-20 10:24,OUT-01,Morning,Coffee,1,7.84,PayNow
T502120,2025-06-20 10:24,OUT-02,Morning,Coffee,1,4.49,PayNow
T502174,2025-06-20 10:24,OUT-02,Morning,Tea,1,4.36,Card
T503491,2025-06-20 10:25,OUT-03,Morning,Coffee,1,8.45,Card
T504374,2025-06-20 10:27,OUT-04,Morning,Coffee,1,5.77,Card
T501167,2025-06-20 10:28,OUT-01,Morning,Pastry,1,3.98,Wallet
T503468,2025-06-20 10:28,OUT-03,Morning,Coffee,1,8.51,Wallet
T501099,2025-06-20 10:29,OUT-01,Morning,Pastry,1,6.02,Cash
T501116,2025-06-20 10:29,OUT-01,Morning,Pastry,1,4.89,PayNow
T503489,2025-06-20 10:30,OUT-03,Morning,Coffee,1,8.1,PayNow
T501135,2025-06-20 10:30,OUT-01,Morning,Tea,1,6.98,Card
T501080,2025-06-20 10:31,OUT-01,Morning,Pastry,1,5.49,PayNow
T501143,2025-06-20 10:31,OUT-01,Morning,Coffee,1,4.27,PayNow
T502122,2025-06-20 10:31,OUT-02,Morning,Coffee,1,5.33,PayNow
T501191,2025-06-20 10:32,OUT-01,Morning,Food,1,9.97,Card
T504364,2025-06-20 10:34,OUT-04,Morning,Coffee,1,6.34,PayNow
T501096,2025-06-20 10:35,OUT-01,Morning,Pastry,1,5.85,Card
T501115,2025-06-20 10:36,OUT-01,Morning,Coffee,1,6.3,Card
T501172,2025-06-20 10:38,OUT-01,Morning,Pastry,1,7.53,Card
T501134,2025-06-20 10:38,OUT-01,Morning,Pastry,1,6.04,PayNow
T501058,2025-06-20 10:38,OUT-01,Morning,Coffee,1,5.52,Card
T501053,2025-06-20 10:39,OUT-01,Morning,Coffee,1,6.5,Wallet
T503507,2025-06-20 10:39,OUT-03,Morning,Coffee,1,6.22,Card
T501198,2025-06-20 10:40,OUT-01,Morning,Food,1,19.15,PayNow
T502118,2025-06-20 10:40,OUT-02,Morning,Coffee,1,5.33,Wallet
T501110,2025-06-20 10:41,OUT-01,Morning,Coffee,1,6.85,PayNow
T504373,2025-06-20 10:41,OUT-04,Morning,Pastry,1,6.07,PayNow
T501175,2025-06-20 10:42,OUT-01,Morning,Tea,1,5.74,PayNow
T501063,2025-06-20 10:43,OUT-01,Morning,Coffee,1,6.7,Card
T501194,2025-06-20 10:45,OUT-01,Morning,Coffee,1,6.48,Wallet
T503470,2025-06-20 10:45,OUT-03,Morning,Pastry,1,6.86,Card
T502117,2025-06-20 10:45,OUT-02,Morning,Pastry,1,5.07,PayNow
T504422,2025-06-20 10:46,OUT-04,Morning,Pastry,1,4.53,Card
T504407,2025-06-20 10:46,OUT-04,Morning,Pastry,1,6.59,Cash
T501101,2025-06-20 10:47,OUT-01,Morning,Coffee,1,5.9,Card
T501136,2025-06-20 10:48,OUT-01,Morning,Pastry,1,3.62,Wallet
T504402,2025-06-20 10:48,OUT-04,Morning,Tea,1,5.48,PayNow
T501174,2025-06-20 10:49,OUT-01,Morning,Coffee,1,7.63,Cash
T501118,2025-06-20 10:49,OUT-01,Morning,Coffee,1,6.32,Card
T501141,2025-06-20 10:51,OUT-01,Morning,Coffee,1,5.45,Cash
T501075,2025-06-20 10:51,OUT-01,Morning,Coffee,1,5.41,Wallet
T501144,2025-06-20 10:52,OUT-01,Morning,Beans (retail),1,23.49,Cash
T504380,2025-06-20 10:52,OUT-04,Morning,Coffee,1,5.76,PayNow
T501055,2025-06-20 10:52,OUT-01,Morning,Tea,1,4.91,Wallet
T503498,2025-06-20 10:52,OUT-03,Morning,Coffee,1,7.64,Card
T501158,2025-06-20 10:52,OUT-01,Morning,Coffee,1,6.5,Wallet
T502137,2025-06-20 10:52,OUT-02,Morning,Pastry,1,5.0,PayNow
T502153,2025-06-20 10:55,OUT-02,Morning,Coffee,1,5.05,PayNow
T501203,2025-06-20 10:56,OUT-01,Morning,Coffee,1,7.43,Cash
T504388,2025-06-20 10:57,OUT-04,Morning,Coffee,1,7.43,PayNow
T504399,2025-06-20 10:58,OUT-04,Morning,Coffee,1,8.79,Card
T501184,2025-06-20 10:58,OUT-01,Morning,Pastry,1,4.97,PayNow
T504365,2025-06-20 10:58,OUT-04,Morning,Pastry,1,6.29,Wallet
T502184,2025-06-20 10:58,OUT-02,Morning,Coffee,1,6.1,PayNow
T502134,2025-06-20 10:59,OUT-02,Morning,Coffee,1,5.39,Card
T502192,2025-06-20 11:02,OUT-02,Midday,Food,1,14.4,Cash
T503543,2025-06-20 11:02,OUT-03,Midday,Coffee,1,5.65,Wallet
T501227,2025-06-20 11:02,OUT-01,Midday,Coffee,1,6.73,Card
T501208,2025-06-20 11:04,OUT-01,Midday,Tea,1,5.28,Card
T503517,2025-06-20 11:06,OUT-03,Midday,Food,1,10.88,Card
T502217,2025-06-20 11:08,OUT-02,Midday,Coffee,1,4.91,PayNow
T501217,2025-06-20 11:08,OUT-01,Midday,Coffee,1,7.57,Card
T501238,2025-06-20 11:09,OUT-01,Midday,Coffee,1,7.88,Cash
T501267,2025-06-20 11:14,OUT-01,Midday,Tea,1,6.12,Cash
T503520,2025-06-20 11:14,OUT-03,Midday,Tea,1,5.04,PayNow
T501216,2025-06-20 11:15,OUT-01,Midday,Coffee,1,5.37,Cash
T501229,2025-06-20 11:18,OUT-01,Midday,Beans (retail),1,28.17,PayNow
T501225,2025-06-20 11:19,OUT-01,Midday,Coffee,1,6.74,PayNow
T502210,2025-06-20 11:19,OUT-02,Midday,Coffee,1,5.46,Card
T504474,2025-06-20 11:23,OUT-04,Midday,Food,1,8.51,Cash
T501276,2025-06-20 11:25,OUT-01,Midday,Food,1,18.94,PayNow
T501234,2025-06-20 11:26,OUT-01,Midday,Coffee,1,7.26,Cash
T501277,2025-06-20 11:26,OUT-01,Midday,Food,1,14.28,Card
T503521,2025-06-20 11:26,OUT-03,Midday,Food,1,14.33,Card
T502257,2025-06-20 11:27,OUT-02,Midday,Food,1,12.77,Wallet
T503535,2025-06-20 11:27,OUT-03,Midday,Food,1,13.48,PayNow
T503549,2025-06-20 11:28,OUT-03,Midday,Tea,1,4.31,Cash
T502208,2025-06-20 11:29,OUT-02,Midday,Food,1,13.77,Card
T502205,2025-06-20 11:31,OUT-02,Midday,Coffee,1,6.01,PayNow
T502188,2025-06-20 11:32,OUT-02,Midday,Food,1,14.47,PayNow
T501213,2025-06-20 11:33,OUT-01,Midday,Food,1,14.77,Card
T502229,2025-06-20 11:34,OUT-02,Midday,Coffee,1,4.48,PayNow
T502230,2025-06-20 11:34,OUT-02,Midday,Coffee,1,6.08,Card
T502243,2025-06-20 11:36,OUT-02,Midday,Food,1,13.91,Card
T501220,2025-06-20 11:36,OUT-01,Midday,Food,1,19.73,PayNow
T501274,2025-06-20 11:37,OUT-01,Midday,Coffee,1,7.3,Cash
T504431,2025-06-20 11:38,OUT-04,Midday,Coffee,1,6.33,PayNow
T503539,2025-06-20 11:40,OUT-03,Midday,Food,1,14.45,Card
T501228,2025-06-20 11:41,OUT-01,Midday,Food,1,19.29,Wallet
T502228,2025-06-20 11:42,OUT-02,Midday,Food,1,9.42,PayNow
T504470,2025-06-20 11:42,OUT-04,Midday,Food,1,14.16,Card
T502191,2025-06-20 11:43,OUT-02,Midday,Food,1,13.08,PayNow
T501222,2025-06-20 11:43,OUT-01,Midday,Food,1,16.02,Cash
T501264,2025-06-20 11:44,OUT-01,Midday,Food,1,17.56,Card
T502199,2025-06-20 11:49,OUT-02,Midday,Food,1,14.32,Card
T502239,2025-06-20 11:49,OUT-02,Midday,Coffee,1,4.8,Card
T501278,2025-06-20 11:49,OUT-01,Midday,Coffee,1,5.61,PayNow
T501256,2025-06-20 11:52,OUT-01,Midday,Food,1,12.17,Cash
T504473,2025-06-20 11:58,OUT-04,Midday,Tea,1,4.15,PayNow
T502198,2025-06-20 11:58,OUT-02,Midday,Food,1,13.32,PayNow
T503533,2025-06-20 11:58,OUT-03,Midday,Food,1,12.28,PayNow
T503512,2025-06-20 11:59,OUT-03,Midday,Coffee,1,6.15,Card
T502237,2025-06-20 11:59,OUT-02,Midday,Coffee,1,6.93,PayNow
T501211,2025-06-20 11:59,OUT-01,Midday,Food,1,13.59,Card
T504462,2025-06-20 12:03,OUT-04,Midday,Coffee,1,5.31,Card
T504467,2025-06-20 12:04,OUT-04,Midday,Coffee,1,7.49,PayNow
T503541,2025-06-20 12:05,OUT-03,Midday,Coffee,1,5.83,PayNow
T504447,2025-06-20 12:06,OUT-04,Midday,Food,1,19.93,PayNow
T504460,2025-06-20 12:10,OUT-04,Midday,Food,1,14.33,Wallet
T502247,2025-06-20 12:10,OUT-02,Midday,Tea,1,4.56,Cash
T501232,2025-06-20 12:12,OUT-01,Midday,Pastry,1,5.02,Card
T503530,2025-06-20 12:13,OUT-03,Midday,Food,1,18.39,Card
T503538,2025-06-20 12:15,OUT-03,Midday,Pastry,1,4.46,PayNow
T502189,2025-06-20 12:16,OUT-02,Midday,Food,1,9.93,PayNow
T503537,2025-06-20 12:18,OUT-03,Midday,Food,1,14.83,Card
T504435,2025-06-20 12:19,OUT-04,Midday,Coffee,1,6.56,Cash
T503528,2025-06-20 12:24,OUT-03,Midday,Food,1,14.19,Cash
T501270,2025-06-20 12:27,OUT-01,Midday,Food,1,16.43,PayNow
T501215,2025-06-20 12:27,OUT-01,Midday,Coffee,1,7.19,Card
T503522,2025-06-20 12:27,OUT-03,Midday,Coffee,1,7.37,Card
T504439,2025-06-20 12:29,OUT-04,Midday,Coffee,1,4.5,PayNow
T504452,2025-06-20 12:31,OUT-04,Midday,Coffee,1,6.82,Card
T504446,2025-06-20 12:33,OUT-04,Midday,Pastry,1,4.41,Wallet
T501262,2025-06-20 12:33,OUT-01,Midday,Tea,1,7.69,Card
T504436,2025-06-20 12:33,OUT-04,Midday,Pastry,1,5.57,Card
T501235,2025-06-20 12:34,OUT-01,Midday,Coffee,1,7.35,Card
T503542,2025-06-20 12:35,OUT-03,Midday,Pastry,1,4.91,PayNow
T504458,2025-06-20 12:35,OUT-04,Midday,Food,1,15.0,PayNow
T502220,2025-06-20 12:35,OUT-02,Midday,Beans (retail),1,22.58,Card
T502187,2025-06-20 12:36,OUT-02,Midday,Food,1,13.82,PayNow
T501272,2025-06-20 12:36,OUT-01,Midday,Food,1,10.23,PayNow
T503511,2025-06-20 12:37,OUT-03,Midday,Coffee,1,6.0,Cash
T502254,2025-06-20 12:37,OUT-02,Midday,Food,1,14.18,Card
T503516,2025-06-20 12:37,OUT-03,Midday,Food,1,15.89,Card
T502212,2025-06-20 12:38,OUT-02,Midday,Food,1,13.9,PayNow
T504450,2025-06-20 12:38,OUT-04,Midday,Beans (retail),1,25.48,PayNow
T501230,2025-06-20 12:39,OUT-01,Midday,Coffee,1,8.72,Card
T504434,2025-06-20 12:39,OUT-04,Midday,Food,1,19.13,Cash
T502255,2025-06-20 12:40,OUT-02,Midday,Food,1,17.09,Card
T501233,2025-06-20 12:40,OUT-01,Midday,Food,1,20.2,Wallet
T501221,2025-06-20 12:44,OUT-01,Midday,Coffee,1,4.39,Cash
T501210,2025-06-20 12:46,OUT-01,Midday,Coffee,1,6.88,Card
T504475,2025-06-20 12:47,OUT-04,Midday,Food,1,13.44,PayNow
T504469,2025-06-20 12:48,OUT-04,Midday,Coffee,1,7.27,Wallet
T503544,2025-06-20 12:48,OUT-03,Midday,Pastry,1,5.02,Wallet
T501239,2025-06-20 12:48,OUT-01,Midday,Coffee,1,7.33,Card
T501249,2025-06-20 12:48,OUT-01,Midday,Tea,1,5.03,Cash
T502196,2025-06-20 12:50,OUT-02,Midday,Tea,1,5.0,Card
T502201,2025-06-20 12:50,OUT-02,Midday,Food,1,12.57,PayNow
T504454,2025-06-20 12:52,OUT-04,Midday,Food,1,9.13,PayNow
T503523,2025-06-20 12:52,OUT-03,Midday,Pastry,1,3.85,Card
T503524,2025-06-20 12:53,OUT-03,Midday,Tea,1,5.25,Card
T502195,2025-06-20 12:53,OUT-02,Midday,Food,1,8.95,Cash
T501241,2025-06-20 12:54,OUT-01,Midday,Coffee,1,5.73,Cash
T502248,2025-06-20 12:56,OUT-02,Midday,Tea,1,5.07,Card
T501247,2025-06-20 12:56,OUT-01,Midday,Food,1,18.48,PayNow
T501236,2025-06-20 12:56,OUT-01,Midday,Coffee,1,6.02,Card
T502215,2025-06-20 12:56,OUT-02,Midday,Food,1,12.94,Card
T502222,2025-06-20 12:58,OUT-02,Midday,Food,1,15.35,Card
T504448,2025-06-20 12:58,OUT-04,Midday,Food,1,14.83,Card
T502193,2025-06-20 13:00,OUT-02,Midday,Food,1,17.19,PayNow
T504472,2025-06-20 13:02,OUT-04,Midday,Food,1,17.47,Wallet
T501246,2025-06-20 13:02,OUT-01,Midday,Tea,1,5.54,Cash
T504463,2025-06-20 13:03,OUT-04,Midday,Coffee,1,6.0,Wallet
T501244,2025-06-20 13:04,OUT-01,Midday,Pastry,1,5.7,PayNow
T501224,2025-06-20 13:04,OUT-01,Midday,Beans (retail),1,18.02,Card
T501275,2025-06-20 13:05,OUT-01,Midday,Coffee,1,5.09,Wallet
T501251,2025-06-20 13:07,OUT-01,Midday,Tea,1,6.56,Card
T502241,2025-06-20 13:07,OUT-02,Midday,Coffee,1,7.42,Cash
T504437,2025-06-20 13:08,OUT-04,Midday,Food,1,16.04,Card
T504461,2025-06-20 13:08,OUT-04,Midday,Food,1,12.61,PayNow
T503513,2025-06-20 13:08,OUT-03,Midday,Food,1,15.45,PayNow
T503525,2025-06-20 13:09,OUT-03,Midday,Coffee,1,6.46,Card
T503519,2025-06-20 13:10,OUT-03,Midday,Food,1,16.61,Cash
T501273,2025-06-20 13:12,OUT-01,Midday,Food,1,16.67,Card
T502211,2025-06-20 13:12,OUT-02,Midday,Beans (retail),1,20.3,Cash
T502240,2025-06-20 13:12,OUT-02,Midday,Coffee,1,5.28,PayNow
T502213,2025-06-20 13:12,OUT-02,Midday,Food,1,11.65,Wallet
T502204,2025-06-20 13:14,OUT-02,Midday,Food,1,10.97,PayNow
T502185,2025-06-20 13:14,OUT-02,Midday,Coffee,1,5.45,PayNow
T502219,2025-06-20 13:15,OUT-02,Midday,Pastry,1,3.6,PayNow
T501268,2025-06-20 13:16,OUT-01,Midday,Tea,1,7.46,PayNow
T502225,2025-06-20 13:17,OUT-02,Midday,Coffee,1,5.34,PayNow
T501255,2025-06-20 13:17,OUT-01,Midday,Pastry,1,6.96,Wallet
T501252,2025-06-20 13:17,OUT-01,Midday,Food,1,17.04,PayNow
T504441,2025-06-20 13:17,OUT-04,Midday,Food,1,11.96,Wallet
T504476,2025-06-20 13:17,OUT-04,Midday,Food,1,17.59,Card
T502249,2025-06-20 13:19,OUT-02,Midday,Tea,1,4.11,PayNow
T504451,2025-06-20 13:20,OUT-04,Midday,Food,1,14.96,PayNow
T501253,2025-06-20 13:21,OUT-01,Midday,Beans (retail),1,28.43,Card
T503510,2025-06-20 13:22,OUT-03,Midday,Tea,1,5.47,PayNow
T501245,2025-06-20 13:23,OUT-01,Midday,Food,1,13.39,Card
T501259,2025-06-20 13:23,OUT-01,Midday,Food,1,15.44,PayNow
T501223,2025-06-20 13:24,OUT-01,Midday,Food,1,16.84,PayNow
T504464,2025-06-20 13:25,OUT-04,Midday,Pastry,1,3.64,PayNow
T502223,2025-06-20 13:25,OUT-02,Midday,Food,1,14.68,PayNow
T502190,2025-06-20 13:26,OUT-02,Midday,Pastry,1,4.24,Cash
T502224,2025-06-20 13:26,OUT-02,Midday,Coffee,1,7.57,PayNow
T501212,2025-06-20 13:27,OUT-01,Midday,Coffee,1,8.43,Card
T504449,2025-06-20 13:28,OUT-04,Midday,Coffee,1,6.54,Cash
T504456,2025-06-20 13:29,OUT-04,Midday,Food,1,15.15,PayNow
T503548,2025-06-20 13:29,OUT-03,Midday,Coffee,1,3.93,PayNow
T503534,2025-06-20 13:30,OUT-03,Midday,Pastry,1,6.32,Card
T502194,2025-06-20 13:30,OUT-02,Midday,Food,1,10.16,Wallet
T501258,2025-06-20 13:32,OUT-01,Midday,Coffee,1,6.88,Card
T504443,2025-06-20 13:33,OUT-04,Midday,Food,1,17.03,Card
T502252,2025-06-20 13:33,OUT-02,Midday,Coffee,1,6.58,PayNow
T502197,2025-06-20 13:34,OUT-02,Midday,Beans (retail),1,23.34,Cash
T504438,2025-06-20 13:35,OUT-04,Midday,Coffee,1,5.22,PayNow
T501242,2025-06-20 13:35,OUT-01,Midday,Food,1,15.75,PayNow
T503526,2025-06-20 13:37,OUT-03,Midday,Food,1,17.65,PayNow
T501209,2025-06-20 13:37,OUT-01,Midday,Tea,1,7.16,Card
T501266,2025-06-20 13:37,OUT-01,Midday,Coffee,1,7.32,Card
T502238,2025-06-20 13:37,OUT-02,Midday,Coffee,1,4.48,PayNow
T502206,2025-06-20 13:43,OUT-02,Midday,Food,1,10.69,PayNow
T502246,2025-06-20 13:45,OUT-02,Midday,Food,1,16.21,PayNow
T502233,2025-06-20 13:46,OUT-02,Midday,Food,1,13.49,Card
T501231,2025-06-20 13:46,OUT-01,Midday,Food,1,13.92,PayNow
T504455,2025-06-20 13:46,OUT-04,Midday,Food,1,12.37,Card
T501219,2025-06-20 13:49,OUT-01,Midday,Tea,1,6.3,Wallet
T503527,2025-06-20 13:50,OUT-03,Midday,Coffee,1,8.83,Cash
T502203,2025-06-20 13:51,OUT-02,Midday,Beans (retail),1,20.95,Card
T504453,2025-06-20 13:52,OUT-04,Midday,Coffee,1,5.69,Wallet
T504432,2025-06-20 13:52,OUT-04,Midday,Food,1,15.03,Cash
T502234,2025-06-20 13:55,OUT-02,Midday,Food,1,12.57,Card
T503547,2025-06-20 13:55,OUT-03,Midday,Food,1,15.15,Card
T504429,2025-06-20 13:58,OUT-04,Midday,Coffee,1,5.12,PayNow
T501271,2025-06-20 13:59,OUT-01,Midday,Coffee,1,7.66,Wallet
T501206,2025-06-20 14:00,OUT-01,Midday,Pastry,1,4.39,PayNow
T503518,2025-06-20 14:01,OUT-03,Midday,Food,1,10.89,Card
T501263,2025-06-20 14:02,OUT-01,Midday,Tea,1,5.19,Card
T502218,2025-06-20 14:04,OUT-02,Midday,Food,1,9.44,PayNow
T502244,2025-06-20 14:04,OUT-02,Midday,Coffee,1,6.6,Card
T503531,2025-06-20 14:05,OUT-03,Midday,Food,1,16.03,PayNow
T502216,2025-06-20 14:06,OUT-02,Midday,Coffee,1,4.33,Cash
T503514,2025-06-20 14:06,OUT-03,Midday,Food,1,15.01,PayNow
T504430,2025-06-20 14:08,OUT-04,Midday,Beans (retail),1,23.83,Card
T503515,2025-06-20 14:09,OUT-03,Midday,Food,1,16.68,Card
T501218,2025-06-20 14:11,OUT-01,Midday,Coffee,1,7.27,Wallet
T501250,2025-06-20 14:11,OUT-01,Midday,Food,1,17.44,Card
T504465,2025-06-20 14:13,OUT-04,Midday,Food,1,13.47,Cash
T502186,2025-06-20 14:14,OUT-02,Midday,Food,1,14.08,Card
T504471,2025-06-20 14:14,OUT-04,Midday,Pastry,1,5.01,Card
T501214,2025-06-20 14:15,OUT-01,Midday,Coffee,1,7.99,Wallet
T502242,2025-06-20 14:15,OUT-02,Midday,Coffee,1,6.77,Cash
T503529,2025-06-20 14:16,OUT-03,Midday,Food,1,11.34,PayNow
T503546,2025-06-20 14:17,OUT-03,Midday,Coffee,1,6.26,PayNow
T502258,2025-06-20 14:17,OUT-02,Midday,Food,1,12.73,Wallet
T502209,2025-06-20 14:18,OUT-02,Midday,Tea,1,6.14,Card
T502245,2025-06-20 14:19,OUT-02,Midday,Food,1,4.59,Wallet
T502214,2025-06-20 14:19,OUT-02,Midday,Food,1,12.35,PayNow
T501257,2025-06-20 14:19,OUT-01,Midday,Food,1,13.99,Card
T504457,2025-06-20 14:20,OUT-04,Midday,Food,1,17.66,Card
T502250,2025-06-20 14:21,OUT-02,Midday,Beans (retail),1,22.16,Card
T501260,2025-06-20 14:25,OUT-01,Midday,Tea,1,5.62,Card
T502226,2025-06-20 14:25,OUT-02,Midday,Pastry,1,4.91,PayNow
T501243,2025-06-20 14:26,OUT-01,Midday,Coffee,1,6.66,Wallet
T502221,2025-06-20 14:28,OUT-02,Midday,Tea,1,4.09,Wallet
T502235,2025-06-20 14:29,OUT-02,Midday,Pastry,1,4.52,PayNow
T504468,2025-06-20 14:30,OUT-04,Midday,Pastry,1,5.57,Cash
T504444,2025-06-20 14:31,OUT-04,Midday,Coffee,1,5.95,Wallet
T501240,2025-06-20 14:32,OUT-01,Midday,Food,1,15.36,Wallet
T504459,2025-06-20 14:33,OUT-04,Midday,Pastry,1,6.9,PayNow
T501261,2025-06-20 14:33,OUT-01,Midday,Coffee,1,6.34,Cash
T504477,2025-06-20 14:34,OUT-04,Midday,Food,1,19.11,Cash
T501269,2025-06-20 14:35,OUT-01,Midday,Coffee,1,6.64,Cash
T501226,2025-06-20 14:37,OUT-01,Midday,Coffee,1,6.91,PayNow
T502253,2025-06-20 14:37,OUT-02,Midday,Coffee,1,5.46,Cash
T502207,2025-06-20 14:38,OUT-02,Midday,Coffee,1,6.38,PayNow
T501265,2025-06-20 14:38,OUT-01,Midday,Coffee,1,7.4,PayNow
T501237,2025-06-20 14:38,OUT-01,Midday,Coffee,1,9.17,Card
T502231,2025-06-20 14:44,OUT-02,Midday,Food,1,11.92,Card
T503540,2025-06-20 14:45,OUT-03,Midday,Food,1,16.05,Card
T502232,2025-06-20 14:45,OUT-02,Midday,Pastry,1,4.13,Cash
T501248,2025-06-20 14:46,OUT-01,Midday,Coffee,1,6.43,Card
T502251,2025-06-20 14:47,OUT-02,Midday,Food,1,13.73,Card
T504466,2025-06-20 14:47,OUT-04,Midday,Coffee,1,5.91,Card
T501207,2025-06-20 14:47,OUT-01,Midday,Coffee,2,9.92,Card
T503532,2025-06-20 14:49,OUT-03,Midday,Food,1,17.16,Card
T502200,2025-06-20 14:50,OUT-02,Midday,Food,1,11.8,PayNow
T501254,2025-06-20 14:52,OUT-01,Midday,Food,1,15.45,PayNow
T504433,2025-06-20 14:53,OUT-04,Midday,Coffee,1,7.05,Card
T502256,2025-06-20 14:54,OUT-02,Midday,Food,1,16.94,PayNow
T502227,2025-06-20 14:55,OUT-02,Midday,Food,1,15.01,PayNow
T502202,2025-06-20 14:55,OUT-02,Midday,Tea,1,5.69,PayNow
T504440,2025-06-20 14:55,OUT-04,Midday,Tea,1,6.42,PayNow
T504445,2025-06-20 14:55,OUT-04,Midday,Pastry,1,6.42,Wallet
T502236,2025-06-20 14:56,OUT-02,Midday,Food,1,15.6,Cash
T503545,2025-06-20 14:57,OUT-03,Midday,Food,1,13.3,Wallet
T504442,2025-06-20 14:58,OUT-04,Midday,Food,1,14.76,Card
T503536,2025-06-20 14:59,OUT-03,Midday,Food,1,10.47,Cash
T502261,2025-06-20 15:03,OUT-02,Evening,Beans (retail),1,16.91,Card
T504505,2025-06-20 15:03,OUT-04,Evening,Food,1,16.06,PayNow
T502308,2025-06-20 15:04,OUT-02,Evening,Pastry,1,4.58,Cash
T502286,2025-06-20 15:06,OUT-02,Evening,Coffee,1,6.07,PayNow
T503558,2025-06-20 15:12,OUT-03,Evening,Food,1,16.15,PayNow
T502280,2025-06-20 15:12,OUT-02,Evening,Food,1,15.15,Card
T502314,2025-06-20 15:13,OUT-02,Evening,Pastry,1,5.31,PayNow
T501305,2025-06-20 15:15,OUT-01,Evening,Pastry,1,4.05,PayNow
T503565,2025-06-20 15:15,OUT-03,Evening,Food,1,20.03,Card
T502281,2025-06-20 15:17,OUT-02,Evening,Food,1,14.83,Wallet
T502262,2025-06-20 15:19,OUT-02,Evening,Coffee,1,5.14,PayNow
T502260,2025-06-20 15:19,OUT-02,Evening,Food,1,11.81,Card
T501286,2025-06-20 15:20,OUT-01,Evening,Food,1,17.74,PayNow
T504541,2025-06-20 15:25,OUT-04,Evening,Coffee,1,5.05,Card
T501295,2025-06-20 15:28,OUT-01,Evening,Coffee,1,5.57,Card
T502291,2025-06-20 15:29,OUT-02,Evening,Food,1,11.37,PayNow
T503556,2025-06-20 15:29,OUT-03,Evening,Coffee,1,6.91,Cash
T504527,2025-06-20 15:29,OUT-04,Evening,Coffee,1,5.19,PayNow
T502273,2025-06-20 15:31,OUT-02,Evening,Tea,1,4.7,Card
T504525,2025-06-20 15:32,OUT-04,Evening,Tea,1,5.51,Card
T501303,2025-06-20 15:33,OUT-01,Evening,Food,1,14.3,Cash
T504488,2025-06-20 15:34,OUT-04,Evening,Pastry,1,4.61,Card
T504520,2025-06-20 15:36,OUT-04,Evening,Tea,1,4.33,Card
T504491,2025-06-20 15:38,OUT-04,Evening,Coffee,1,6.39,Card
T501284,2025-06-20 15:39,OUT-01,Evening,Coffee,1,4.26,Cash
T502310,2025-06-20 15:41,OUT-02,Evening,Food,1,13.27,PayNow
T502279,2025-06-20 15:43,OUT-02,Evening,Tea,1,5.24,Card
T502298,2025-06-20 15:45,OUT-02,Evening,Coffee,1,5.38,PayNow
T503567,2025-06-20 15:47,OUT-03,Evening,Coffee,1,6.99,PayNow
T502303,2025-06-20 15:47,OUT-02,Evening,Food,1,16.7,PayNow
T503557,2025-06-20 15:48,OUT-03,Evening,Coffee,1,7.46,PayNow
T504545,2025-06-20 15:56,OUT-04,Evening,Pastry,1,4.23,PayNow
T504478,2025-06-20 15:57,OUT-04,Evening,Pastry,1,4.68,PayNow
T501297,2025-06-20 15:59,OUT-01,Evening,Coffee,1,7.01,Cash
T504501,2025-06-20 15:59,OUT-04,Evening,Food,1,13.19,Card
T504523,2025-06-20 16:03,OUT-04,Evening,Food,1,15.98,Card
T501291,2025-06-20 16:03,OUT-01,Evening,Tea,1,5.93,PayNow
T504543,2025-06-20 16:08,OUT-04,Evening,Pastry,1,4.64,Wallet
T504479,2025-06-20 16:08,OUT-04,Evening,Coffee,1,4.86,Card
T502274,2025-06-20 16:09,OUT-02,Evening,Coffee,1,7.44,PayNow
T502301,2025-06-20 16:09,OUT-02,Evening,Coffee,1,4.67,Cash
T504482,2025-06-20 16:14,OUT-04,Evening,Coffee,1,6.66,Card
T501302,2025-06-20 16:16,OUT-01,Evening,Coffee,1,5.12,Card
T504524,2025-06-20 16:16,OUT-04,Evening,Food,1,13.19,Cash
T502277,2025-06-20 16:16,OUT-02,Evening,Food,1,12.19,Card
T503563,2025-06-20 16:17,OUT-03,Evening,Pastry,1,4.11,PayNow
T504509,2025-06-20 16:20,OUT-04,Evening,Coffee,1,6.52,Card
T504498,2025-06-20 16:20,OUT-04,Evening,Food,1,16.76,PayNow
T504537,2025-06-20 16:21,OUT-04,Evening,Coffee,1,6.6,Card
T502265,2025-06-20 16:22,OUT-02,Evening,Pastry,1,6.17,Cash
T504480,2025-06-20 16:23,OUT-04,Evening,Coffee,1,6.2,Cash
T504522,2025-06-20 16:24,OUT-04,Evening,Food,1,15.33,PayNow
T504484,2025-06-20 16:26,OUT-04,Evening,Beans (retail),1,14.7,Card
T502299,2025-06-20 16:26,OUT-02,Evening,Pastry,1,4.35,PayNow
T502295,2025-06-20 16:34,OUT-02,Evening,Food,1,11.96,Cash
T504492,2025-06-20 16:41,OUT-04,Evening,Coffee,1,5.51,Card
T504504,2025-06-20 16:42,OUT-04,Evening,Coffee,1,5.81,PayNow
T504503,2025-06-20 16:45,OUT-04,Evening,Food,1,11.78,Card
T504513,2025-06-20 16:47,OUT-04,Evening,Beans (retail),1,24.01,Card
T504490,2025-06-20 16:47,OUT-04,Evening,Pastry,1,6.02,PayNow
T501287,2025-06-20 16:48,OUT-01,Evening,Tea,1,4.62,Card
T501298,2025-06-20 16:50,OUT-01,Evening,Coffee,1,6.34,PayNow
T502311,2025-06-20 16:59,OUT-02,Evening,Tea,1,4.43,Card
T501290,2025-06-20 16:59,OUT-01,Evening,Food,1,13.82,Card
T502282,2025-06-20 17:00,OUT-02,Evening,Beans (retail),1,18.0,PayNow
T501300,2025-06-20 17:00,OUT-01,Evening,Tea,1,4.68,PayNow
T504485,2025-06-20 17:00,OUT-04,Evening,Coffee,1,5.52,Wallet
T502267,2025-06-20 17:01,OUT-02,Evening,Pastry,1,3.0,Cash
T502313,2025-06-20 17:05,OUT-02,Evening,Pastry,1,5.32,Card
T504496,2025-06-20 17:07,OUT-04,Evening,Food,1,17.81,Cash
T502283,2025-06-20 17:10,OUT-02,Evening,Food,1,11.61,PayNow
T502269,2025-06-20 17:12,OUT-02,Evening,Beans (retail),1,17.74,Card
T502312,2025-06-20 17:13,OUT-02,Evening,Beans (retail),1,29.17,Card
T504511,2025-06-20 17:20,OUT-04,Evening,Pastry,1,5.59,Card
T502300,2025-06-20 17:21,OUT-02,Evening,Coffee,1,6.64,Wallet
T502266,2025-06-20 17:22,OUT-02,Evening,Food,1,14.25,Card
T503560,2025-06-20 17:31,OUT-03,Evening,Coffee,1,9.37,Card
T504542,2025-06-20 17:31,OUT-04,Evening,Coffee,1,3.73,Card
T504487,2025-06-20 17:31,OUT-04,Evening,Tea,1,5.77,PayNow
T504510,2025-06-20 17:33,OUT-04,Evening,Food,1,16.74,Cash
T504489,2025-06-20 17:33,OUT-04,Evening,Pastry,1,4.82,Card
T504531,2025-06-20 17:35,OUT-04,Evening,Pastry,1,4.63,Wallet
T502259,2025-06-20 17:35,OUT-02,Evening,Food,1,15.9,PayNow
T503561,2025-06-20 17:37,OUT-03,Evening,Pastry,1,4.0,Card
T504519,2025-06-20 17:37,OUT-04,Evening,Pastry,1,5.7,PayNow
T503564,2025-06-20 17:38,OUT-03,Evening,Coffee,1,6.2,Card
T501304,2025-06-20 17:41,OUT-01,Evening,Tea,1,4.97,Wallet
T501279,2025-06-20 17:41,OUT-01,Evening,Food,1,13.38,PayNow
T501307,2025-06-20 17:44,OUT-01,Evening,Food,1,10.61,Cash
T504532,2025-06-20 17:44,OUT-04,Evening,Food,1,12.22,PayNow
T504483,2025-06-20 17:46,OUT-04,Evening,Coffee,1,7.39,Cash
T504530,2025-06-20 17:49,OUT-04,Evening,Food,1,15.08,Cash
T502287,2025-06-20 17:49,OUT-02,Evening,Food,1,13.98,Card
T502293,2025-06-20 17:55,OUT-02,Evening,Food,1,13.91,PayNow
T504533,2025-06-20 18:02,OUT-04,Evening,Coffee,1,7.55,Card
T501293,2025-06-20 18:05,OUT-01,Evening,Food,1,14.53,Card
T501280,2025-06-20 18:09,OUT-01,Evening,Coffee,1,6.16,Card
T504517,2025-06-20 18:12,OUT-04,Evening,Coffee,1,5.28,Card
T502289,2025-06-20 18:14,OUT-02,Evening,Coffee,1,6.77,PayNow
T504493,2025-06-20 18:23,OUT-04,Evening,Coffee,1,7.52,Card
T502268,2025-06-20 18:29,OUT-02,Evening,Food,1,15.53,Card
T504526,2025-06-20 18:31,OUT-04,Evening,Coffee,1,3.87,PayNow
T502307,2025-06-20 18:32,OUT-02,Evening,Coffee,1,6.0,PayNow
T504499,2025-06-20 18:32,OUT-04,Evening,Pastry,1,4.16,Card
T503551,2025-06-20 18:35,OUT-03,Evening,Coffee,1,7.12,Card
T501296,2025-06-20 18:36,OUT-01,Evening,Coffee,1,6.43,Card
T504516,2025-06-20 18:40,OUT-04,Evening,Beans (retail),1,25.19,Cash
T504494,2025-06-20 18:41,OUT-04,Evening,Food,1,19.06,Card
T501306,2025-06-20 18:41,OUT-01,Evening,Coffee,1,7.32,Card
T501281,2025-06-20 18:43,OUT-01,Evening,Coffee,1,8.33,PayNow
T504497,2025-06-20 18:48,OUT-04,Evening,Tea,1,6.38,Wallet
T504540,2025-06-20 18:50,OUT-04,Evening,Tea,1,4.81,Card
T504538,2025-06-20 18:55,OUT-04,Evening,Beans (retail),1,19.35,Card
T504500,2025-06-20 18:55,OUT-04,Evening,Coffee,1,4.49,Card
T504512,2025-06-20 18:56,OUT-04,Evening,Coffee,1,7.6,Card
T504502,2025-06-20 18:58,OUT-04,Evening,Coffee,1,4.1,Card
T502285,2025-06-20 18:59,OUT-02,Evening,Tea,1,5.84,PayNow
T504514,2025-06-20 19:02,OUT-04,Evening,Coffee,1,7.4,PayNow
T504539,2025-06-20 19:03,OUT-04,Evening,Coffee,1,5.0,PayNow
T502263,2025-06-20 19:03,OUT-02,Evening,Food,1,7.25,Card
T501288,2025-06-20 19:03,OUT-01,Evening,Tea,1,5.1,PayNow
T501285,2025-06-20 19:08,OUT-01,Evening,Food,1,19.14,Cash
T502276,2025-06-20 19:09,OUT-02,Evening,Coffee,1,6.22,PayNow
T503553,2025-06-20 19:11,OUT-03,Evening,Food,1,12.45,Cash
T504495,2025-06-20 19:12,OUT-04,Evening,Coffee,1,6.05,Wallet
T502288,2025-06-20 19:14,OUT-02,Evening,Tea,1,4.28,Card
T504535,2025-06-20 19:14,OUT-04,Evening,Food,1,9.25,PayNow
T502270,2025-06-20 19:14,OUT-02,Evening,Tea,1,4.93,PayNow
T504536,2025-06-20 19:18,OUT-04,Evening,Coffee,1,6.32,Card
T504546,2025-06-20 19:19,OUT-04,Evening,Food,1,12.63,Card
T502284,2025-06-20 19:19,OUT-02,Evening,Tea,1,6.07,Card
T503552,2025-06-20 19:23,OUT-03,Evening,Coffee,1,7.07,PayNow
T501294,2025-06-20 19:24,OUT-01,Evening,Food,1,17.36,Wallet
T504529,2025-06-20 19:26,OUT-04,Evening,Coffee,1,5.76,Card
T504515,2025-06-20 19:26,OUT-04,Evening,Food,1,15.55,Card
T501308,2025-06-20 19:28,OUT-01,Evening,Pastry,1,5.26,PayNow
T502292,2025-06-20 19:30,OUT-02,Evening,Food,1,15.86,Card
T502290,2025-06-20 19:39,OUT-02,Evening,Tea,1,5.32,PayNow
T502278,2025-06-20 19:40,OUT-02,Evening,Coffee,1,5.64,Cash
T502294,2025-06-20 19:41,OUT-02,Evening,Tea,1,5.44,Wallet
T504518,2025-06-20 19:42,OUT-04,Evening,Tea,1,6.05,Wallet
T503550,2025-06-20 19:47,OUT-03,Evening,Coffee,1,8.05,Card
T504528,2025-06-20 19:48,OUT-04,Evening,Pastry,1,5.35,Cash
T502264,2025-06-20 19:58,OUT-02,Evening,Coffee,1,4.97,PayNow
T504486,2025-06-20 20:06,OUT-04,Evening,Coffee,1,5.32,Card
T503555,2025-06-20 20:08,OUT-03,Evening,Coffee,1,6.18,Card
T502309,2025-06-20 20:10,OUT-02,Evening,Tea,1,4.92,Card
T502305,2025-06-20 20:13,OUT-02,Evening,Food,1,12.3,PayNow
T503562,2025-06-20 20:15,OUT-03,Evening,Coffee,1,8.52,Cash
T504507,2025-06-20 20:15,OUT-04,Evening,Pastry,1,5.53,Card
T501289,2025-06-20 20:23,OUT-01,Evening,Pastry,1,4.15,PayNow
T504544,2025-06-20 20:23,OUT-04,Evening,Pastry,1,5.99,Card
T504521,2025-06-20 20:26,OUT-04,Evening,Coffee,1,7.61,Card
T503566,2025-06-20 20:28,OUT-03,Evening,Pastry,1,7.35,PayNow
T501283,2025-06-20 20:29,OUT-01,Evening,Beans (retail),1,18.93,Card
T504481,2025-06-20 20:29,OUT-04,Evening,Pastry,1,5.15,Card
T504534,2025-06-20 20:32,OUT-04,Evening,Tea,1,7.06,Card
T503559,2025-06-20 20:32,OUT-03,Evening,Food,1,8.66,Cash
T504508,2025-06-20 20:35,OUT-04,Evening,Pastry,1,7.02,Cash
T502275,2025-06-20 20:39,OUT-02,Evening,Beans (retail),1,15.68,Card
T502306,2025-06-20 20:39,OUT-02,Evening,Pastry,1,5.14,PayNow
T501282,2025-06-20 20:48,OUT-01,Evening,Beans (retail),1,18.11,Card
T502304,2025-06-20 20:49,OUT-02,Evening,Tea,1,7.12,Card
T502271,2025-06-20 20:49,OUT-02,Evening,Food,1,18.46,Card
T501292,2025-06-20 20:49,OUT-01,Evening,Coffee,1,6.01,Wallet
T502297,2025-06-20 20:51,OUT-02,Evening,Coffee,1,4.67,Card
T502302,2025-06-20 20:52,OUT-02,Evening,Food,1,12.45,PayNow
T502296,2025-06-20 20:53,OUT-02,Evening,Coffee,1,7.08,Card
T501301,2025-06-20 20:54,OUT-01,Evening,Tea,1,5.13,PayNow
T501299,2025-06-20 20:54,OUT-01,Evening,Tea,1,3.98,PayNow
T504506,2025-06-20 20:57,OUT-04,Evening,Pastry,1,6.33,PayNow
T502272,2025-06-20 20:58,OUT-02,Evening,Pastry,1,5.55,Cash
T503554,2025-06-20 20:59,OUT-03,Evening,Coffee,1,8.46,Card
T501340,2025-06-21 07:00,OUT-01,Morning,Coffee,1,7.17,Card
T503576,2025-06-21 07:00,OUT-03,Morning,Coffee,1,4.45,PayNow
T503569,2025-06-21 07:01,OUT-03,Morning,Coffee,1,4.45,PayNow
T504599,2025-06-21 07:01,OUT-04,Morning,Beans (retail),1,11.63,Card
T504575,2025-06-21 07:01,OUT-04,Morning,Coffee,1,5.36,PayNow
T501317,2025-06-21 07:04,OUT-01,Morning,Coffee,1,6.41,Cash
T501357,2025-06-21 07:04,OUT-01,Morning,Coffee,1,5.75,Card
T503596,2025-06-21 07:04,OUT-03,Morning,Pastry,1,4.5,Card
T504581,2025-06-21 07:05,OUT-04,Morning,Coffee,1,6.81,PayNow
T502395,2025-06-21 07:05,OUT-02,Morning,Coffee,1,6.53,Cash
T501367,2025-06-21 07:06,OUT-01,Morning,Coffee,1,5.87,Wallet
T503604,2025-06-21 07:08,OUT-03,Morning,Coffee,1,6.21,Card
T504606,2025-06-21 07:09,OUT-04,Morning,Pastry,1,4.22,Cash
T503608,2025-06-21 07:09,OUT-03,Morning,Coffee,1,6.95,Card
T502327,2025-06-21 07:09,OUT-02,Morning,Food,1,17.78,PayNow
T503606,2025-06-21 07:10,OUT-03,Morning,Pastry,1,3.69,Card
T504585,2025-06-21 07:12,OUT-04,Morning,Pastry,1,5.27,PayNow
T502407,2025-06-21 07:12,OUT-02,Morning,Coffee,1,6.88,PayNow
T502383,2025-06-21 07:12,OUT-02,Morning,Coffee,1,5.13,Wallet
T502329,2025-06-21 07:13,OUT-02,Morning,Pastry,1,5.35,Card
T504570,2025-06-21 07:13,OUT-04,Morning,Pastry,1,4.59,PayNow
T503572,2025-06-21 07:13,OUT-03,Morning,Coffee,1,5.72,PayNow
T503598,2025-06-21 07:14,OUT-03,Morning,Pastry,1,5.64,Card
T501329,2025-06-21 07:14,OUT-01,Morning,Coffee,1,6.72,Card
T502356,2025-06-21 07:14,OUT-02,Morning,Coffee,1,7.28,Card
T504557,2025-06-21 07:14,OUT-04,Morning,Tea,1,6.23,PayNow
T503582,2025-06-21 07:17,OUT-03,Morning,Coffee,1,6.7,PayNow
T502400,2025-06-21 07:17,OUT-02,Morning,Tea,1,5.7,Card
T504608,2025-06-21 07:17,OUT-04,Morning,Coffee,1,6.68,PayNow
T504609,2025-06-21 07:18,OUT-04,Morning,Pastry,1,4.85,Wallet
T504593,2025-06-21 07:20,OUT-04,Morning,Coffee,1,4.76,Card
T504590,2025-06-21 07:21,OUT-04,Morning,Coffee,1,5.72,PayNow
T501359,2025-06-21 07:21,OUT-01,Morning,Coffee,1,6.36,Card
T501318,2025-06-21 07:25,OUT-01,Morning,Tea,1,4.94,Cash
T504579,2025-06-21 07:25,OUT-04,Morning,Coffee,1,5.71,Wallet
T504547,2025-06-21 07:25,OUT-04,Morning,Coffee,1,4.94,Cash
T504577,2025-06-21 07:27,OUT-04,Morning,Coffee,1,5.72,Cash
T501325,2025-06-21 07:28,OUT-01,Morning,Tea,1,4.43,Card
T503581,2025-06-21 07:28,OUT-03,Morning,Coffee,1,5.43,PayNow
T502366,2025-06-21 07:30,OUT-02,Morning,Coffee,1,5.86,PayNow
T501323,2025-06-21 07:34,OUT-01,Morning,Pastry,1,5.68,Wallet
T503583,2025-06-21 07:36,OUT-03,Morning,Coffee,1,7.16,PayNow
T501345,2025-06-21 07:39,OUT-01,Morning,Pastry,1,6.0,PayNow
T502354,2025-06-21 07:39,OUT-02,Morning,Coffee,1,6.7,PayNow
T504559,2025-06-21 07:40,OUT-04,Morning,Food,1,15.4,PayNow
T503616,2025-06-21 07:42,OUT-03,Morning,Pastry,1,5.22,PayNow
T504600,2025-06-21 07:42,OUT-04,Morning,Coffee,1,4.9,Wallet
T501350,2025-06-21 07:43,OUT-01,Morning,Pastry,1,5.33,Wallet
T502370,2025-06-21 07:43,OUT-02,Morning,Pastry,1,3.95,Cash
T502402,2025-06-21 07:45,OUT-02,Morning,Coffee,1,5.44,Card
T502365,2025-06-21 07:45,OUT-02,Morning,Pastry,1,5.3,Card
T502389,2025-06-21 07:45,OUT-02,Morning,Food,1,12.21,Wallet
T504573,2025-06-21 07:46,OUT-04,Morning,Pastry,1,4.61,Card
T501336,2025-06-21 07:47,OUT-01,Morning,Coffee,1,7.98,PayNow
T502357,2025-06-21 07:48,OUT-02,Morning,Coffee,1,7.05,Card
T501316,2025-06-21 07:48,OUT-01,Morning,Coffee,1,3.72,Cash
T504560,2025-06-21 07:49,OUT-04,Morning,Coffee,1,5.74,Card
T503613,2025-06-21 07:51,OUT-03,Morning,Coffee,1,6.31,Cash
T503600,2025-06-21 07:52,OUT-03,Morning,Coffee,1,6.78,Card
T502335,2025-06-21 07:53,OUT-02,Morning,Coffee,1,5.14,Card
T501314,2025-06-21 07:54,OUT-01,Morning,Pastry,1,4.53,PayNow
T504594,2025-06-21 07:54,OUT-04,Morning,Pastry,1,5.26,PayNow
T502331,2025-06-21 07:55,OUT-02,Morning,Beans (retail),1,29.12,Card
T502326,2025-06-21 07:56,OUT-02,Morning,Coffee,1,5.39,Card
T502390,2025-06-21 07:56,OUT-02,Morning,Coffee,1,5.68,Card
T501321,2025-06-21 07:59,OUT-01,Morning,Coffee,1,6.62,PayNow
T501351,2025-06-21 07:59,OUT-01,Morning,Coffee,1,7.13,Card
T502317,2025-06-21 08:00,OUT-02,Morning,Pastry,1,6.04,Card
T502399,2025-06-21 08:01,OUT-02,Morning,Coffee,1,6.74,Cash
T502322,2025-06-21 08:01,OUT-02,Morning,Pastry,1,5.16,Card
T503575,2025-06-21 08:02,OUT-03,Morning,Coffee,1,7.25,PayNow
T504576,2025-06-21 08:07,OUT-04,Morning,Coffee,1,5.5,Card
T502333,2025-06-21 08:08,OUT-02,Morning,Pastry,1,3.66,PayNow
T503570,2025-06-21 08:09,OUT-03,Morning,Coffee,1,7.08,PayNow
T504550,2025-06-21 08:11,OUT-04,Morning,Coffee,1,7.17,Cash
T502339,2025-06-21 08:15,OUT-02,Morning,Tea,1,4.71,Card
T502386,2025-06-21 08:18,OUT-02,Morning,Coffee,1,4.19,Card
T501361,2025-06-21 08:18,OUT-01,Morning,Coffee,1,6.84,Card
T502321,2025-06-21 08:19,OUT-02,Morning,Food,1,12.71,PayNow
T502320,2025-06-21 08:19,OUT-02,Morning,Coffee,1,6.18,Wallet
T502318,2025-06-21 08:19,OUT-02,Morning,Pastry,1,6.73,Card
T504554,2025-06-21 08:21,OUT-04,Morning,Tea,1,4.51,Card
T503617,2025-06-21 08:21,OUT-03,Morning,Pastry,1,6.63,Card
T504617,2025-06-21 08:21,OUT-04,Morning,Pastry,1,5.17,PayNow
T504588,2025-06-21 08:23,OUT-04,Morning,Coffee,1,6.82,Wallet
T504614,2025-06-21 08:23,OUT-04,Morning,Coffee,1,7.05,Wallet
T504586,2025-06-21 08:23,OUT-04,Morning,Coffee,1,5.55,Card
T504616,2025-06-21 08:23,OUT-04,Morning,Pastry,1,6.45,Wallet
T504619,2025-06-21 08:23,OUT-04,Morning,Pastry,1,4.88,Card
T501315,2025-06-21 08:23,OUT-01,Morning,Coffee,1,6.24,Wallet
T502377,2025-06-21 08:25,OUT-02,Morning,Pastry,1,5.48,Cash
T503578,2025-06-21 08:27,OUT-03,Morning,Coffee,1,6.92,PayNow
T504582,2025-06-21 08:27,OUT-04,Morning,Coffee,1,7.23,Card
T501341,2025-06-21 08:28,OUT-01,Morning,Coffee,1,7.39,Card
T502336,2025-06-21 08:29,OUT-02,Morning,Pastry,1,4.44,Card
T502359,2025-06-21 08:31,OUT-02,Morning,Pastry,1,5.34,Card
T501335,2025-06-21 08:31,OUT-01,Morning,Pastry,1,5.79,Wallet
T501310,2025-06-21 08:32,OUT-01,Morning,Coffee,1,7.58,PayNow
T503610,2025-06-21 08:32,OUT-03,Morning,Pastry,1,3.26,Card
T502388,2025-06-21 08:34,OUT-02,Morning,Coffee,1,6.5,Card
T502374,2025-06-21 08:34,OUT-02,Morning,Pastry,1,5.28,Card
T501348,2025-06-21 08:35,OUT-01,Morning,Coffee,1,7.62,PayNow
T504574,2025-06-21 08:36,OUT-04,Morning,Pastry,1,7.19,Wallet
T502361,2025-06-21 08:37,OUT-02,Morning,Coffee,1,5.93,PayNow
T501337,2025-06-21 08:38,OUT-01,Morning,Food,1,14.61,PayNow
T502342,2025-06-21 08:39,OUT-02,Morning,Coffee,1,6.82,Card
T504563,2025-06-21 08:40,OUT-04,Morning,Coffee,1,6.84,PayNow
T502332,2025-06-21 08:40,OUT-02,Morning,Pastry,1,5.73,Card
T503587,2025-06-21 08:43,OUT-03,Morning,Coffee,1,7.56,PayNow
T501328,2025-06-21 08:43,OUT-01,Morning,Coffee,1,6.4,PayNow
T502404,2025-06-21 08:44,OUT-02,Morning,Pastry,1,4.9,Cash
T504597,2025-06-21 08:44,OUT-04,Morning,Coffee,1,6.58,Wallet
T501363,2025-06-21 08:45,OUT-01,Morning,Coffee,1,7.54,Cash
T504572,2025-06-21 08:45,OUT-04,Morning,Coffee,1,6.32,Cash
T502397,2025-06-21 08:46,OUT-02,Morning,Coffee,1,4.61,Card
T503609,2025-06-21 08:46,OUT-03,Morning,Pastry,1,5.68,Card
T504568,2025-06-21 08:47,OUT-04,Morning,Pastry,1,6.04,Cash
T503579,2025-06-21 08:48,OUT-03,Morning,Coffee,1,6.25,Wallet
T502369,2025-06-21 08:48,OUT-02,Morning,Coffee,1,7.49,Card
T501343,2025-06-21 08:48,OUT-01,Morning,Coffee,1,8.06,Card
T502316,2025-06-21 08:49,OUT-02,Morning,Pastry,1,4.81,PayNow
T502340,2025-06-21 08:50,OUT-02,Morning,Pastry,1,5.65,Card
T504584,2025-06-21 08:51,OUT-04,Morning,Food,1,17.18,Card
T501322,2025-06-21 08:51,OUT-01,Morning,Coffee,1,6.18,PayNow
T504548,2025-06-21 08:52,OUT-04,Morning,Coffee,1,6.71,Card
T504596,2025-06-21 08:52,OUT-04,Morning,Coffee,1,6.68,Wallet
T503571,2025-06-21 08:53,OUT-03,Morning,Coffee,1,7.42,Card
T504598,2025-06-21 08:55,OUT-04,Morning,Pastry,1,4.24,Cash
T504615,2025-06-21 08:55,OUT-04,Morning,Tea,1,5.87,PayNow
T502334,2025-06-21 08:55,OUT-02,Morning,Coffee,1,5.67,PayNow
T504549,2025-06-21 08:59,OUT-04,Morning,Food,1,13.09,Card
T502315,2025-06-21 08:59,OUT-02,Morning,Coffee,1,4.79,Card
T503607,2025-06-21 08:59,OUT-03,Morning,Pastry,1,5.47,Wallet
T503577,2025-06-21 09:00,OUT-03,Morning,Coffee,1,5.62,Cash
T502344,2025-06-21 09:01,OUT-02,Morning,Coffee,1,6.67,PayNow
T504602,2025-06-21 09:02,OUT-04,Morning,Coffee,1,5.62,Cash
T502401,2025-06-21 09:03,OUT-02,Morning,Tea,1,5.18,Wallet
T501319,2025-06-21 09:03,OUT-01,Morning,Pastry,1,5.61,PayNow
T501339,2025-06-21 09:04,OUT-01,Morning,Coffee,1,4.97,Card
T502372,2025-06-21 09:06,OUT-02,Morning,Coffee,1,4.12,PayNow
T503605,2025-06-21 09:06,OUT-03,Morning,Coffee,1,6.57,Cash
T502352,2025-06-21 09:07,OUT-02,Morning,Coffee,1,6.32,Card
T502346,2025-06-21 09:08,OUT-02,Morning,Pastry,1,5.95,Card
T501332,2025-06-21 09:08,OUT-01,Morning,Coffee,1,5.51,Cash
T503573,2025-06-21 09:09,OUT-03,Morning,Pastry,1,5.95,Cash
T504603,2025-06-21 09:10,OUT-04,Morning,Food,1,11.92,PayNow
T503586,2025-06-21 09:10,OUT-03,Morning,Tea,1,4.65,Cash
T503618,2025-06-21 09:11,OUT-03,Morning,Food,1,11.24,PayNow
T504558,2025-06-21 09:13,OUT-04,Morning,Coffee,1,5.35,Card
T504620,2025-06-21 09:16,OUT-04,Morning,Tea,1,5.47,PayNow
T504566,2025-06-21 09:16,OUT-04,Morning,Pastry,1,5.21,Wallet
T502350,2025-06-21 09:16,OUT-02,Morning,Pastry,1,6.13,PayNow
T501344,2025-06-21 09:17,OUT-01,Morning,Tea,1,4.05,PayNow
T503589,2025-06-21 09:17,OUT-03,Morning,Pastry,1,4.65,PayNow
T502328,2025-06-21 09:18,OUT-02,Morning,Pastry,1,4.73,Card
T504555,2025-06-21 09:19,OUT-04,Morning,Coffee,1,6.22,PayNow
T501356,2025-06-21 09:20,OUT-01,Morning,Pastry,1,5.49,Card
T502384,2025-06-21 09:20,OUT-02,Morning,Coffee,1,6.32,Wallet
T504613,2025-06-21 09:20,OUT-04,Morning,Coffee,1,4.77,Cash
T504552,2025-06-21 09:20,OUT-04,Morning,Coffee,1,6.22,Card
T502351,2025-06-21 09:23,OUT-02,Morning,Beans (retail),1,21.86,Wallet
T501330,2025-06-21 09:26,OUT-01,Morning,Pastry,1,4.95,Wallet
T503594,2025-06-21 09:27,OUT-03,Morning,Coffee,1,5.52,PayNow
T502355,2025-06-21 09:28,OUT-02,Morning,Coffee,1,6.33,PayNow
T504567,2025-06-21 09:28,OUT-04,Morning,Pastry,1,3.46,PayNow
T502323,2025-06-21 09:29,OUT-02,Morning,Coffee,1,7.18,Card
T502387,2025-06-21 09:30,OUT-02,Morning,Pastry,1,5.72,Cash
T502362,2025-06-21 09:31,OUT-02,Morning,Tea,1,5.36,PayNow
T502396,2025-06-21 09:31,OUT-02,Morning,Pastry,1,3.57,Card
T503595,2025-06-21 09:31,OUT-03,Morning,Coffee,1,6.19,PayNow
T501333,2025-06-21 09:32,OUT-01,Morning,Coffee,1,6.48,PayNow
T502337,2025-06-21 09:32,OUT-02,Morning,Coffee,1,5.93,Card
T501324,2025-06-21 09:33,OUT-01,Morning,Pastry,1,4.66,Wallet
T504601,2025-06-21 09:34,OUT-04,Morning,Beans (retail),1,13.7,Cash
T504589,2025-06-21 09:35,OUT-04,Morning,Coffee,1,6.27,Cash
T504564,2025-06-21 09:35,OUT-04,Morning,Coffee,1,5.28,PayNow
T502324,2025-06-21 09:36,OUT-02,Morning,Pastry,1,6.26,Card
T502382,2025-06-21 09:36,OUT-02,Morning,Coffee,1,5.13,Wallet
T504611,2025-06-21 09:36,OUT-04,Morning,Pastry,1,4.7,Card
T502347,2025-06-21 09:36,OUT-02,Morning,Food,1,14.24,Card
T503588,2025-06-21 09:38,OUT-03,Morning,Coffee,1,7.04,Card
T502330,2025-06-21 09:39,OUT-02,Morning,Pastry,1,6.83,Card
T504592,2025-06-21 09:40,OUT-04,Morning,Pastry,1,4.98,Card
T504569,2025-06-21 09:40,OUT-04,Morning,Coffee,1,5.92,Card
T503614,2025-06-21 09:40,OUT-03,Morning,Coffee,1,5.56,Card
T504562,2025-06-21 09:41,OUT-04,Morning,Pastry,1,5.67,PayNow
T501360,2025-06-21 09:42,OUT-01,Morning,Beans (retail),1,18.12,Card
T502394,2025-06-21 09:42,OUT-02,Morning,Pastry,1,4.45,Card
T503601,2025-06-21 09:42,OUT-03,Morning,Beans (retail),1,21.62,Card
T501369,2025-06-21 09:44,OUT-01,Morning,Coffee,1,5.58,PayNow
T504587,2025-06-21 09:45,OUT-04,Morning,Coffee,1,7.04,Cash
T503591,2025-06-21 09:46,OUT-03,Morning,Coffee,1,6.07,Card
T503602,2025-06-21 09:47,OUT-03,Morning,Pastry,1,3.97,PayNow
T503593,2025-06-21 09:47,OUT-03,Morning,Tea,1,5.42,Card
T504610,2025-06-21 09:48,OUT-04,Morning,Pastry,1,2.55,Wallet
T502349,2025-06-21 09:50,OUT-02,Morning,Pastry,1,5.57,PayNow
T504580,2025-06-21 09:50,OUT-04,Morning,Pastry,1,6.05,Wallet
T502371,2025-06-21 09:50,OUT-02,Morning,Coffee,1,5.19,Cash
T502398,2025-06-21 09:52,OUT-02,Morning,Coffee,1,6.14,PayNow
T502348,2025-06-21 09:52,OUT-02,Morning,Coffee,1,6.75,Cash
T501366,2025-06-21 09:53,OUT-01,Morning,Pastry,1,5.97,Card
T503592,2025-06-21 09:53,OUT-03,Morning,Coffee,1,6.62,PayNow
T502392,2025-06-21 09:54,OUT-02,Morning,Food,1,16.51,Card
T503599,2025-06-21 09:54,OUT-03,Morning,Coffee,1,6.21,Card
T504565,2025-06-21 09:56,OUT-04,Morning,Coffee,1,6.99,Card
T502379,2025-06-21 09:58,OUT-02,Morning,Coffee,1,4.03,Wallet
T504595,2025-06-21 09:58,OUT-04,Morning,Coffee,1,6.85,PayNow
T501368,2025-06-21 09:58,OUT-01,Morning,Coffee,1,6.13,Card
T502364,2025-06-21 10:00,OUT-02,Morning,Coffee,1,7.84,Card
T504612,2025-06-21 10:00,OUT-04,Morning,Coffee,1,6.48,PayNow
T502368,2025-06-21 10:01,OUT-02,Morning,Pastry,1,6.28,PayNow
T501346,2025-06-21 10:02,OUT-01,Morning,Tea,1,5.66,Card
T503574,2025-06-21 10:03,OUT-03,Morning,Pastry,1,4.63,Card
T503597,2025-06-21 10:03,OUT-03,Morning,Coffee,1,9.07,Card
T502353,2025-06-21 10:04,OUT-02,Morning,Coffee,1,6.2,Card
T502391,2025-06-21 10:04,OUT-02,Morning,Coffee,1,6.57,Card
T502338,2025-06-21 10:05,OUT-02,Morning,Coffee,1,6.75,Card
T503585,2025-06-21 10:05,OUT-03,Morning,Coffee,1,7.7,Wallet
T502406,2025-06-21 10:06,OUT-02,Morning,Coffee,1,5.32,Card
T501373,2025-06-21 10:07,OUT-01,Morning,Coffee,1,5.94,Card
T502358,2025-06-21 10:07,OUT-02,Morning,Coffee,1,6.33,PayNow
T501372,2025-06-21 10:07,OUT-01,Morning,Coffee,1,6.18,PayNow
T501312,2025-06-21 10:08,OUT-01,Morning,Coffee,1,6.07,Card
T504551,2025-06-21 10:08,OUT-04,Morning,Coffee,1,5.96,Card
T501354,2025-06-21 10:08,OUT-01,Morning,Tea,1,6.22,Card
T502380,2025-06-21 10:09,OUT-02,Morning,Coffee,1,6.6,Card
T502343,2025-06-21 10:10,OUT-02,Morning,Coffee,1,5.61,Cash
T501349,2025-06-21 10:10,OUT-01,Morning,Coffee,1,6.41,Card
T504605,2025-06-21 10:10,OUT-04,Morning,Coffee,1,6.02,Wallet
T501355,2025-06-21 10:11,OUT-01,Morning,Pastry,1,6.26,PayNow
T502325,2025-06-21 10:12,OUT-02,Morning,Coffee,1,6.5,Cash
T501347,2025-06-21 10:14,OUT-01,Morning,Coffee,1,5.07,PayNow
T501327,2025-06-21 10:14,OUT-01,Morning,Coffee,1,6.73,PayNow
T502345,2025-06-21 10:18,OUT-02,Morning,Coffee,1,5.31,Wallet
T501331,2025-06-21 10:18,OUT-01,Morning,Tea,1,4.53,PayNow
T501338,2025-06-21 10:18,OUT-01,Morning,Pastry,1,6.58,Wallet
T502393,2025-06-21 10:19,OUT-02,Morning,Coffee,1,3.59,PayNow
T502375,2025-06-21 10:19,OUT-02,Morning,Coffee,1,5.45,Wallet
T504571,2025-06-21 10:19,OUT-04,Morning,Coffee,1,6.23,Wallet
T502408,2025-06-21 10:20,OUT-02,Morning,Food,1,12.67,Card
T503611,2025-06-21 10:22,OUT-03,Morning,Tea,1,5.48,Card
T502341,2025-06-21 10:23,OUT-02,Morning,Tea,1,4.11,Card
T502385,2025-06-21 10:24,OUT-02,Morning,Coffee,1,4.89,PayNow
T503580,2025-06-21 10:26,OUT-03,Morning,Coffee,1,5.39,PayNow
T504556,2025-06-21 10:28,OUT-04,Morning,Coffee,1,4.59,Card
T504578,2025-06-21 10:28,OUT-04,Morning,Coffee,1,5.62,Card
T503590,2025-06-21 10:30,OUT-03,Morning,Coffee,1,7.2,PayNow
T501362,2025-06-21 10:30,OUT-01,Morning,Coffee,1,6.88,Card
T504621,2025-06-21 10:31,OUT-04,Morning,Coffee,1,5.64,Card
T504553,2025-06-21 10:32,OUT-04,Morning,Coffee,1,7.22,Cash
T504607,2025-06-21 10:35,OUT-04,Morning,Beans (retail),1,24.09,PayNow
T502381,2025-06-21 10:35,OUT-02,Morning,Food,1,11.69,Cash
T502319,2025-06-21 10:35,OUT-02,Morning,Coffee,1,5.58,PayNow
T502378,2025-06-21 10:36,OUT-02,Morning,Coffee,1,5.62,PayNow
T501352,2025-06-21 10:36,OUT-01,Morning,Coffee,1,6.83,PayNow
T503603,2025-06-21 10:36,OUT-03,Morning,Coffee,1,4.54,Cash
T504604,2025-06-21 10:37,OUT-04,Morning,Coffee,1,5.13,Wallet
T501358,2025-06-21 10:37,OUT-01,Morning,Coffee,1,6.49,Card
T502405,2025-06-21 10:38,OUT-02,Morning,Pastry,1,5.63,Card
T503612,2025-06-21 10:40,OUT-03,Morning,Beans (retail),1,17.18,Card
T502373,2025-06-21 10:41,OUT-02,Morning,Pastry,1,4.79,Wallet
T501353,2025-06-21 10:41,OUT-01,Morning,Coffee,1,6.11,Card
T503615,2025-06-21 10:42,OUT-03,Morning,Tea,1,6.07,PayNow
T501311,2025-06-21 10:43,OUT-01,Morning,Coffee,1,4.58,Wallet
T501334,2025-06-21 10:43,OUT-01,Morning,Tea,1,4.05,Card
T501320,2025-06-21 10:44,OUT-01,Morning,Coffee,1,4.24,Card
T504583,2025-06-21 10:46,OUT-04,Morning,Coffee,1,6.27,Card
T501364,2025-06-21 10:47,OUT-01,Morning,Coffee,1,5.81,Card
T502376,2025-06-21 10:48,OUT-02,Morning,Tea,1,5.01,PayNow
T503584,2025-06-21 10:50,OUT-03,Morning,Coffee,1,7.12,Wallet
T502367,2025-06-21 10:52,OUT-02,Morning,Coffee,1,6.39,PayNow
T504561,2025-06-21 10:52,OUT-04,Morning,Pastry,1,4.42,Card
T501313,2025-06-21 10:54,OUT-01,Morning,Pastry,1,5.36,Card
T501309,2025-06-21 10:54,OUT-01,Morning,Coffee,1,7.39,Cash
T503568,2025-06-21 10:55,OUT-03,Morning,Coffee,1,5.36,Cash
T501326,2025-06-21 10:55,OUT-01,Morning,Coffee,1,7.05,Cash
T501370,2025-06-21 10:56,OUT-01,Morning,Coffee,1,6.35,PayNow
T501374,2025-06-21 10:56,OUT-01,Morning,Coffee,1,5.22,Card
T501342,2025-06-21 10:57,OUT-01,Morning,Coffee,1,5.93,PayNow
T504618,2025-06-21 10:57,OUT-04,Morning,Pastry,1,5.73,PayNow
T502363,2025-06-21 10:58,OUT-02,Morning,Coffee,1,4.82,PayNow
T501365,2025-06-21 10:58,OUT-01,Morning,Tea,1,5.89,Card
T502403,2025-06-21 10:58,OUT-02,Morning,Coffee,1,5.7,Wallet
T501371,2025-06-21 10:58,OUT-01,Morning,Coffee,1,6.3,Card
T504591,2025-06-21 10:59,OUT-04,Morning,Pastry,1,5.31,Cash
T502360,2025-06-21 10:59,OUT-02,Morning,Coffee,1,5.44,Card
T504624,2025-06-21 11:00,OUT-04,Midday,Beans (retail),1,14.8,PayNow
T501395,2025-06-21 11:00,OUT-01,Midday,Food,1,17.7,Cash
T504671,2025-06-21 11:00,OUT-04,Midday,Food,1,10.73,PayNow
T504634,2025-06-21 11:01,OUT-04,Midday,Food,1,12.16,Cash
T504632,2025-06-21 11:01,OUT-04,Midday,Food,1,12.56,PayNow
T501392,2025-06-21 11:03,OUT-01,Midday,Food,1,13.93,PayNow
T502428,2025-06-21 11:04,OUT-02,Midday,Food,1,14.34,Card
T501393,2025-06-21 11:04,OUT-01,Midday,Food,1,11.99,Wallet
T501386,2025-06-21 11:10,OUT-01,Midday,Coffee,1,5.06,Wallet
T502464,2025-06-21 11:11,OUT-02,Midday,Food,1,10.67,PayNow
T503631,2025-06-21 11:11,OUT-03,Midday,Coffee,1,5.54,Cash
T502444,2025-06-21 11:13,OUT-02,Midday,Beans (retail),1,24.85,PayNow
T503630,2025-06-21 11:14,OUT-03,Midday,Food,1,16.85,Cash
T502477,2025-06-21 11:15,OUT-02,Midday,Food,1,17.07,Card
T504679,2025-06-21 11:15,OUT-04,Midday,Food,1,16.66,Wallet
T502461,2025-06-21 11:18,OUT-02,Midday,Tea,1,5.42,Card
T504629,2025-06-21 11:19,OUT-04,Midday,Coffee,1,5.78,Card
T502493,2025-06-21 11:20,OUT-02,Midday,Coffee,1,5.86,PayNow
T502469,2025-06-21 11:20,OUT-02,Midday,Food,1,16.79,Card
T503644,2025-06-21 11:21,OUT-03,Midday,Food,1,9.0,Wallet
T502421,2025-06-21 11:23,OUT-02,Midday,Food,1,18.21,Card
T501384,2025-06-21 11:23,OUT-01,Midday,Coffee,1,6.84,Card
T501377,2025-06-21 11:25,OUT-01,Midday,Food,1,18.11,PayNow
T504641,2025-06-21 11:26,OUT-04,Midday,Food,1,14.09,PayNow
T501387,2025-06-21 11:26,OUT-01,Midday,Tea,1,5.07,PayNow
T502457,2025-06-21 11:28,OUT-02,Midday,Coffee,1,5.4,Cash
T502478,2025-06-21 11:29,OUT-02,Midday,Coffee,1,6.37,PayNow
T504637,2025-06-21 11:30,OUT-04,Midday,Food,1,12.55,Card
T504669,2025-06-21 11:30,OUT-04,Midday,Food,1,12.08,Card
T504655,2025-06-21 11:31,OUT-04,Midday,Coffee,1,5.65,PayNow
T502411,2025-06-21 11:33,OUT-02,Midday,Coffee,1,6.85,Wallet
T501375,2025-06-21 11:33,OUT-01,Midday,Food,1,10.0,PayNow
T502451,2025-06-21 11:34,OUT-02,Midday,Coffee,1,5.55,Card
T504670,2025-06-21 11:34,OUT-04,Midday,Food,1,11.09,Wallet
T502475,2025-06-21 11:36,OUT-02,Midday,Coffee,1,5.19,Card
T503619,2025-06-21 11:36,OUT-03,Midday,Food,1,12.55,PayNow
T504626,2025-06-21 11:42,OUT-04,Midday,Food,1,12.11,PayNow
T504647,2025-06-21 11:42,OUT-04,Midday,Tea,1,3.53,PayNow
T502480,2025-06-21 11:42,OUT-02,Midday,Coffee,1,5.7,PayNow
T504675,2025-06-21 11:43,OUT-04,Midday,Food,1,14.56,Cash
T504636,2025-06-21 11:44,OUT-04,Midday,Food,1,8.76,PayNow
T502448,2025-06-21 11:45,OUT-02,Midday,Tea,1,4.41,PayNow
T502453,2025-06-21 11:46,OUT-02,Midday,Pastry,1,5.74,Cash
T502460,2025-06-21 11:47,OUT-02,Midday,Food,1,15.38,PayNow
T502473,2025-06-21 11:51,OUT-02,Midday,Food,1,13.42,Card
T502476,2025-06-21 11:52,OUT-02,Midday,Food,1,15.05,Cash
T504644,2025-06-21 11:53,OUT-04,Midday,Coffee,1,5.02,Card
T504663,2025-06-21 11:54,OUT-04,Midday,Beans (retail),1,21.71,Wallet
T502471,2025-06-21 11:54,OUT-02,Midday,Pastry,1,5.49,Card
T504652,2025-06-21 11:55,OUT-04,Midday,Pastry,1,4.26,PayNow
T502436,2025-06-21 11:56,OUT-02,Midday,Coffee,1,5.31,PayNow
T503639,2025-06-21 11:57,OUT-03,Midday,Tea,1,5.61,Cash
T503621,2025-06-21 12:01,OUT-03,Midday,Tea,1,6.06,Cash
T504654,2025-06-21 12:01,OUT-04,Midday,Coffee,1,5.62,Cash
T503623,2025-06-21 12:01,OUT-03,Midday,Pastry,1,3.92,PayNow
T502449,2025-06-21 12:07,OUT-02,Midday,Food,1,19.39,PayNow
T502450,2025-06-21 12:07,OUT-02,Midday,Beans (retail),1,20.81,PayNow
T503624,2025-06-21 12:08,OUT-03,Midday,Pastry,1,5.06,Card
T502482,2025-06-21 12:10,OUT-02,Midday,Food,1,15.47,Cash
T504664,2025-06-21 12:10,OUT-04,Midday,Food,1,15.97,PayNow
T503637,2025-06-21 12:16,OUT-03,Midday,Food,1,15.73,PayNow
T502447,2025-06-21 12:17,OUT-02,Midday,Food,1,15.95,Card
T501383,2025-06-21 12:19,OUT-01,Midday,Tea,1,4.27,Card
T504651,2025-06-21 12:19,OUT-04,Midday,Food,1,11.29,Card
T502439,2025-06-21 12:20,OUT-02,Midday,Food,1,19.28,Card
T502491,2025-06-21 12:22,OUT-02,Midday,Tea,1,4.64,PayNow
T503640,2025-06-21 12:22,OUT-03,Midday,Coffee,1,7.36,Card
T501391,2025-06-21 12:24,OUT-01,Midday,Coffee,1,6.7,Card
T504658,2025-06-21 12:25,OUT-04,Midday,Food,1,11.37,Card
T504630,2025-06-21 12:26,OUT-04,Midday,Coffee,1,4.44,PayNow
T502420,2025-06-21 12:27,OUT-02,Midday,Food,1,11.21,Wallet
T504628,2025-06-21 12:30,OUT-04,Midday,Coffee,1,5.84,PayNow
T504627,2025-06-21 12:30,OUT-04,Midday,Tea,1,4.32,PayNow
T504642,2025-06-21 12:30,OUT-04,Midday,Coffee,1,5.03,PayNow
T502430,2025-06-21 12:31,OUT-02,Midday,Food,1,14.87,Card
T502459,2025-06-21 12:31,OUT-02,Midday,Coffee,1,6.42,Wallet
T503629,2025-06-21 12:32,OUT-03,Midday,Food,1,13.23,PayNow
T504645,2025-06-21 12:34,OUT-04,Midday,Pastry,1,4.27,Card
T502485,2025-06-21 12:35,OUT-02,Midday,Food,1,16.31,Card
T502486,2025-06-21 12:35,OUT-02,Midday,Pastry,1,4.03,Cash
T502433,2025-06-21 12:37,OUT-02,Midday,Coffee,1,6.27,PayNow
T501396,2025-06-21 12:38,OUT-01,Midday,Food,1,13.5,PayNow
T504660,2025-06-21 12:38,OUT-04,Midday,Coffee,1,5.46,Card
T504646,2025-06-21 12:41,OUT-04,Midday,Food,1,13.77,PayNow
T501379,2025-06-21 12:41,OUT-01,Midday,Food,1,9.65,PayNow
T504661,2025-06-21 12:41,OUT-04,Midday,Beans (retail),1,20.13,Card
T502441,2025-06-21 12:42,OUT-02,Midday,Food,1,15.53,Wallet
T504672,2025-06-21 12:43,OUT-04,Midday,Food,1,12.31,Card
T503642,2025-06-21 12:44,OUT-03,Midday,Pastry,1,3.35,Wallet
T502488,2025-06-21 12:46,OUT-02,Midday,Food,1,17.01,Cash
T504638,2025-06-21 12:48,OUT-04,Midday,Food,1,10.0,Card
T502434,2025-06-21 12:48,OUT-02,Midday,Food,1,10.36,Wallet
T502487,2025-06-21 12:49,OUT-02,Midday,Food,1,10.65,Card
T502427,2025-06-21 12:49,OUT-02,Midday,Food,1,7.69,Wallet
T503638,2025-06-21 12:50,OUT-03,Midday,Coffee,1,6.96,Card
T502437,2025-06-21 12:50,OUT-02,Midday,Food,1,11.65,Card
T502465,2025-06-21 12:50,OUT-02,Midday,Food,1,12.63,Card
T502440,2025-06-21 12:54,OUT-02,Midday,Coffee,1,7.33,PayNow
T502474,2025-06-21 12:55,OUT-02,Midday,Coffee,1,5.18,PayNow
T502426,2025-06-21 12:57,OUT-02,Midday,Tea,1,4.06,PayNow
T504677,2025-06-21 13:01,OUT-04,Midday,Coffee,1,6.37,Card
T501380,2025-06-21 13:02,OUT-01,Midday,Food,1,14.98,Wallet
T504678,2025-06-21 13:05,OUT-04,Midday,Food,1,11.67,Card
T504639,2025-06-21 13:06,OUT-04,Midday,Pastry,1,4.64,Card
T501390,2025-06-21 13:07,OUT-01,Midday,Food,1,12.46,Cash
T502496,2025-06-21 13:08,OUT-02,Midday,Food,1,11.48,Card
T502481,2025-06-21 13:08,OUT-02,Midday,Pastry,1,4.75,Card
T504643,2025-06-21 13:10,OUT-04,Midday,Food,1,9.85,Card
T501397,2025-06-21 13:11,OUT-01,Midday,Food,1,15.8,Card
T502470,2025-06-21 13:14,OUT-02,Midday,Coffee,1,6.38,Card
T503625,2025-06-21 13:16,OUT-03,Midday,Food,1,16.82,Wallet
T501385,2025-06-21 13:17,OUT-01,Midday,Tea,1,5.26,Cash
T503628,2025-06-21 13:17,OUT-03,Midday,Coffee,1,6.1,PayNow
T502410,2025-06-21 13:18,OUT-02,Midday,Food,1,14.54,PayNow
T504659,2025-06-21 13:19,OUT-04,Midday,Coffee,1,4.74,Card
T502412,2025-06-21 13:21,OUT-02,Midday,Food,1,10.4,Cash
T502424,2025-06-21 13:21,OUT-02,Midday,Tea,1,6.29,Cash
T504676,2025-06-21 13:22,OUT-04,Midday,Food,1,9.96,Card
T501382,2025-06-21 13:24,OUT-01,Midday,Coffee,1,4.93,PayNow
T503635,2025-06-21 13:26,OUT-03,Midday,Coffee,1,6.71,Card
T504625,2025-06-21 13:26,OUT-04,Midday,Beans (retail),1,16.01,Card
T502418,2025-06-21 13:27,OUT-02,Midday,Food,1,9.48,Cash
T502409,2025-06-21 13:28,OUT-02,Midday,Coffee,1,6.26,Card
T502495,2025-06-21 13:29,OUT-02,Midday,Coffee,1,7.53,Card
T504682,2025-06-21 13:29,OUT-04,Midday,Food,1,6.04,Card
T504665,2025-06-21 13:30,OUT-04,Midday,Food,1,9.99,Card
T502413,2025-06-21 13:30,OUT-02,Midday,Food,1,18.67,Card
T504649,2025-06-21 13:31,OUT-04,Midday,Food,1,11.27,Card
T501398,2025-06-21 13:32,OUT-01,Midday,Coffee,1,6.87,PayNow
T501389,2025-06-21 13:32,OUT-01,Midday,Beans (retail),1,29.73,Cash
T504666,2025-06-21 13:33,OUT-04,Midday,Coffee,1,5.2,Cash
T502462,2025-06-21 13:33,OUT-02,Midday,Food,1,16.21,PayNow
T502489,2025-06-21 13:35,OUT-02,Midday,Tea,1,6.29,Card
T502455,2025-06-21 13:36,OUT-02,Midday,Tea,1,5.59,PayNow
T501378,2025-06-21 13:37,OUT-01,Midday,Food,1,14.27,Wallet
T504657,2025-06-21 13:38,OUT-04,Midday,Food,1,14.57,Card
T502429,2025-06-21 13:38,OUT-02,Midday,Pastry,1,5.71,PayNow
T502417,2025-06-21 13:39,OUT-02,Midday,Food,1,14.56,Card
T504673,2025-06-21 13:39,OUT-04,Midday,Coffee,1,4.53,PayNow
T502419,2025-06-21 13:40,OUT-02,Midday,Pastry,1,4.77,PayNow
T503641,2025-06-21 13:40,OUT-03,Midday,Coffee,1,7.09,PayNow
T503626,2025-06-21 13:44,OUT-03,Midday,Coffee,1,6.41,PayNow
T502483,2025-06-21 13:47,OUT-02,Midday,Food,1,18.4,PayNow
T503643,2025-06-21 13:51,OUT-03,Midday,Coffee,1,7.18,Card
T503634,2025-06-21 13:54,OUT-03,Midday,Food,1,10.31,Card
T502479,2025-06-21 13:54,OUT-02,Midday,Coffee,1,7.72,PayNow
T502467,2025-06-21 13:54,OUT-02,Midday,Food,1,9.94,Cash
T504653,2025-06-21 13:54,OUT-04,Midday,Coffee,1,4.28,Card
T502472,2025-06-21 13:55,OUT-02,Midday,Pastry,1,5.89,Cash
T502484,2025-06-21 13:56,OUT-02,Midday,Beans (retail),1,15.01,Card
T504648,2025-06-21 13:57,OUT-04,Midday,Food,1,12.27,Card
T502454,2025-06-21 13:57,OUT-02,Midday,Coffee,1,5.29,Card
T502443,2025-06-21 14:01,OUT-02,Midday,Food,1,8.83,Card
T502435,2025-06-21 14:04,OUT-02,Midday,Coffee,1,5.8,Wallet
T503627,2025-06-21 14:04,OUT-03,Midday,Pastry,1,4.97,Cash
T504650,2025-06-21 14:05,OUT-04,Midday,Coffee,1,4.72,PayNow
T504622,2025-06-21 14:08,OUT-04,Midday,Food,1,11.24,PayNow
T502492,2025-06-21 14:09,OUT-02,Midday,Pastry,1,5.82,PayNow
T504631,2025-06-21 14:11,OUT-04,Midday,Food,1,10.43,PayNow
T502416,2025-06-21 14:13,OUT-02,Midday,Food,1,15.24,PayNow
T503633,2025-06-21 14:14,OUT-03,Midday,Food,1,13.13,Wallet
T504635,2025-06-21 14:15,OUT-04,Midday,Food,1,12.43,Wallet
T503622,2025-06-21 14:21,OUT-03,Midday,Food,1,16.59,Wallet
T502468,2025-06-21 14:22,OUT-02,Midday,Pastry,1,3.83,Card
T504633,2025-06-21 14:22,OUT-04,Midday,Pastry,1,3.05,Card
T501388,2025-06-21 14:23,OUT-01,Midday,Coffee,1,5.65,PayNow
T504667,2025-06-21 14:23,OUT-04,Midday,Food,1,12.17,Card
T502446,2025-06-21 14:25,OUT-02,Midday,Coffee,1,6.11,PayNow
T502442,2025-06-21 14:27,OUT-02,Midday,Food,1,13.58,Card
T502432,2025-06-21 14:27,OUT-02,Midday,Food,1,16.06,Card
T503632,2025-06-21 14:28,OUT-03,Midday,Beans (retail),1,19.18,Cash
T502490,2025-06-21 14:29,OUT-02,Midday,Coffee,1,6.9,Cash
T502458,2025-06-21 14:30,OUT-02,Midday,Coffee,1,4.9,Card
T504656,2025-06-21 14:32,OUT-04,Midday,Food,1,13.22,Cash
T502452,2025-06-21 14:33,OUT-02,Midday,Beans (retail),1,12.8,PayNow
T502456,2025-06-21 14:34,OUT-02,Midday,Food,1,12.43,PayNow
T502463,2025-06-21 14:35,OUT-02,Midday,Food,1,11.62,Card
T502423,2025-06-21 14:36,OUT-02,Midday,Pastry,1,3.96,Wallet
T502425,2025-06-21 14:37,OUT-02,Midday,Food,1,17.84,Card
T502445,2025-06-21 14:38,OUT-02,Midday,Food,1,11.48,PayNow
T503620,2025-06-21 14:39,OUT-03,Midday,Food,1,15.05,Card
T501376,2025-06-21 14:41,OUT-01,Midday,Tea,1,4.53,Card
T504640,2025-06-21 14:41,OUT-04,Midday,Food,1,11.79,Cash
T502431,2025-06-21 14:42,OUT-02,Midday,Coffee,1,6.72,Card
T502438,2025-06-21 14:44,OUT-02,Midday,Tea,1,5.42,PayNow
T502494,2025-06-21 14:45,OUT-02,Midday,Food,1,14.76,Card
T502415,2025-06-21 14:46,OUT-02,Midday,Coffee,1,8.58,Card
T504680,2025-06-21 14:47,OUT-04,Midday,Pastry,1,4.9,Wallet
T504681,2025-06-21 14:48,OUT-04,Midday,Food,1,13.17,Card
T504674,2025-06-21 14:49,OUT-04,Midday,Food,1,13.23,Card
T502466,2025-06-21 14:51,OUT-02,Midday,Coffee,1,4.9,Card
T501394,2025-06-21 14:54,OUT-01,Midday,Food,1,14.7,PayNow
T504623,2025-06-21 14:54,OUT-04,Midday,Food,1,13.23,Card
T502422,2025-06-21 14:55,OUT-02,Midday,Food,1,13.83,Card
T504668,2025-06-21 14:56,OUT-04,Midday,Food,1,13.3,Card
T502414,2025-06-21 14:56,OUT-02,Midday,Food,1,9.68,PayNow
T501381,2025-06-21 14:57,OUT-01,Midday,Pastry,1,3.8,PayNow
T504662,2025-06-21 14:57,OUT-04,Midday,Coffee,1,4.14,Wallet
T503636,2025-06-21 14:58,OUT-03,Midday,Beans (retail),1,21.47,PayNow
T504695,2025-06-21 15:05,OUT-04,Evening,Coffee,1,7.2,Card
T502561,2025-06-21 15:05,OUT-02,Evening,Coffee,1,4.87,Card
T504736,2025-06-21 15:05,OUT-04,Evening,Coffee,1,8.12,Wallet
T502511,2025-06-21 15:09,OUT-02,Evening,Coffee,1,5.46,PayNow
T502562,2025-06-21 15:13,OUT-02,Evening,Pastry,1,5.17,PayNow
T502531,2025-06-21 15:14,OUT-02,Evening,Food,1,11.18,Wallet
T504710,2025-06-21 15:19,OUT-04,Evening,Tea,1,5.79,Card
T504739,2025-06-21 15:21,OUT-04,Evening,Food,1,14.45,Card
T502523,2025-06-21 15:28,OUT-02,Evening,Coffee,1,6.52,PayNow
T502528,2025-06-21 15:33,OUT-02,Evening,Food,1,10.35,Cash
T504725,2025-06-21 15:34,OUT-04,Evening,Pastry,1,5.35,Card
T503649,2025-06-21 15:49,OUT-03,Evening,Food,1,18.15,Card
T504688,2025-06-21 15:53,OUT-04,Evening,Coffee,1,5.65,Cash
T502545,2025-06-21 15:53,OUT-02,Evening,Coffee,1,6.5,Wallet
T504708,2025-06-21 15:56,OUT-04,Evening,Coffee,1,5.29,Wallet
T502514,2025-06-21 15:57,OUT-02,Evening,Food,1,12.01,PayNow
T504731,2025-06-21 15:58,OUT-04,Evening,Coffee,1,7.15,Wallet
T502525,2025-06-21 15:58,OUT-02,Evening,Beans (retail),1,22.43,Wallet
T504696,2025-06-21 15:59,OUT-04,Evening,Beans (retail),1,26.74,Card
T502509,2025-06-21 16:01,OUT-02,Evening,Coffee,1,6.68,Wallet
T504716,2025-06-21 16:01,OUT-04,Evening,Coffee,1,6.64,Card
T502553,2025-06-21 16:04,OUT-02,Evening,Food,1,16.6,Wallet
T502521,2025-06-21 16:09,OUT-02,Evening,Coffee,1,5.91,PayNow
T504690,2025-06-21 16:11,OUT-04,Evening,Coffee,1,7.41,PayNow
T504685,2025-06-21 16:18,OUT-04,Evening,Food,1,14.81,Cash
T504709,2025-06-21 16:23,OUT-04,Evening,Coffee,1,5.37,PayNow
T504689,2025-06-21 16:28,OUT-04,Evening,Pastry,1,5.49,PayNow
T502547,2025-06-21 16:29,OUT-02,Evening,Food,1,14.86,Card
T504701,2025-06-21 16:39,OUT-04,Evening,Tea,1,6.5,Card
T503650,2025-06-21 16:39,OUT-03,Evening,Coffee,1,3.89,Card
T502535,2025-06-21 16:41,OUT-02,Evening,Food,1,12.06,PayNow
T504714,2025-06-21 16:42,OUT-04,Evening,Food,1,19.16,Card
T504687,2025-06-21 16:44,OUT-04,Evening,Coffee,1,6.66,Wallet
T504718,2025-06-21 16:45,OUT-04,Evening,Pastry,1,5.88,Cash
T502512,2025-06-21 16:47,OUT-02,Evening,Tea,1,4.38,PayNow
T502526,2025-06-21 16:49,OUT-02,Evening,Beans (retail),1,17.66,PayNow
T502519,2025-06-21 16:52,OUT-02,Evening,Food,1,11.29,Card
T502558,2025-06-21 16:56,OUT-02,Evening,Food,1,9.65,Card
T502507,2025-06-21 17:00,OUT-02,Evening,Coffee,1,7.21,PayNow
T504686,2025-06-21 17:02,OUT-04,Evening,Beans (retail),1,18.58,Card
T503647,2025-06-21 17:03,OUT-03,Evening,Coffee,1,5.97,Wallet
T503654,2025-06-21 17:12,OUT-03,Evening,Coffee,1,6.16,Card
T504712,2025-06-21 17:12,OUT-04,Evening,Coffee,1,7.46,Wallet
T502551,2025-06-21 17:14,OUT-02,Evening,Coffee,1,5.32,Wallet
T504692,2025-06-21 17:17,OUT-04,Evening,Coffee,1,6.33,Card
T501408,2025-06-21 17:17,OUT-01,Evening,Coffee,1,7.57,Card
T502504,2025-06-21 17:22,OUT-02,Evening,Tea,1,4.56,Wallet
T502543,2025-06-21 17:22,OUT-02,Evening,Pastry,1,5.01,PayNow
T502513,2025-06-21 17:29,OUT-02,Evening,Pastry,1,3.33,PayNow
T504717,2025-06-21 17:34,OUT-04,Evening,Tea,1,3.06,PayNow
T502539,2025-06-21 17:35,OUT-02,Evening,Food,1,13.49,Card
T502544,2025-06-21 17:37,OUT-02,Evening,Food,1,9.11,Cash
T504707,2025-06-21 17:39,OUT-04,Evening,Coffee,1,7.28,PayNow
T504727,2025-06-21 17:41,OUT-04,Evening,Pastry,1,4.45,Card
T504719,2025-06-21 17:44,OUT-04,Evening,Pastry,1,5.3,Cash
T501399,2025-06-21 17:49,OUT-01,Evening,Coffee,1,7.69,Card
T504698,2025-06-21 17:50,OUT-04,Evening,Coffee,1,7.0,Card
T504735,2025-06-21 17:51,OUT-04,Evening,Food,1,18.07,Card
T502508,2025-06-21 17:53,OUT-02,Evening,Pastry,1,5.65,PayNow
T502534,2025-06-21 17:54,OUT-02,Evening,Tea,1,4.85,Card
T504715,2025-06-21 17:54,OUT-04,Evening,Coffee,1,6.63,Card
T504691,2025-06-21 18:01,OUT-04,Evening,Coffee,1,8.05,PayNow
T504700,2025-06-21 18:05,OUT-04,Evening,Coffee,1,6.33,PayNow
T502503,2025-06-21 18:07,OUT-02,Evening,Beans (retail),1,19.35,PayNow
T504706,2025-06-21 18:08,OUT-04,Evening,Coffee,1,8.22,Card
T501401,2025-06-21 18:09,OUT-01,Evening,Food,1,15.95,Wallet
T504720,2025-06-21 18:09,OUT-04,Evening,Coffee,1,6.8,Card
T502546,2025-06-21 18:14,OUT-02,Evening,Food,1,13.15,PayNow
T501402,2025-06-21 18:17,OUT-01,Evening,Pastry,1,4.35,Wallet
T502533,2025-06-21 18:18,OUT-02,Evening,Coffee,1,4.33,Card
T504734,2025-06-21 18:19,OUT-04,Evening,Food,1,14.24,Card
T503653,2025-06-21 18:21,OUT-03,Evening,Beans (retail),1,25.28,PayNow
T504741,2025-06-21 18:21,OUT-04,Evening,Tea,1,6.04,Card
T502550,2025-06-21 18:22,OUT-02,Evening,Tea,1,5.77,PayNow
T502552,2025-06-21 18:23,OUT-02,Evening,Food,1,12.33,Card
T504738,2025-06-21 18:24,OUT-04,Evening,Food,1,14.22,Card
T504694,2025-06-21 18:28,OUT-04,Evening,Coffee,1,6.62,Card
T502498,2025-06-21 18:30,OUT-02,Evening,Coffee,1,5.63,Card
T502556,2025-06-21 18:33,OUT-02,Evening,Coffee,1,6.18,Wallet
T501405,2025-06-21 18:34,OUT-01,Evening,Coffee,1,7.59,Card
T502538,2025-06-21 18:35,OUT-02,Evening,Coffee,1,6.74,Wallet
T502510,2025-06-21 18:36,OUT-02,Evening,Coffee,1,5.31,Card
T504699,2025-06-21 18:42,OUT-04,Evening,Tea,1,6.38,Card
T502515,2025-06-21 18:43,OUT-02,Evening,Coffee,1,3.94,Card
T502499,2025-06-21 18:45,OUT-02,Evening,Coffee,1,5.26,Wallet
T504740,2025-06-21 18:46,OUT-04,Evening,Tea,1,4.29,Card
T504730,2025-06-21 18:54,OUT-04,Evening,Beans (retail),1,28.06,Card
T502500,2025-06-21 18:58,OUT-02,Evening,Coffee,1,6.27,PayNow
T503648,2025-06-21 19:01,OUT-03,Evening,Pastry,1,5.86,PayNow
T504729,2025-06-21 19:03,OUT-04,Evening,Beans (retail),1,25.58,Card
T502520,2025-06-21 19:06,OUT-02,Evening,Food,1,12.0,PayNow
T502529,2025-06-21 19:08,OUT-02,Evening,Coffee,1,6.56,Card
T504722,2025-06-21 19:09,OUT-04,Evening,Coffee,1,7.1,Cash
T502548,2025-06-21 19:15,OUT-02,Evening,Food,1,16.7,Card
T504728,2025-06-21 19:15,OUT-04,Evening,Food,1,13.28,Wallet
T502527,2025-06-21 19:19,OUT-02,Evening,Coffee,1,4.74,Card
T504723,2025-06-21 19:19,OUT-04,Evening,Food,1,17.28,Card
T503651,2025-06-21 19:20,OUT-03,Evening,Beans (retail),1,15.95,Cash
T502542,2025-06-21 19:21,OUT-02,Evening,Beans (retail),1,18.28,Wallet
T502530,2025-06-21 19:22,OUT-02,Evening,Food,1,13.02,Cash
T501406,2025-06-21 19:24,OUT-01,Evening,Food,1,15.28,Card
T502536,2025-06-21 19:29,OUT-02,Evening,Coffee,1,6.54,Wallet
T502555,2025-06-21 19:29,OUT-02,Evening,Beans (retail),1,20.29,PayNow
T504721,2025-06-21 19:29,OUT-04,Evening,Beans (retail),1,23.48,Card
T504732,2025-06-21 19:33,OUT-04,Evening,Food,1,15.95,PayNow
T502522,2025-06-21 19:36,OUT-02,Evening,Coffee,1,6.08,PayNow
T502559,2025-06-21 19:39,OUT-02,Evening,Tea,1,5.68,Cash
T504713,2025-06-21 19:40,OUT-04,Evening,Food,1,17.05,PayNow
T501404,2025-06-21 19:40,OUT-01,Evening,Tea,1,6.68,Wallet
T502537,2025-06-21 19:44,OUT-02,Evening,Beans (retail),1,21.78,Card
T502505,2025-06-21 19:47,OUT-02,Evening,Coffee,1,6.45,PayNow
T503645,2025-06-21 19:47,OUT-03,Evening,Tea,1,4.26,PayNow
T502502,2025-06-21 19:47,OUT-02,Evening,Tea,1,4.53,Card
T502532,2025-06-21 19:48,OUT-02,Evening,Pastry,1,5.84,PayNow
T501400,2025-06-21 19:50,OUT-01,Evening,Tea,1,5.62,Wallet
T504697,2025-06-21 19:53,OUT-04,Evening,Coffee,1,7.82,PayNow
T502497,2025-06-21 19:55,OUT-02,Evening,Food,1,10.78,Card
T502540,2025-06-21 19:57,OUT-02,Evening,Coffee,1,5.52,PayNow
T504693,2025-06-21 19:58,OUT-04,Evening,Tea,1,4.73,Card
T502563,2025-06-21 19:59,OUT-02,Evening,Coffee,1,6.49,PayNow
T502560,2025-06-21 20:00,OUT-02,Evening,Pastry,1,4.02,Card
T502518,2025-06-21 20:02,OUT-02,Evening,Tea,1,4.48,Cash
T502506,2025-06-21 20:03,OUT-02,Evening,Beans (retail),1,18.19,Card
T504705,2025-06-21 20:05,OUT-04,Evening,Coffee,1,8.42,PayNow
T504703,2025-06-21 20:06,OUT-04,Evening,Coffee,1,5.28,PayNow
T504726,2025-06-21 20:08,OUT-04,Evening,Tea,1,5.7,PayNow
T502554,2025-06-21 20:10,OUT-02,Evening,Coffee,1,5.85,PayNow
T501407,2025-06-21 20:13,OUT-01,Evening,Coffee,1,7.29,Card
T504702,2025-06-21 20:14,OUT-04,Evening,Pastry,1,5.33,PayNow
T502549,2025-06-21 20:25,OUT-02,Evening,Tea,1,5.6,PayNow
T504684,2025-06-21 20:26,OUT-04,Evening,Coffee,1,5.44,Card
T503646,2025-06-21 20:29,OUT-03,Evening,Food,1,7.98,Wallet
T501403,2025-06-21 20:32,OUT-01,Evening,Food,1,18.0,PayNow
T502541,2025-06-21 20:32,OUT-02,Evening,Coffee,1,5.47,Card
T502516,2025-06-21 20:32,OUT-02,Evening,Food,1,16.06,Card
T502517,2025-06-21 20:35,OUT-02,Evening,Food,1,9.3,Card
T504683,2025-06-21 20:37,OUT-04,Evening,Coffee,1,6.97,PayNow
T502557,2025-06-21 20:39,OUT-02,Evening,Coffee,1,4.34,PayNow
T504704,2025-06-21 20:39,OUT-04,Evening,Tea,1,6.3,PayNow
T504711,2025-06-21 20:40,OUT-04,Evening,Coffee,1,6.51,Cash
T503652,2025-06-21 20:46,OUT-03,Evening,Food,1,11.65,Wallet
T504724,2025-06-21 20:49,OUT-04,Evening,Food,1,14.9,PayNow
T502501,2025-06-21 20:50,OUT-02,Evening,Coffee,1,5.18,Card
T504737,2025-06-21 20:52,OUT-04,Evening,Tea,1,6.41,Card
T502524,2025-06-21 20:53,OUT-02,Evening,Coffee,1,6.65,PayNow
T504733,2025-06-21 20:55,OUT-04,Evening,Coffee,1,7.78,Card
T501435,2025-06-22 07:03,OUT-01,Morning,Coffee,1,8.55,PayNow
T502615,2025-06-22 07:07,OUT-02,Morning,Pastry,1,6.16,PayNow
T504761,2025-06-22 07:09,OUT-04,Morning,Coffee,1,6.61,PayNow
T503660,2025-06-22 07:11,OUT-03,Morning,Pastry,1,4.48,Card
T504751,2025-06-22 07:12,OUT-04,Morning,Tea,1,4.47,PayNow
T502566,2025-06-22 07:14,OUT-02,Morning,Beans (retail),1,25.26,PayNow
T501453,2025-06-22 07:14,OUT-01,Morning,Coffee,1,8.27,Wallet
T502625,2025-06-22 07:15,OUT-02,Morning,Coffee,1,7.79,PayNow
T502620,2025-06-22 07:19,OUT-02,Morning,Coffee,1,6.77,Card
T503662,2025-06-22 07:19,OUT-03,Morning,Pastry,1,6.05,Wallet
T504788,2025-06-22 07:19,OUT-04,Morning,Coffee,1,7.05,PayNow
T501410,2025-06-22 07:20,OUT-01,Morning,Pastry,1,6.34,PayNow
T504772,2025-06-22 07:21,OUT-04,Morning,Pastry,1,6.64,Wallet
T502570,2025-06-22 07:22,OUT-02,Morning,Coffee,1,7.41,PayNow
T504782,2025-06-22 07:22,OUT-04,Morning,Pastry,1,5.29,Card
T503658,2025-06-22 07:22,OUT-03,Morning,Coffee,1,5.94,PayNow
T502618,2025-06-22 07:25,OUT-02,Morning,Tea,1,4.53,PayNow
T503675,2025-06-22 07:25,OUT-03,Morning,Tea,1,5.04,Cash
T501417,2025-06-22 07:25,OUT-01,Morning,Beans (retail),1,23.38,PayNow
T504783,2025-06-22 07:27,OUT-04,Morning,Coffee,1,6.67,PayNow
T503688,2025-06-22 07:29,OUT-03,Morning,Food,1,12.13,Card
T501429,2025-06-22 07:29,OUT-01,Morning,Coffee,1,7.23,PayNow
T501426,2025-06-22 07:29,OUT-01,Morning,Coffee,1,8.2,Card
T501441,2025-06-22 07:30,OUT-01,Morning,Coffee,1,7.01,Card
T502619,2025-06-22 07:32,OUT-02,Morning,Coffee,1,5.57,Cash
T504785,2025-06-22 07:33,OUT-04,Morning,Tea,1,6.04,PayNow
T503686,2025-06-22 07:33,OUT-03,Morning,Pastry,1,5.17,Cash
T502612,2025-06-22 07:34,OUT-02,Morning,Coffee,1,6.45,PayNow
T503667,2025-06-22 07:36,OUT-03,Morning,Coffee,1,6.98,Cash
T504748,2025-06-22 07:43,OUT-04,Morning,Pastry,1,5.98,Wallet
T504786,2025-06-22 07:46,OUT-04,Morning,Coffee,1,7.37,Wallet
T504769,2025-06-22 07:47,OUT-04,Morning,Coffee,1,5.39,Card
T502600,2025-06-22 07:47,OUT-02,Morning,Coffee,1,4.38,Cash
T502616,2025-06-22 07:47,OUT-02,Morning,Coffee,1,5.97,Card
T502609,2025-06-22 07:48,OUT-02,Morning,Pastry,1,5.8,Cash
T502578,2025-06-22 07:49,OUT-02,Morning,Pastry,1,5.45,PayNow
T502580,2025-06-22 07:50,OUT-02,Morning,Food,1,17.26,PayNow
T504742,2025-06-22 07:50,OUT-04,Morning,Coffee,1,6.85,Cash
T502583,2025-06-22 07:51,OUT-02,Morning,Pastry,1,3.91,Wallet
T502614,2025-06-22 07:56,OUT-02,Morning,Coffee,1,6.7,PayNow
T503674,2025-06-22 07:56,OUT-03,Morning,Coffee,1,5.59,PayNow
T504800,2025-06-22 07:57,OUT-04,Morning,Pastry,1,6.17,PayNow
T504797,2025-06-22 07:59,OUT-04,Morning,Coffee,1,6.77,Card
T501424,2025-06-22 08:01,OUT-01,Morning,Pastry,1,4.78,Card
T504767,2025-06-22 08:03,OUT-04,Morning,Coffee,1,5.05,Card
T504753,2025-06-22 08:04,OUT-04,Morning,Food,1,13.51,Card
T502622,2025-06-22 08:05,OUT-02,Morning,Coffee,1,5.57,PayNow
T501428,2025-06-22 08:08,OUT-01,Morning,Pastry,1,6.83,Wallet
T501446,2025-06-22 08:08,OUT-01,Morning,Pastry,1,6.93,PayNow
T504755,2025-06-22 08:08,OUT-04,Morning,Coffee,1,6.51,Card
T504801,2025-06-22 08:11,OUT-04,Morning,Coffee,1,7.15,Cash
T502595,2025-06-22 08:11,OUT-02,Morning,Tea,1,4.5,PayNow
T501448,2025-06-22 08:11,OUT-01,Morning,Coffee,1,6.91,Card
T501418,2025-06-22 08:13,OUT-01,Morning,Tea,1,6.69,Cash
T504795,2025-06-22 08:14,OUT-04,Morning,Pastry,1,4.97,Card
T501434,2025-06-22 08:15,OUT-01,Morning,Coffee,1,4.5,PayNow
T503661,2025-06-22 08:15,OUT-03,Morning,Coffee,1,8.16,Cash
T501458,2025-06-22 08:15,OUT-01,Morning,Pastry,1,5.25,PayNow
T503687,2025-06-22 08:16,OUT-03,Morning,Tea,1,5.98,Card
T503684,2025-06-22 08:18,OUT-03,Morning,Pastry,1,4.21,PayNow
T503673,2025-06-22 08:19,OUT-03,Morning,Food,1,16.62,PayNow
T502584,2025-06-22 08:20,OUT-02,Morning,Coffee,1,7.4,Cash
T501422,2025-06-22 08:23,OUT-01,Morning,Pastry,1,5.92,Card
T504764,2025-06-22 08:23,OUT-04,Morning,Tea,1,4.38,PayNow
T501440,2025-06-22 08:27,OUT-01,Morning,Coffee,1,8.19,PayNow
T501409,2025-06-22 08:29,OUT-01,Morning,Pastry,1,2.68,Card
T503670,2025-06-22 08:30,OUT-03,Morning,Tea,1,5.92,Card
T502575,2025-06-22 08:31,OUT-02,Morning,Coffee,1,6.76,PayNow
T501457,2025-06-22 08:33,OUT-01,Morning,Pastry,1,3.62,Card
T503671,2025-06-22 08:34,OUT-03,Morning,Coffee,1,6.33,PayNow
T504780,2025-06-22 08:36,OUT-04,Morning,Food,1,13.51,Card
T504794,2025-06-22 08:37,OUT-04,Morning,Coffee,1,5.73,PayNow
T502590,2025-06-22 08:37,OUT-02,Morning,Pastry,1,5.21,PayNow
T504781,2025-06-22 08:40,OUT-04,Morning,Tea,1,5.42,Card
T501443,2025-06-22 08:40,OUT-01,Morning,Coffee,1,6.67,PayNow
T501459,2025-06-22 08:43,OUT-01,Morning,Pastry,1,4.97,Wallet
T502581,2025-06-22 08:43,OUT-02,Morning,Pastry,1,4.3,PayNow
T502586,2025-06-22 08:43,OUT-02,Morning,Pastry,1,4.29,PayNow
T501419,2025-06-22 08:44,OUT-01,Morning,Pastry,1,5.74,Card
T502599,2025-06-22 08:46,OUT-02,Morning,Coffee,1,6.01,Card
T502603,2025-06-22 08:47,OUT-02,Morning,Coffee,1,5.64,Card
T502607,2025-06-22 08:48,OUT-02,Morning,Food,1,17.37,Cash
T504762,2025-06-22 08:49,OUT-04,Morning,Coffee,1,7.87,Card
T504770,2025-06-22 08:51,OUT-04,Morning,Pastry,1,5.3,Cash
T502576,2025-06-22 08:52,OUT-02,Morning,Coffee,1,6.06,Cash
T504766,2025-06-22 08:54,OUT-04,Morning,Coffee,1,6.89,PayNow
T504774,2025-06-22 08:55,OUT-04,Morning,Tea,1,5.72,Card
T504802,2025-06-22 08:55,OUT-04,Morning,Pastry,1,3.87,PayNow
T503679,2025-06-22 08:58,OUT-03,Morning,Coffee,1,6.15,PayNow
T502611,2025-06-22 08:58,OUT-02,Morning,Pastry,1,6.17,Cash
T501447,2025-06-22 09:00,OUT-01,Morning,Coffee,1,6.14,PayNow
T503682,2025-06-22 09:00,OUT-03,Morning,Pastry,1,4.15,Cash
T501442,2025-06-22 09:01,OUT-01,Morning,Pastry,1,6.82,Wallet
T501416,2025-06-22 09:01,OUT-01,Morning,Tea,1,6.98,Card
T504773,2025-06-22 09:03,OUT-04,Morning,Coffee,1,5.55,Cash
T502569,2025-06-22 09:04,OUT-02,Morning,Coffee,1,7.15,Wallet
T503659,2025-06-22 09:04,OUT-03,Morning,Coffee,1,6.63,PayNow
T502624,2025-06-22 09:04,OUT-02,Morning,Coffee,1,6.76,PayNow
T502579,2025-06-22 09:04,OUT-02,Morning,Coffee,1,5.25,PayNow
T503677,2025-06-22 09:06,OUT-03,Morning,Food,1,15.38,Card
T504796,2025-06-22 09:07,OUT-04,Morning,Coffee,1,6.74,Card
T501454,2025-06-22 09:07,OUT-01,Morning,Coffee,1,6.95,Card
T504793,2025-06-22 09:09,OUT-04,Morning,Pastry,1,3.87,Card
T504789,2025-06-22 09:09,OUT-04,Morning,Coffee,1,7.79,Card
T504746,2025-06-22 09:11,OUT-04,Morning,Tea,1,5.76,Card
T504798,2025-06-22 09:12,OUT-04,Morning,Coffee,1,7.11,Card
T502573,2025-06-22 09:13,OUT-02,Morning,Coffee,1,6.24,PayNow
T504763,2025-06-22 09:13,OUT-04,Morning,Food,1,11.12,PayNow
T504743,2025-06-22 09:13,OUT-04,Morning,Coffee,1,7.05,PayNow
T502577,2025-06-22 09:14,OUT-02,Morning,Coffee,1,6.42,Card
T501421,2025-06-22 09:14,OUT-01,Morning,Coffee,1,8.83,PayNow
T501439,2025-06-22 09:14,OUT-01,Morning,Pastry,1,7.44,Wallet
T502601,2025-06-22 09:15,OUT-02,Morning,Pastry,1,5.76,Card
T503656,2025-06-22 09:17,OUT-03,Morning,Tea,1,5.47,Card
T502621,2025-06-22 09:18,OUT-02,Morning,Pastry,1,6.72,Wallet
T503672,2025-06-22 09:19,OUT-03,Morning,Coffee,1,6.79,Cash
T502626,2025-06-22 09:21,OUT-02,Morning,Coffee,1,6.16,Card
T501437,2025-06-22 09:21,OUT-01,Morning,Coffee,1,6.99,PayNow
T501438,2025-06-22 09:22,OUT-01,Morning,Tea,1,6.65,Card
T504777,2025-06-22 09:23,OUT-04,Morning,Beans (retail),1,26.09,PayNow
T501413,2025-06-22 09:24,OUT-01,Morning,Pastry,1,4.59,PayNow
T502565,2025-06-22 09:25,OUT-02,Morning,Coffee,1,7.04,Wallet
T503676,2025-06-22 09:26,OUT-03,Morning,Coffee,1,6.78,Wallet
T504778,2025-06-22 09:28,OUT-04,Morning,Pastry,1,5.32,PayNow
T502608,2025-06-22 09:28,OUT-02,Morning,Food,1,12.85,PayNow
T502567,2025-06-22 09:29,OUT-02,Morning,Coffee,1,6.12,Cash
T503657,2025-06-22 09:30,OUT-03,Morning,Coffee,1,4.38,PayNow
T501423,2025-06-22 09:31,OUT-01,Morning,Pastry,1,4.96,Card
T502606,2025-06-22 09:33,OUT-02,Morning,Coffee,1,6.89,PayNow
T504758,2025-06-22 09:33,OUT-04,Morning,Coffee,1,5.86,Card
T504757,2025-06-22 09:33,OUT-04,Morning,Coffee,1,7.44,Cash
T504754,2025-06-22 09:34,OUT-04,Morning,Coffee,1,7.04,PayNow
T501412,2025-06-22 09:34,OUT-01,Morning,Pastry,1,6.37,Card
T502598,2025-06-22 09:35,OUT-02,Morning,Coffee,1,6.73,PayNow
T503668,2025-06-22 09:37,OUT-03,Morning,Coffee,1,6.13,Card
T501427,2025-06-22 09:38,OUT-01,Morning,Pastry,1,5.09,Cash
T502593,2025-06-22 09:38,OUT-02,Morning,Pastry,1,6.74,PayNow
T502592,2025-06-22 09:38,OUT-02,Morning,Coffee,1,6.21,Wallet
T503678,2025-06-22 09:38,OUT-03,Morning,Coffee,1,6.39,PayNow
T504760,2025-06-22 09:39,OUT-04,Morning,Pastry,1,4.83,Cash
T502587,2025-06-22 09:39,OUT-02,Morning,Coffee,1,6.71,Card
T504745,2025-06-22 09:41,OUT-04,Morning,Food,1,16.84,Wallet
T503663,2025-06-22 09:41,OUT-03,Morning,Coffee,1,5.57,PayNow
T504804,2025-06-22 09:43,OUT-04,Morning,Pastry,1,5.1,Card
T504784,2025-06-22 09:43,OUT-04,Morning,Coffee,1,5.5,Cash
T502596,2025-06-22 09:45,OUT-02,Morning,Pastry,1,6.08,Wallet
T503685,2025-06-22 09:46,OUT-03,Morning,Coffee,1,5.79,Wallet
T504768,2025-06-22 09:46,OUT-04,Morning,Pastry,1,5.19,Card
T501451,2025-06-22 09:46,OUT-01,Morning,Coffee,1,5.39,PayNow
T501456,2025-06-22 09:46,OUT-01,Morning,Coffee,1,7.26,Card
T501445,2025-06-22 09:47,OUT-01,Morning,Pastry,1,6.64,PayNow
T502605,2025-06-22 09:48,OUT-02,Morning,Coffee,1,6.79,PayNow
T501431,2025-06-22 09:49,OUT-01,Morning,Tea,1,7.78,Card
T503689,2025-06-22 09:49,OUT-03,Morning,Pastry,1,4.28,Wallet
T504747,2025-06-22 09:51,OUT-04,Morning,Coffee,1,5.18,PayNow
T501432,2025-06-22 09:51,OUT-01,Morning,Pastry,1,5.89,PayNow
T503683,2025-06-22 09:51,OUT-03,Morning,Coffee,1,6.91,Card
T503680,2025-06-22 09:53,OUT-03,Morning,Coffee,1,5.96,PayNow
T502589,2025-06-22 09:53,OUT-02,Morning,Pastry,1,4.69,Card
T503665,2025-06-22 09:55,OUT-03,Morning,Pastry,1,4.04,Cash
T501414,2025-06-22 09:57,OUT-01,Morning,Coffee,1,7.29,Card
T502574,2025-06-22 10:01,OUT-02,Morning,Coffee,1,6.44,Card
T504750,2025-06-22 10:01,OUT-04,Morning,Coffee,1,5.59,PayNow
T504779,2025-06-22 10:01,OUT-04,Morning,Coffee,1,6.86,Wallet
T501436,2025-06-22 10:02,OUT-01,Morning,Coffee,1,9.29,PayNow
T504791,2025-06-22 10:05,OUT-04,Morning,Coffee,1,6.5,Card
T502568,2025-06-22 10:08,OUT-02,Morning,Coffee,1,5.09,PayNow
T501430,2025-06-22 10:10,OUT-01,Morning,Coffee,1,8.2,Card
T503681,2025-06-22 10:10,OUT-03,Morning,Coffee,1,6.5,Card
T504776,2025-06-22 10:12,OUT-04,Morning,Pastry,1,5.37,PayNow
T501450,2025-06-22 10:12,OUT-01,Morning,Pastry,1,5.05,Cash
T503669,2025-06-22 10:13,OUT-03,Morning,Tea,1,4.36,PayNow
T501444,2025-06-22 10:17,OUT-01,Morning,Coffee,1,8.26,PayNow
T504803,2025-06-22 10:18,OUT-04,Morning,Coffee,1,5.83,Cash
T502564,2025-06-22 10:18,OUT-02,Morning,Pastry,1,7.34,Card
T502604,2025-06-22 10:19,OUT-02,Morning,Coffee,1,7.17,PayNow
T504765,2025-06-22 10:21,OUT-04,Morning,Coffee,1,6.91,PayNow
T501449,2025-06-22 10:22,OUT-01,Morning,Coffee,1,7.62,Card
T504752,2025-06-22 10:23,OUT-04,Morning,Food,1,11.99,Cash
T501433,2025-06-22 10:24,OUT-01,Morning,Coffee,1,5.83,PayNow
T504744,2025-06-22 10:25,OUT-04,Morning,Pastry,1,5.0,PayNow
T504775,2025-06-22 10:25,OUT-04,Morning,Pastry,1,5.4,Wallet
T502582,2025-06-22 10:27,OUT-02,Morning,Coffee,1,4.74,Wallet
T504756,2025-06-22 10:29,OUT-04,Morning,Coffee,1,7.35,PayNow
T502602,2025-06-22 10:32,OUT-02,Morning,Coffee,1,6.64,Card
T501455,2025-06-22 10:32,OUT-01,Morning,Tea,1,6.77,Card
T504759,2025-06-22 10:35,OUT-04,Morning,Pastry,1,5.61,Card
T501415,2025-06-22 10:36,OUT-01,Morning,Coffee,1,5.23,Card
T502613,2025-06-22 10:36,OUT-02,Morning,Pastry,1,4.72,PayNow
T502585,2025-06-22 10:38,OUT-02,Morning,Coffee,1,5.62,PayNow
T502617,2025-06-22 10:39,OUT-02,Morning,Coffee,1,6.43,Cash
T503655,2025-06-22 10:39,OUT-03,Morning,Food,1,19.08,Card
T502597,2025-06-22 10:39,OUT-02,Morning,Coffee,1,6.51,Card
T502588,2025-06-22 10:40,OUT-02,Morning,Pastry,1,5.28,Card
T502591,2025-06-22 10:40,OUT-02,Morning,Coffee,1,6.25,Card
T502572,2025-06-22 10:40,OUT-02,Morning,Coffee,1,6.83,Card
T504790,2025-06-22 10:41,OUT-04,Morning,Coffee,1,6.99,Card
T503666,2025-06-22 10:41,OUT-03,Morning,Pastry,1,4.59,PayNow
T504787,2025-06-22 10:42,OUT-04,Morning,Pastry,1,5.52,PayNow
T504771,2025-06-22 10:44,OUT-04,Morning,Coffee,1,6.79,PayNow
T504792,2025-06-22 10:44,OUT-04,Morning,Coffee,1,7.8,Cash
T504799,2025-06-22 10:44,OUT-04,Morning,Pastry,1,5.26,Card
T502594,2025-06-22 10:48,OUT-02,Morning,Coffee,1,7.19,Card
T501411,2025-06-22 10:52,OUT-01,Morning,Coffee,1,8.41,Card
T502610,2025-06-22 10:53,OUT-02,Morning,Pastry,1,5.2,Card
T501425,2025-06-22 10:53,OUT-01,Morning,Coffee,1,5.25,Wallet
T502623,2025-06-22 10:54,OUT-02,Morning,Tea,1,7.1,Wallet
T502571,2025-06-22 10:54,OUT-02,Morning,Coffee,1,5.09,PayNow
T503664,2025-06-22 10:55,OUT-03,Morning,Pastry,1,4.54,PayNow
T501452,2025-06-22 10:56,OUT-01,Morning,Coffee,1,5.67,PayNow
T501420,2025-06-22 10:57,OUT-01,Morning,Tea,1,5.11,PayNow
T504749,2025-06-22 10:58,OUT-04,Morning,Coffee,1,8.13,Wallet
T504837,2025-06-22 11:01,OUT-04,Midday,Food,1,18.54,Card
T501460,2025-06-22 11:03,OUT-01,Midday,Tea,1,6.14,Card
T502677,2025-06-22 11:04,OUT-02,Midday,Coffee,1,6.19,PayNow
T502650,2025-06-22 11:08,OUT-02,Midday,Food,1,16.48,PayNow
T502662,2025-06-22 11:09,OUT-02,Midday,Food,1,17.11,Wallet
T504823,2025-06-22 11:11,OUT-04,Midday,Food,1,19.26,PayNow
T501475,2025-06-22 11:11,OUT-01,Midday,Food,1,15.78,Card
T501473,2025-06-22 11:12,OUT-01,Midday,Coffee,1,6.97,Card
T503701,2025-06-22 11:13,OUT-03,Midday,Beans (retail),1,22.93,Card
T504822,2025-06-22 11:14,OUT-04,Midday,Coffee,1,6.62,Card
T503705,2025-06-22 11:22,OUT-03,Midday,Pastry,1,4.77,PayNow
T502687,2025-06-22 11:25,OUT-02,Midday,Pastry,1,4.72,PayNow
T504827,2025-06-22 11:25,OUT-04,Midday,Pastry,1,3.47,Card
T502629,2025-06-22 11:28,OUT-02,Midday,Food,1,16.85,Cash
T501464,2025-06-22 11:28,OUT-01,Midday,Coffee,1,6.1,PayNow
T502632,2025-06-22 11:34,OUT-02,Midday,Coffee,1,6.46,Card
T502636,2025-06-22 11:34,OUT-02,Midday,Coffee,1,5.47,Card
T503708,2025-06-22 11:34,OUT-03,Midday,Food,1,16.96,Wallet
T504853,2025-06-22 11:34,OUT-04,Midday,Coffee,1,8.03,Wallet
T502638,2025-06-22 11:35,OUT-02,Midday,Tea,1,5.61,Wallet
T504811,2025-06-22 11:35,OUT-04,Midday,Tea,1,5.63,Card
T504838,2025-06-22 11:37,OUT-04,Midday,Coffee,1,6.07,PayNow
T501462,2025-06-22 11:39,OUT-01,Midday,Tea,1,4.66,Wallet
T502653,2025-06-22 11:40,OUT-02,Midday,Coffee,1,7.3,PayNow
T504818,2025-06-22 11:45,OUT-04,Midday,Food,1,14.04,Card
T504854,2025-06-22 11:45,OUT-04,Midday,Coffee,1,6.58,Card
T503706,2025-06-22 11:50,OUT-03,Midday,Coffee,1,6.21,Wallet
T504845,2025-06-22 11:50,OUT-04,Midday,Pastry,1,5.68,Card
T503697,2025-06-22 11:51,OUT-03,Midday,Coffee,1,6.28,Card
T502633,2025-06-22 11:52,OUT-02,Midday,Food,1,15.52,Wallet
T502692,2025-06-22 11:53,OUT-02,Midday,Coffee,1,6.09,Card
T503694,2025-06-22 11:53,OUT-03,Midday,Pastry,1,5.61,PayNow
T501463,2025-06-22 11:55,OUT-01,Midday,Coffee,1,6.69,PayNow
T502690,2025-06-22 11:55,OUT-02,Midday,Coffee,1,6.42,PayNow
T504810,2025-06-22 11:56,OUT-04,Midday,Food,1,15.62,PayNow
T501469,2025-06-22 11:56,OUT-01,Midday,Food,1,11.65,PayNow
T502676,2025-06-22 11:58,OUT-02,Midday,Coffee,1,5.76,Wallet
T503696,2025-06-22 12:02,OUT-03,Midday,Tea,1,5.56,Card
T502675,2025-06-22 12:04,OUT-02,Midday,Pastry,1,5.84,Cash
T503695,2025-06-22 12:04,OUT-03,Midday,Tea,1,5.25,Wallet
T502647,2025-06-22 12:05,OUT-02,Midday,Coffee,1,5.05,PayNow
T504821,2025-06-22 12:06,OUT-04,Midday,Food,1,11.98,Card
T502680,2025-06-22 12:07,OUT-02,Midday,Coffee,1,7.4,Card
T501480,2025-06-22 12:08,OUT-01,Midday,Coffee,1,6.86,PayNow
T501466,2025-06-22 12:10,OUT-01,Midday,Food,1,16.84,Card
T502654,2025-06-22 12:11,OUT-02,Midday,Food,1,19.12,PayNow
T504835,2025-06-22 12:12,OUT-04,Midday,Tea,1,7.19,PayNow
T502663,2025-06-22 12:13,OUT-02,Midday,Food,1,14.54,Card
T502691,2025-06-22 12:13,OUT-02,Midday,Beans (retail),1,27.48,Card
T502666,2025-06-22 12:16,OUT-02,Midday,Food,1,20.54,PayNow
T503702,2025-06-22 12:17,OUT-03,Midday,Food,1,11.88,Card
T504831,2025-06-22 12:19,OUT-04,Midday,Food,1,15.38,PayNow
T502684,2025-06-22 12:19,OUT-02,Midday,Food,1,13.28,PayNow
T504850,2025-06-22 12:28,OUT-04,Midday,Food,1,13.12,Card
T504825,2025-06-22 12:28,OUT-04,Midday,Coffee,1,6.43,Card
T504806,2025-06-22 12:30,OUT-04,Midday,Food,1,16.93,Card
T502640,2025-06-22 12:30,OUT-02,Midday,Food,1,14.55,PayNow
T504830,2025-06-22 12:31,OUT-04,Midday,Food,1,13.06,PayNow
T501474,2025-06-22 12:39,OUT-01,Midday,Food,1,9.31,Card
T504851,2025-06-22 12:40,OUT-04,Midday,Coffee,1,3.82,PayNow
T502669,2025-06-22 12:41,OUT-02,Midday,Food,1,14.12,PayNow
T504805,2025-06-22 12:43,OUT-04,Midday,Food,1,18.71,Cash
T504808,2025-06-22 12:46,OUT-04,Midday,Food,1,12.33,Card
T504812,2025-06-22 12:46,OUT-04,Midday,Food,1,11.96,Card
T501467,2025-06-22 12:47,OUT-01,Midday,Coffee,1,6.14,Card
T502628,2025-06-22 12:51,OUT-02,Midday,Coffee,1,5.98,Cash
T504848,2025-06-22 12:52,OUT-04,Midday,Pastry,1,4.71,Card
T502641,2025-06-22 12:52,OUT-02,Midday,Food,1,14.67,Card
T504815,2025-06-22 12:52,OUT-04,Midday,Coffee,1,6.85,Card
T502685,2025-06-22 12:52,OUT-02,Midday,Food,1,15.72,PayNow
T502656,2025-06-22 12:54,OUT-02,Midday,Coffee,1,6.94,Cash
T501468,2025-06-22 12:54,OUT-01,Midday,Tea,1,6.73,Wallet
T504807,2025-06-22 12:55,OUT-04,Midday,Pastry,1,4.95,Card
T503700,2025-06-22 12:57,OUT-03,Midday,Food,1,14.42,Card
T502655,2025-06-22 12:59,OUT-02,Midday,Coffee,1,5.37,Cash
T502639,2025-06-22 13:02,OUT-02,Midday,Food,1,17.75,Card
T502671,2025-06-22 13:04,OUT-02,Midday,Food,1,11.68,PayNow
T504846,2025-06-22 13:08,OUT-04,Midday,Food,1,13.2,Card
T502648,2025-06-22 13:09,OUT-02,Midday,Tea,1,7.09,PayNow
T502627,2025-06-22 13:09,OUT-02,Midday,Food,1,11.53,PayNow
T502683,2025-06-22 13:10,OUT-02,Midday,Food,1,11.91,PayNow
T502667,2025-06-22 13:10,OUT-02,Midday,Coffee,1,6.0,PayNow
T502674,2025-06-22 13:11,OUT-02,Midday,Coffee,1,5.58,Cash
T502658,2025-06-22 13:12,OUT-02,Midday,Food,1,16.61,PayNow
T502678,2025-06-22 13:13,OUT-02,Midday,Food,1,17.94,Card
T504824,2025-06-22 13:16,OUT-04,Midday,Tea,1,6.57,PayNow
T504841,2025-06-22 13:16,OUT-04,Midday,Coffee,1,7.28,PayNow
T501478,2025-06-22 13:17,OUT-01,Midday,Coffee,1,5.01,Card
T504819,2025-06-22 13:19,OUT-04,Midday,Coffee,1,8.25,PayNow
T503699,2025-06-22 13:22,OUT-03,Midday,Food,1,16.85,PayNow
T501481,2025-06-22 13:25,OUT-01,Midday,Food,1,13.92,Card
T502631,2025-06-22 13:25,OUT-02,Midday,Coffee,1,8.22,PayNow
T502657,2025-06-22 13:26,OUT-02,Midday,Food,1,13.75,Card
T503698,2025-06-22 13:27,OUT-03,Midday,Coffee,1,4.91,PayNow
T502681,2025-06-22 13:28,OUT-02,Midday,Food,1,17.22,PayNow
T503704,2025-06-22 13:30,OUT-03,Midday,Food,1,15.0,PayNow
T502686,2025-06-22 13:34,OUT-02,Midday,Coffee,1,7.04,Wallet
T504826,2025-06-22 13:35,OUT-04,Midday,Food,1,15.06,Card
T502693,2025-06-22 13:38,OUT-02,Midday,Beans (retail),1,28.97,PayNow
T502643,2025-06-22 13:40,OUT-02,Midday,Coffee,1,6.61,PayNow
T502672,2025-06-22 13:42,OUT-02,Midday,Tea,1,5.07,PayNow
T502637,2025-06-22 13:42,OUT-02,Midday,Coffee,1,6.46,PayNow
T502673,2025-06-22 13:43,OUT-02,Midday,Food,1,13.3,PayNow
T502646,2025-06-22 13:45,OUT-02,Midday,Food,1,15.75,Cash
T502679,2025-06-22 13:47,OUT-02,Midday,Food,1,12.11,Card
T502661,2025-06-22 13:47,OUT-02,Midday,Pastry,1,6.93,PayNow
T503690,2025-06-22 13:51,OUT-03,Midday,Food,1,10.89,Wallet
T502649,2025-06-22 13:54,OUT-02,Midday,Pastry,1,6.93,Card
T503707,2025-06-22 13:56,OUT-03,Midday,Coffee,1,6.37,Wallet
T504813,2025-06-22 13:56,OUT-04,Midday,Coffee,1,7.27,Card
T502670,2025-06-22 13:57,OUT-02,Midday,Food,1,14.01,PayNow
T504840,2025-06-22 13:59,OUT-04,Midday,Coffee,1,6.4,PayNow
T504855,2025-06-22 13:59,OUT-04,Midday,Coffee,1,7.85,Cash
T502664,2025-06-22 13:59,OUT-02,Midday,Coffee,1,8.25,PayNow
T503693,2025-06-22 14:00,OUT-03,Midday,Food,1,13.91,Card
T502635,2025-06-22 14:02,OUT-02,Midday,Food,1,10.72,Cash
T501470,2025-06-22 14:03,OUT-01,Midday,Tea,1,6.01,Wallet
T503692,2025-06-22 14:04,OUT-03,Midday,Tea,1,5.7,Cash
T502660,2025-06-22 14:06,OUT-02,Midday,Tea,1,5.74,PayNow
T504836,2025-06-22 14:07,OUT-04,Midday,Food,1,15.06,PayNow
T504842,2025-06-22 14:09,OUT-04,Midday,Food,1,20.09,PayNow
T504816,2025-06-22 14:09,OUT-04,Midday,Tea,1,5.34,Card
T501472,2025-06-22 14:09,OUT-01,Midday,Coffee,1,7.12,Wallet
T501476,2025-06-22 14:10,OUT-01,Midday,Food,1,13.2,Card
T501477,2025-06-22 14:10,OUT-01,Midday,Pastry,1,5.66,PayNow
T501461,2025-06-22 14:10,OUT-01,Midday,Food,1,17.78,PayNow
T502688,2025-06-22 14:11,OUT-02,Midday,Coffee,1,6.3,PayNow
T502665,2025-06-22 14:12,OUT-02,Midday,Coffee,1,5.79,PayNow
T504817,2025-06-22 14:14,OUT-04,Midday,Food,2,22.48,Card
T502634,2025-06-22 14:14,OUT-02,Midday,Pastry,1,4.23,PayNow
T502645,2025-06-22 14:15,OUT-02,Midday,Coffee,1,7.18,Card
T502644,2025-06-22 14:16,OUT-02,Midday,Tea,1,6.15,PayNow
T504832,2025-06-22 14:19,OUT-04,Midday,Coffee,1,7.7,Wallet
T504843,2025-06-22 14:20,OUT-04,Midday,Pastry,1,5.32,PayNow
T504829,2025-06-22 14:24,OUT-04,Midday,Coffee,1,7.89,Wallet
T501479,2025-06-22 14:26,OUT-01,Midday,Food,1,18.8,Card
T502682,2025-06-22 14:27,OUT-02,Midday,Coffee,1,5.05,Card
T504839,2025-06-22 14:28,OUT-04,Midday,Coffee,1,5.77,Card
T502659,2025-06-22 14:28,OUT-02,Midday,Food,1,16.0,PayNow
T503691,2025-06-22 14:29,OUT-03,Midday,Food,1,18.26,Card
T504834,2025-06-22 14:30,OUT-04,Midday,Food,1,14.9,Cash
T504814,2025-06-22 14:30,OUT-04,Midday,Food,1,14.89,Card
T504820,2025-06-22 14:30,OUT-04,Midday,Food,1,14.33,PayNow
T502630,2025-06-22 14:35,OUT-02,Midday,Food,1,15.27,PayNow
T504852,2025-06-22 14:36,OUT-04,Midday,Food,1,17.7,Card
T501482,2025-06-22 14:39,OUT-01,Midday,Food,1,10.58,PayNow
T502668,2025-06-22 14:41,OUT-02,Midday,Food,1,17.98,Wallet
T503703,2025-06-22 14:42,OUT-03,Midday,Food,1,15.81,Card
T502642,2025-06-22 14:43,OUT-02,Midday,Coffee,1,6.9,Card
T504828,2025-06-22 14:43,OUT-04,Midday,Food,1,12.71,PayNow
T501465,2025-06-22 14:45,OUT-01,Midday,Food,1,11.75,Card
T504833,2025-06-22 14:45,OUT-04,Midday,Coffee,1,7.73,Card
T501471,2025-06-22 14:46,OUT-01,Midday,Tea,1,6.0,Card
T502652,2025-06-22 14:50,OUT-02,Midday,Food,1,13.02,Card
T504809,2025-06-22 14:50,OUT-04,Midday,Pastry,1,7.18,PayNow
T504847,2025-06-22 14:51,OUT-04,Midday,Food,1,15.21,Card
T502689,2025-06-22 14:55,OUT-02,Midday,Food,1,12.44,Cash
T502651,2025-06-22 14:56,OUT-02,Midday,Coffee,1,7.07,Card
T504844,2025-06-22 14:56,OUT-04,Midday,Coffee,1,8.97,Wallet
T504849,2025-06-22 14:59,OUT-04,Midday,Food,1,12.95,Card
T504902,2025-06-22 15:03,OUT-04,Evening,Tea,1,4.19,Cash
T502705,2025-06-22 15:03,OUT-02,Evening,Food,1,15.29,Cash
T503710,2025-06-22 15:03,OUT-03,Evening,Coffee,1,5.91,Card
T502729,2025-06-22 15:08,OUT-02,Evening,Food,1,11.74,Cash
T503717,2025-06-22 15:10,OUT-03,Evening,Food,1,17.9,PayNow
T501486,2025-06-22 15:11,OUT-01,Evening,Coffee,1,6.79,PayNow
T502713,2025-06-22 15:15,OUT-02,Evening,Food,1,11.33,Card
T504858,2025-06-22 15:18,OUT-04,Evening,Food,1,15.92,Card
T502737,2025-06-22 15:20,OUT-02,Evening,Coffee,1,6.63,PayNow
T502723,2025-06-22 15:22,OUT-02,Evening,Beans (retail),1,20.82,PayNow
T502732,2025-06-22 15:23,OUT-02,Evening,Tea,1,5.78,PayNow
T504881,2025-06-22 15:23,OUT-04,Evening,Food,1,13.53,PayNow
T504909,2025-06-22 15:26,OUT-04,Evening,Food,1,19.34,PayNow
T502728,2025-06-22 15:27,OUT-02,Evening,Tea,1,4.74,PayNow
T504874,2025-06-22 15:29,OUT-04,Evening,Food,1,13.83,PayNow
T502716,2025-06-22 15:32,OUT-02,Evening,Food,1,8.57,Wallet
T504878,2025-06-22 15:33,OUT-04,Evening,Coffee,1,8.13,Card
T502715,2025-06-22 15:37,OUT-02,Evening,Coffee,1,6.14,PayNow
T502734,2025-06-22 15:43,OUT-02,Evening,Coffee,1,8.35,Card
T502703,2025-06-22 15:46,OUT-02,Evening,Food,1,13.25,Card
T504905,2025-06-22 15:54,OUT-04,Evening,Food,1,8.91,Card
T502718,2025-06-22 15:57,OUT-02,Evening,Coffee,1,6.81,Card
T502710,2025-06-22 16:00,OUT-02,Evening,Food,1,15.66,Cash
T502706,2025-06-22 16:01,OUT-02,Evening,Pastry,1,4.84,Card
T501489,2025-06-22 16:02,OUT-01,Evening,Food,1,14.79,Wallet
T504883,2025-06-22 16:04,OUT-04,Evening,Pastry,1,5.01,Card
T504887,2025-06-22 16:05,OUT-04,Evening,Coffee,1,7.45,PayNow
T501485,2025-06-22 16:08,OUT-01,Evening,Pastry,1,3.49,Wallet
T504865,2025-06-22 16:11,OUT-04,Evening,Coffee,1,6.19,Card
T502697,2025-06-22 16:15,OUT-02,Evening,Pastry,1,4.39,PayNow
T502707,2025-06-22 16:19,OUT-02,Evening,Coffee,1,5.61,Card
T504904,2025-06-22 16:20,OUT-04,Evening,Beans (retail),1,25.27,Cash
T504898,2025-06-22 16:24,OUT-04,Evening,Tea,1,6.9,PayNow
T502695,2025-06-22 16:24,OUT-02,Evening,Coffee,1,5.58,PayNow
T504863,2025-06-22 16:25,OUT-04,Evening,Coffee,1,7.05,Card
T504906,2025-06-22 16:26,OUT-04,Evening,Food,1,14.53,PayNow
T503713,2025-06-22 16:31,OUT-03,Evening,Coffee,1,5.99,Card
T504856,2025-06-22 16:37,OUT-04,Evening,Coffee,1,5.38,Card
T504913,2025-06-22 16:38,OUT-04,Evening,Food,1,18.31,Card
T504907,2025-06-22 16:38,OUT-04,Evening,Pastry,1,5.13,Wallet
T502704,2025-06-22 16:45,OUT-02,Evening,Coffee,1,5.77,PayNow
T504867,2025-06-22 16:51,OUT-04,Evening,Food,1,11.08,Card
T504875,2025-06-22 16:53,OUT-04,Evening,Coffee,1,8.34,PayNow
T504872,2025-06-22 16:59,OUT-04,Evening,Coffee,1,7.82,Wallet
T502741,2025-06-22 17:00,OUT-02,Evening,Coffee,1,6.88,PayNow
T502730,2025-06-22 17:00,OUT-02,Evening,Pastry,1,5.08,Card
T501483,2025-06-22 17:02,OUT-01,Evening,Food,1,19.45,PayNow
T504893,2025-06-22 17:05,OUT-04,Evening,Coffee,1,3.77,Card
T504889,2025-06-22 17:06,OUT-04,Evening,Coffee,1,7.75,PayNow
T504910,2025-06-22 17:08,OUT-04,Evening,Food,1,17.13,PayNow
T504914,2025-06-22 17:11,OUT-04,Evening,Coffee,1,8.08,PayNow
T504900,2025-06-22 17:16,OUT-04,Evening,Coffee,1,6.12,Wallet
T504916,2025-06-22 17:17,OUT-04,Evening,Tea,1,4.14,Wallet
T503712,2025-06-22 17:17,OUT-03,Evening,Pastry,1,4.5,Wallet
T502709,2025-06-22 17:23,OUT-02,Evening,Coffee,1,5.99,Cash
T504864,2025-06-22 17:30,OUT-04,Evening,Food,1,15.81,Card
T502702,2025-06-22 17:30,OUT-02,Evening,Coffee,1,6.73,Cash
T504877,2025-06-22 17:31,OUT-04,Evening,Coffee,1,5.96,Wallet
T504890,2025-06-22 17:34,OUT-04,Evening,Coffee,1,8.08,PayNow
T504868,2025-06-22 17:34,OUT-04,Evening,Tea,1,6.02,Card
T502698,2025-06-22 17:35,OUT-02,Evening,Pastry,1,4.08,PayNow
T504871,2025-06-22 17:36,OUT-04,Evening,Pastry,1,4.66,Wallet
T504870,2025-06-22 17:39,OUT-04,Evening,Pastry,1,6.96,Card
T504903,2025-06-22 17:39,OUT-04,Evening,Coffee,1,7.64,PayNow
T502726,2025-06-22 17:40,OUT-02,Evening,Tea,1,4.91,Card
T504866,2025-06-22 17:40,OUT-04,Evening,Tea,1,5.64,Card
T504860,2025-06-22 17:45,OUT-04,Evening,Food,1,12.63,Card
T501491,2025-06-22 17:47,OUT-01,Evening,Coffee,1,5.93,Card
T504891,2025-06-22 17:47,OUT-04,Evening,Tea,1,6.94,Card
T501487,2025-06-22 17:52,OUT-01,Evening,Tea,1,5.16,Card
T504897,2025-06-22 17:55,OUT-04,Evening,Coffee,1,6.74,Card
T502712,2025-06-22 17:55,OUT-02,Evening,Beans (retail),1,18.81,Card
T504861,2025-06-22 18:01,OUT-04,Evening,Food,1,10.05,Card
T501490,2025-06-22 18:01,OUT-01,Evening,Tea,1,6.43,PayNow
T504915,2025-06-22 18:03,OUT-04,Evening,Coffee,1,5.69,PayNow
T502720,2025-06-22 18:06,OUT-02,Evening,Coffee,1,6.0,Cash
T502717,2025-06-22 18:10,OUT-02,Evening,Pastry,1,4.73,PayNow
T502731,2025-06-22 18:11,OUT-02,Evening,Coffee,1,7.42,PayNow
T502727,2025-06-22 18:15,OUT-02,Evening,Food,1,11.88,Cash
T502735,2025-06-22 18:28,OUT-02,Evening,Tea,1,5.24,Wallet
T504876,2025-06-22 18:34,OUT-04,Evening,Food,1,18.27,PayNow
T504862,2025-06-22 18:36,OUT-04,Evening,Pastry,1,4.98,Card
T504901,2025-06-22 18:36,OUT-04,Evening,Coffee,1,6.59,PayNow
T502714,2025-06-22 18:39,OUT-02,Evening,Pastry,1,4.78,Card
T502722,2025-06-22 18:42,OUT-02,Evening,Tea,1,4.53,Card
T503714,2025-06-22 18:45,OUT-03,Evening,Tea,1,7.12,Card
T504908,2025-06-22 18:57,OUT-04,Evening,Food,1,15.61,Card
T503716,2025-06-22 18:58,OUT-03,Evening,Beans (retail),1,21.15,Wallet
T504880,2025-06-22 19:01,OUT-04,Evening,Coffee,1,7.41,PayNow
T504911,2025-06-22 19:07,OUT-04,Evening,Coffee,1,7.51,Card
T502736,2025-06-22 19:11,OUT-02,Evening,Food,1,12.57,Cash
T502725,2025-06-22 19:16,OUT-02,Evening,Beans (retail),1,24.8,PayNow
T504896,2025-06-22 19:17,OUT-04,Evening,Pastry,1,5.24,Wallet
T504899,2025-06-22 19:19,OUT-04,Evening,Food,1,12.75,PayNow
T504859,2025-06-22 19:23,OUT-04,Evening,Beans (retail),1,24.02,PayNow
T502719,2025-06-22 19:25,OUT-02,Evening,Pastry,1,5.96,PayNow
T504912,2025-06-22 19:28,OUT-04,Evening,Coffee,1,6.37,PayNow
T502739,2025-06-22 19:29,OUT-02,Evening,Pastry,1,4.08,PayNow
T504879,2025-06-22 19:36,OUT-04,Evening,Coffee,1,6.49,Wallet
T502711,2025-06-22 19:36,OUT-02,Evening,Food,1,15.47,Card
T501484,2025-06-22 19:51,OUT-01,Evening,Tea,1,6.08,Card
T504882,2025-06-22 19:52,OUT-04,Evening,Beans (retail),1,19.73,PayNow
T503709,2025-06-22 19:57,OUT-03,Evening,Coffee,1,6.42,Cash
T502708,2025-06-22 19:58,OUT-02,Evening,Coffee,1,5.7,PayNow
T504886,2025-06-22 19:58,OUT-04,Evening,Food,1,15.05,PayNow
T504895,2025-06-22 19:59,OUT-04,Evening,Food,1,14.73,Card
T502700,2025-06-22 20:09,OUT-02,Evening,Beans (retail),1,27.03,Card
T502694,2025-06-22 20:11,OUT-02,Evening,Food,1,12.58,PayNow
T502721,2025-06-22 20:11,OUT-02,Evening,Food,1,16.77,Card
T504888,2025-06-22 20:12,OUT-04,Evening,Coffee,1,8.44,Card
T504873,2025-06-22 20:12,OUT-04,Evening,Coffee,1,7.09,Card
T504857,2025-06-22 20:17,OUT-04,Evening,Pastry,1,4.89,PayNow
T502740,2025-06-22 20:17,OUT-02,Evening,Food,1,14.59,Card
T503711,2025-06-22 20:17,OUT-03,Evening,Tea,1,7.22,Card
T504884,2025-06-22 20:20,OUT-04,Evening,Coffee,1,7.83,Wallet
T504892,2025-06-22 20:24,OUT-04,Evening,Food,1,14.18,Card
T502738,2025-06-22 20:26,OUT-02,Evening,Coffee,1,5.92,Card
T502733,2025-06-22 20:39,OUT-02,Evening,Food,1,16.45,PayNow
T503715,2025-06-22 20:40,OUT-03,Evening,Coffee,1,7.54,Card
T504894,2025-06-22 20:40,OUT-04,Evening,Pastry,1,5.98,Wallet
T504885,2025-06-22 20:42,OUT-04,Evening,Food,1,14.57,Cash
T501488,2025-06-22 20:43,OUT-01,Evening,Food,1,16.56,Card
T502696,2025-06-22 20:48,OUT-02,Evening,Food,1,13.2,PayNow
T502701,2025-06-22 20:49,OUT-02,Evening,Tea,1,5.63,Card
T502724,2025-06-22 20:51,OUT-02,Evening,Food,1,12.81,Cash
T502699,2025-06-22 20:55,OUT-02,Evening,Pastry,1,4.33,PayNow
T504869,2025-06-22 20:57,OUT-04,Evening,Coffee,1,5.18,PayNow
